{
  "type": "FeatureCollection",
  "features": [
    {
      "type": "Feature",
      "properties": {
        "id": "avala-kosmaj-twin-peaks",
        "kind": "osrm-walk"
      },
      "geometry": {
        "type": "LineString",
        "coordinates": [
          [
            20.514498,
            44.688671
          ],
          [
            20.514495,
            44.688757
          ],
          [
            20.514467,
            44.688863
          ],
          [
            20.51441,
            44.688973
          ],
          [
            20.514368,
            44.689023
          ],
          [
            20.514322,
            44.689066
          ],
          [
            20.514199,
            44.689149
          ],
          [
            20.513931,
            44.689272
          ],
          [
            20.513238,
            44.689476
          ],
          [
            20.512783,
            44.689629
          ],
          [
            20.512431,
            44.689781
          ],
          [
            20.512251,
            44.689906
          ],
          [
            20.512131,
            44.689989
          ],
          [
            20.512073,
            44.690061
          ],
          [
            20.51202,
            44.690155
          ],
          [
            20.511985,
            44.690305
          ],
          [
            20.511967,
            44.690463
          ],
          [
            20.511987,
            44.690617
          ],
          [
            20.512071,
            44.690764
          ],
          [
            20.512285,
            44.691038
          ],
          [
            20.512629,
            44.691313
          ],
          [
            20.512931,
            44.691503
          ],
          [
            20.513083,
            44.691583
          ],
          [
            20.513262,
            44.691655
          ],
          [
            20.513413,
            44.691699
          ],
          [
            20.513538,
            44.691746
          ],
          [
            20.513657,
            44.691814
          ],
          [
            20.513812,
            44.691922
          ],
          [
            20.51386,
            44.691986
          ],
          [
            20.513881,
            44.692047
          ],
          [
            20.513871,
            44.692094
          ],
          [
            20.513828,
            44.692135
          ],
          [
            20.513789,
            44.692173
          ],
          [
            20.513696,
            44.692206
          ],
          [
            20.513635,
            44.692226
          ],
          [
            20.513557,
            44.692233
          ],
          [
            20.513464,
            44.692228
          ],
          [
            20.513371,
            44.692212
          ],
          [
            20.513232,
            44.692179
          ],
          [
            20.513108,
            44.692142
          ],
          [
            20.513025,
            44.692105
          ],
          [
            20.512963,
            44.692076
          ],
          [
            20.512823,
            44.692021
          ],
          [
            20.512762,
            44.691987
          ],
          [
            20.512724,
            44.691954
          ],
          [
            20.512698,
            44.691921
          ],
          [
            20.512678,
            44.691881
          ],
          [
            20.512643,
            44.691788
          ],
          [
            20.51261,
            44.691682
          ],
          [
            20.512579,
            44.691642
          ],
          [
            20.512546,
            44.691616
          ],
          [
            20.512497,
            44.691595
          ],
          [
            20.512441,
            44.691592
          ],
          [
            20.512356,
            44.691603
          ],
          [
            20.512281,
            44.691647
          ],
          [
            20.512246,
            44.691687
          ],
          [
            20.512245,
            44.691748
          ],
          [
            20.512276,
            44.691835
          ],
          [
            20.512363,
            44.692009
          ],
          [
            20.512517,
            44.692381
          ],
          [
            20.512663,
            44.692857
          ],
          [
            20.512894,
            44.693494
          ],
          [
            20.512931,
            44.693822
          ],
          [
            20.512938,
            44.693991
          ],
          [
            20.512938,
            44.693991
          ],
          [
            20.512921,
            44.694147
          ],
          [
            20.512914,
            44.694335
          ],
          [
            20.512894,
            44.694576
          ],
          [
            20.512885,
            44.694677
          ],
          [
            20.512896,
            44.694825
          ],
          [
            20.512937,
            44.69491
          ],
          [
            20.512994,
            44.694976
          ],
          [
            20.513075,
            44.695054
          ],
          [
            20.513183,
            44.695133
          ],
          [
            20.513307,
            44.695196
          ],
          [
            20.513478,
            44.695272
          ],
          [
            20.513958,
            44.695418
          ],
          [
            20.514624,
            44.69567
          ],
          [
            20.514694,
            44.695703
          ],
          [
            20.514717,
            44.695713
          ],
          [
            20.514996,
            44.695844
          ],
          [
            20.515551,
            44.696195
          ],
          [
            20.515702,
            44.696316
          ],
          [
            20.515866,
            44.696499
          ],
          [
            20.515951,
            44.696648
          ],
          [
            20.51598,
            44.696713
          ],
          [
            20.515992,
            44.69679
          ],
          [
            20.515993,
            44.696834
          ],
          [
            20.515987,
            44.696873
          ],
          [
            20.51597,
            44.696911
          ],
          [
            20.515948,
            44.696948
          ],
          [
            20.515915,
            44.696984
          ],
          [
            20.515798,
            44.697076
          ],
          [
            20.515774,
            44.697109
          ],
          [
            20.515764,
            44.697138
          ],
          [
            20.515758,
            44.697176
          ],
          [
            20.515774,
            44.697214
          ],
          [
            20.515809,
            44.697257
          ],
          [
            20.515852,
            44.69728
          ],
          [
            20.515897,
            44.697292
          ],
          [
            20.515951,
            44.697296
          ],
          [
            20.515992,
            44.697287
          ],
          [
            20.516049,
            44.697265
          ],
          [
            20.516197,
            44.69717
          ],
          [
            20.516312,
            44.697108
          ],
          [
            20.516459,
            44.697047
          ],
          [
            20.516559,
            44.696999
          ],
          [
            20.516679,
            44.696914
          ],
          [
            20.516917,
            44.696663
          ],
          [
            20.516949,
            44.696551
          ],
          [
            20.516906,
            44.696395
          ],
          [
            20.516834,
            44.696307
          ],
          [
            20.516635,
            44.696177
          ],
          [
            20.516568,
            44.696131
          ],
          [
            20.516535,
            44.696094
          ],
          [
            20.516523,
            44.696062
          ],
          [
            20.516517,
            44.696028
          ],
          [
            20.516526,
            44.695992
          ],
          [
            20.516573,
            44.695956
          ],
          [
            20.516648,
            44.695938
          ],
          [
            20.516753,
            44.695938
          ],
          [
            20.516824,
            44.69596
          ],
          [
            20.516905,
            44.696005
          ],
          [
            20.516991,
            44.696076
          ],
          [
            20.517085,
            44.696125
          ],
          [
            20.517219,
            44.69617
          ],
          [
            20.51759,
            44.696268
          ],
          [
            20.517751,
            44.696339
          ],
          [
            20.518061,
            44.696524
          ],
          [
            20.518252,
            44.696662
          ],
          [
            20.518422,
            44.696823
          ],
          [
            20.518526,
            44.696955
          ],
          [
            20.518612,
            44.697084
          ],
          [
            20.518623,
            44.697101
          ],
          [
            20.518652,
            44.697146
          ],
          [
            20.518703,
            44.697277
          ],
          [
            20.518736,
            44.697388
          ],
          [
            20.518742,
            44.697466
          ],
          [
            20.518738,
            44.697518
          ],
          [
            20.51872,
            44.697571
          ],
          [
            20.518686,
            44.697627
          ],
          [
            20.518617,
            44.697693
          ],
          [
            20.518571,
            44.697725
          ],
          [
            20.518515,
            44.697753
          ],
          [
            20.518302,
            44.697817
          ],
          [
            20.51819,
            44.697872
          ],
          [
            20.518166,
            44.697898
          ],
          [
            20.518145,
            44.697939
          ],
          [
            20.518145,
            44.697974
          ],
          [
            20.518154,
            44.698003
          ],
          [
            20.518183,
            44.698039
          ],
          [
            20.518222,
            44.698067
          ],
          [
            20.518328,
            44.698093
          ],
          [
            20.518425,
            44.6981
          ],
          [
            20.518611,
            44.698114
          ],
          [
            20.518976,
            44.698107
          ],
          [
            20.519303,
            44.698087
          ],
          [
            20.519698,
            44.698033
          ],
          [
            20.519907,
            44.697987
          ],
          [
            20.520117,
            44.697919
          ],
          [
            20.520299,
            44.697853
          ],
          [
            20.52045,
            44.697771
          ],
          [
            20.520537,
            44.697713
          ],
          [
            20.520598,
            44.697654
          ],
          [
            20.520651,
            44.697545
          ],
          [
            20.520664,
            44.697518
          ],
          [
            20.52069,
            44.697349
          ],
          [
            20.520702,
            44.697317
          ],
          [
            20.52072,
            44.69729
          ],
          [
            20.520756,
            44.697262
          ],
          [
            20.520795,
            44.697245
          ],
          [
            20.520843,
            44.697238
          ],
          [
            20.520885,
            44.697238
          ],
          [
            20.520939,
            44.697257
          ],
          [
            20.520976,
            44.697277
          ],
          [
            20.520996,
            44.697294
          ],
          [
            20.521023,
            44.69732
          ],
          [
            20.521038,
            44.697349
          ],
          [
            20.521062,
            44.697524
          ],
          [
            20.521065,
            44.697624
          ],
          [
            20.521068,
            44.697722
          ],
          [
            20.521055,
            44.69788
          ],
          [
            20.521047,
            44.697913
          ],
          [
            20.521033,
            44.697941
          ],
          [
            20.521009,
            44.697967
          ],
          [
            20.520978,
            44.69799
          ],
          [
            20.520216,
            44.698482
          ],
          [
            20.519932,
            44.698652
          ],
          [
            20.519782,
            44.698727
          ],
          [
            20.519632,
            44.698787
          ],
          [
            20.5191,
            44.698964
          ],
          [
            20.518606,
            44.699107
          ],
          [
            20.518459,
            44.69913
          ],
          [
            20.518318,
            44.699141
          ],
          [
            20.517578,
            44.699123
          ],
          [
            20.517418,
            44.699128
          ],
          [
            20.517246,
            44.699153
          ],
          [
            20.516886,
            44.699233
          ],
          [
            20.51673,
            44.699258
          ],
          [
            20.516268,
            44.699373
          ],
          [
            20.515817,
            44.699452
          ],
          [
            20.515614,
            44.699466
          ],
          [
            20.515416,
            44.699468
          ],
          [
            20.515212,
            44.699455
          ],
          [
            20.514998,
            44.699422
          ],
          [
            20.514259,
            44.699281
          ],
          [
            20.513761,
            44.699188
          ],
          [
            20.513625,
            44.699155
          ],
          [
            20.513504,
            44.69911
          ],
          [
            20.513058,
            44.698909
          ],
          [
            20.512967,
            44.698862
          ],
          [
            20.512881,
            44.698807
          ],
          [
            20.512798,
            44.698748
          ],
          [
            20.512732,
            44.69869
          ],
          [
            20.512582,
            44.69853
          ],
          [
            20.512543,
            44.6985
          ],
          [
            20.5125,
            44.698483
          ],
          [
            20.512458,
            44.698476
          ],
          [
            20.512416,
            44.698471
          ],
          [
            20.512374,
            44.69847
          ],
          [
            20.512329,
            44.698474
          ],
          [
            20.512287,
            44.698482
          ],
          [
            20.512242,
            44.698494
          ],
          [
            20.512187,
            44.698515
          ],
          [
            20.511908,
            44.698665
          ],
          [
            20.511766,
            44.698721
          ],
          [
            20.511693,
            44.698744
          ],
          [
            20.51162,
            44.698758
          ],
          [
            20.511487,
            44.698775
          ],
          [
            20.510946,
            44.698744
          ],
          [
            20.510755,
            44.698725
          ],
          [
            20.510569,
            44.69869
          ],
          [
            20.510235,
            44.698581
          ],
          [
            20.510164,
            44.69858
          ],
          [
            20.510106,
            44.698591
          ],
          [
            20.510069,
            44.698618
          ],
          [
            20.51005,
            44.698652
          ],
          [
            20.51005,
            44.698698
          ],
          [
            20.510071,
            44.698738
          ],
          [
            20.510163,
            44.698792
          ],
          [
            20.510257,
            44.698832
          ],
          [
            20.510723,
            44.698988
          ],
          [
            20.510921,
            44.699098
          ],
          [
            20.510937,
            44.699122
          ],
          [
            20.510942,
            44.699151
          ],
          [
            20.510934,
            44.699195
          ],
          [
            20.510919,
            44.699231
          ],
          [
            20.51088,
            44.699262
          ],
          [
            20.510836,
            44.699285
          ],
          [
            20.510772,
            44.699299
          ],
          [
            20.510679,
            44.6993
          ],
          [
            20.510586,
            44.699287
          ],
          [
            20.509942,
            44.699153
          ],
          [
            20.509547,
            44.699019
          ],
          [
            20.509363,
            44.698985
          ],
          [
            20.50918,
            44.698962
          ],
          [
            20.508998,
            44.69894
          ],
          [
            20.508474,
            44.698873
          ],
          [
            20.508102,
            44.698802
          ],
          [
            20.507762,
            44.698708
          ],
          [
            20.507432,
            44.69859
          ],
          [
            20.507144,
            44.698464
          ],
          [
            20.506851,
            44.69828
          ],
          [
            20.506569,
            44.698073
          ],
          [
            20.506559,
            44.698064
          ],
          [
            20.506458,
            44.69797
          ],
          [
            20.50608,
            44.697622
          ],
          [
            20.505805,
            44.697329
          ],
          [
            20.505427,
            44.697
          ],
          [
            20.505108,
            44.696694
          ],
          [
            20.504955,
            44.696548
          ],
          [
            20.504733,
            44.696315
          ],
          [
            20.504381,
            44.695945
          ],
          [
            20.504308,
            44.695881
          ],
          [
            20.504055,
            44.695692
          ],
          [
            20.504034,
            44.695679
          ],
          [
            20.504011,
            44.695671
          ],
          [
            20.503987,
            44.695665
          ],
          [
            20.503964,
            44.695664
          ],
          [
            20.503933,
            44.695662
          ],
          [
            20.5039,
            44.695666
          ],
          [
            20.503622,
            44.695701
          ],
          [
            20.503533,
            44.695712
          ],
          [
            20.50319,
            44.695764
          ],
          [
            20.502482,
            44.695884
          ],
          [
            20.502157,
            44.695943
          ],
          [
            20.502127,
            44.695949
          ],
          [
            20.502059,
            44.695962
          ],
          [
            20.501952,
            44.69598
          ],
          [
            20.501851,
            44.695993
          ],
          [
            20.501838,
            44.695844
          ],
          [
            20.501837,
            44.695818
          ],
          [
            20.501833,
            44.695724
          ],
          [
            20.501834,
            44.695613
          ],
          [
            20.501834,
            44.6955
          ],
          [
            20.501845,
            44.695434
          ],
          [
            20.501858,
            44.695371
          ],
          [
            20.50187,
            44.69531
          ],
          [
            20.501912,
            44.69517
          ],
          [
            20.50194,
            44.695094
          ],
          [
            20.502048,
            44.6948
          ],
          [
            20.502172,
            44.69442
          ],
          [
            20.502261,
            44.694145
          ],
          [
            20.502264,
            44.694137
          ],
          [
            20.502462,
            44.69362
          ],
          [
            20.502567,
            44.693395
          ],
          [
            20.502621,
            44.693275
          ],
          [
            20.502677,
            44.693167
          ],
          [
            20.502781,
            44.692977
          ],
          [
            20.502918,
            44.692739
          ],
          [
            20.503008,
            44.692575
          ],
          [
            20.503047,
            44.692497
          ],
          [
            20.503078,
            44.692435
          ],
          [
            20.503099,
            44.692378
          ],
          [
            20.503109,
            44.692327
          ],
          [
            20.503118,
            44.692288
          ],
          [
            20.50312,
            44.692245
          ],
          [
            20.503119,
            44.692192
          ],
          [
            20.503115,
            44.692117
          ],
          [
            20.503111,
            44.692045
          ],
          [
            20.503104,
            44.691942
          ],
          [
            20.503092,
            44.691769
          ],
          [
            20.503081,
            44.691618
          ],
          [
            20.503078,
            44.691531
          ],
          [
            20.503079,
            44.691436
          ],
          [
            20.503086,
            44.691319
          ],
          [
            20.503096,
            44.691244
          ],
          [
            20.503112,
            44.691154
          ],
          [
            20.503128,
            44.691081
          ],
          [
            20.503157,
            44.690981
          ],
          [
            20.503188,
            44.690872
          ],
          [
            20.503223,
            44.690781
          ],
          [
            20.503267,
            44.690686
          ],
          [
            20.503316,
            44.690593
          ],
          [
            20.503358,
            44.690517
          ],
          [
            20.503395,
            44.690457
          ],
          [
            20.503451,
            44.69038
          ],
          [
            20.503521,
            44.690286
          ],
          [
            20.503615,
            44.690171
          ],
          [
            20.503763,
            44.69
          ],
          [
            20.504127,
            44.689595
          ],
          [
            20.504549,
            44.689163
          ],
          [
            20.504729,
            44.688978
          ],
          [
            20.504909,
            44.688784
          ],
          [
            20.504992,
            44.688695
          ],
          [
            20.505039,
            44.688639
          ],
          [
            20.505089,
            44.688573
          ],
          [
            20.505165,
            44.688466
          ],
          [
            20.505231,
            44.688371
          ],
          [
            20.505273,
            44.688305
          ],
          [
            20.505326,
            44.688222
          ],
          [
            20.505412,
            44.688057
          ],
          [
            20.505458,
            44.687963
          ],
          [
            20.505508,
            44.687849
          ],
          [
            20.505615,
            44.687557
          ],
          [
            20.505691,
            44.687339
          ],
          [
            20.50574,
            44.687232
          ],
          [
            20.505778,
            44.687163
          ],
          [
            20.505831,
            44.6871
          ],
          [
            20.505866,
            44.687064
          ],
          [
            20.505899,
            44.687037
          ],
          [
            20.505968,
            44.686998
          ],
          [
            20.506016,
            44.686975
          ],
          [
            20.506091,
            44.68695
          ],
          [
            20.506175,
            44.686935
          ],
          [
            20.506231,
            44.686927
          ],
          [
            20.506315,
            44.686922
          ],
          [
            20.506426,
            44.686922
          ],
          [
            20.50674,
            44.68693
          ],
          [
            20.506922,
            44.686928
          ],
          [
            20.50701,
            44.686922
          ],
          [
            20.507102,
            44.686906
          ],
          [
            20.507171,
            44.686884
          ],
          [
            20.507241,
            44.686852
          ],
          [
            20.507294,
            44.686824
          ],
          [
            20.507347,
            44.686787
          ],
          [
            20.507399,
            44.686742
          ],
          [
            20.507441,
            44.686696
          ],
          [
            20.507473,
            44.686654
          ],
          [
            20.50755,
            44.686495
          ],
          [
            20.507689,
            44.686187
          ],
          [
            20.507776,
            44.686003
          ],
          [
            20.507808,
            44.685938
          ],
          [
            20.50783,
            44.685899
          ],
          [
            20.507851,
            44.68587
          ],
          [
            20.507887,
            44.685834
          ],
          [
            20.507964,
            44.685778
          ],
          [
            20.50803,
            44.685742
          ],
          [
            20.508111,
            44.685712
          ],
          [
            20.508199,
            44.685689
          ],
          [
            20.508283,
            44.685676
          ],
          [
            20.508341,
            44.68567
          ],
          [
            20.508401,
            44.685667
          ],
          [
            20.508471,
            44.685671
          ],
          [
            20.508534,
            44.685677
          ],
          [
            20.508629,
            44.685693
          ],
          [
            20.50878,
            44.68572
          ],
          [
            20.508906,
            44.685736
          ],
          [
            20.509,
            44.685741
          ],
          [
            20.509108,
            44.685737
          ],
          [
            20.5092,
            44.685723
          ],
          [
            20.509288,
            44.685704
          ],
          [
            20.509368,
            44.685675
          ],
          [
            20.509436,
            44.685646
          ],
          [
            20.509495,
            44.685614
          ],
          [
            20.50956,
            44.685572
          ],
          [
            20.50961,
            44.685526
          ],
          [
            20.509677,
            44.685451
          ],
          [
            20.509713,
            44.685412
          ],
          [
            20.509818,
            44.685286
          ],
          [
            20.509916,
            44.685156
          ],
          [
            20.50999,
            44.685062
          ],
          [
            20.510066,
            44.684943
          ],
          [
            20.510099,
            44.684871
          ],
          [
            20.510112,
            44.684819
          ],
          [
            20.510122,
            44.684765
          ],
          [
            20.510123,
            44.684685
          ],
          [
            20.510112,
            44.684607
          ],
          [
            20.510085,
            44.684455
          ],
          [
            20.510069,
            44.684366
          ],
          [
            20.510062,
            44.684314
          ],
          [
            20.510056,
            44.684249
          ],
          [
            20.510058,
            44.684197
          ],
          [
            20.510067,
            44.68413
          ],
          [
            20.510081,
            44.68408
          ],
          [
            20.510108,
            44.684021
          ],
          [
            20.510127,
            44.68398
          ],
          [
            20.510154,
            44.683947
          ],
          [
            20.510194,
            44.683905
          ],
          [
            20.510238,
            44.683869
          ],
          [
            20.510297,
            44.683827
          ],
          [
            20.510381,
            44.683783
          ],
          [
            20.51053,
            44.683718
          ],
          [
            20.510718,
            44.683635
          ],
          [
            20.510835,
            44.683592
          ],
          [
            20.510954,
            44.683555
          ],
          [
            20.511046,
            44.683531
          ],
          [
            20.511102,
            44.683518
          ],
          [
            20.51119,
            44.683507
          ],
          [
            20.511279,
            44.683501
          ],
          [
            20.51135,
            44.683501
          ],
          [
            20.511425,
            44.683507
          ],
          [
            20.51152,
            44.683521
          ],
          [
            20.511619,
            44.683547
          ],
          [
            20.511711,
            44.683573
          ],
          [
            20.511803,
            44.683611
          ],
          [
            20.511969,
            44.6837
          ],
          [
            20.512168,
            44.683815
          ],
          [
            20.512321,
            44.683906
          ],
          [
            20.512412,
            44.683953
          ],
          [
            20.512479,
            44.683983
          ],
          [
            20.512534,
            44.684003
          ],
          [
            20.512616,
            44.684023
          ],
          [
            20.512708,
            44.684035
          ],
          [
            20.512774,
            44.684037
          ],
          [
            20.512872,
            44.684038
          ],
          [
            20.512979,
            44.684025
          ],
          [
            20.513045,
            44.684009
          ],
          [
            20.513134,
            44.683983
          ],
          [
            20.513232,
            44.683938
          ],
          [
            20.513285,
            44.683902
          ],
          [
            20.513339,
            44.683858
          ],
          [
            20.513379,
            44.683814
          ],
          [
            20.51342,
            44.683756
          ],
          [
            20.513439,
            44.683707
          ],
          [
            20.513459,
            44.683625
          ],
          [
            20.513474,
            44.68349
          ],
          [
            20.513485,
            44.683401
          ],
          [
            20.513504,
            44.683335
          ],
          [
            20.513529,
            44.683279
          ],
          [
            20.513565,
            44.683221
          ],
          [
            20.513615,
            44.683166
          ],
          [
            20.513666,
            44.683127
          ],
          [
            20.513705,
            44.683102
          ],
          [
            20.513726,
            44.683089
          ],
          [
            20.513775,
            44.683064
          ],
          [
            20.513845,
            44.683036
          ],
          [
            20.513931,
            44.683017
          ],
          [
            20.514043,
            44.683003
          ],
          [
            20.514182,
            44.68299
          ],
          [
            20.514413,
            44.682979
          ],
          [
            20.514718,
            44.682968
          ],
          [
            20.514999,
            44.68296
          ],
          [
            20.515137,
            44.682951
          ],
          [
            20.515242,
            44.682941
          ],
          [
            20.515346,
            44.682923
          ],
          [
            20.515432,
            44.682901
          ],
          [
            20.515495,
            44.682876
          ],
          [
            20.515577,
            44.682835
          ],
          [
            20.515642,
            44.682789
          ],
          [
            20.515696,
            44.68273
          ],
          [
            20.515725,
            44.682675
          ],
          [
            20.515752,
            44.6826
          ],
          [
            20.515761,
            44.682557
          ],
          [
            20.515766,
            44.682473
          ],
          [
            20.515757,
            44.682332
          ],
          [
            20.515743,
            44.682123
          ],
          [
            20.515737,
            44.681954
          ],
          [
            20.515742,
            44.68187
          ],
          [
            20.515752,
            44.68181
          ],
          [
            20.51577,
            44.681732
          ],
          [
            20.5158,
            44.681654
          ],
          [
            20.515836,
            44.681575
          ],
          [
            20.51589,
            44.681486
          ],
          [
            20.515945,
            44.681411
          ],
          [
            20.515995,
            44.681353
          ],
          [
            20.516069,
            44.681282
          ],
          [
            20.516143,
            44.681222
          ],
          [
            20.516244,
            44.681152
          ],
          [
            20.516371,
            44.68107
          ],
          [
            20.516596,
            44.680952
          ],
          [
            20.516736,
            44.680881
          ],
          [
            20.516914,
            44.680797
          ],
          [
            20.517166,
            44.680687
          ],
          [
            20.517291,
            44.68064
          ],
          [
            20.51746,
            44.680579
          ],
          [
            20.517686,
            44.680505
          ],
          [
            20.517837,
            44.680465
          ],
          [
            20.517956,
            44.680437
          ],
          [
            20.518125,
            44.680401
          ],
          [
            20.518285,
            44.680372
          ],
          [
            20.518491,
            44.680339
          ],
          [
            20.518654,
            44.680314
          ],
          [
            20.518991,
            44.680265
          ],
          [
            20.519244,
            44.680224
          ],
          [
            20.519372,
            44.680197
          ],
          [
            20.519464,
            44.680172
          ],
          [
            20.519521,
            44.680154
          ],
          [
            20.519612,
            44.680116
          ],
          [
            20.519665,
            44.680088
          ],
          [
            20.51973,
            44.680047
          ],
          [
            20.519946,
            44.679911
          ],
          [
            20.520051,
            44.679855
          ],
          [
            20.52014,
            44.679813
          ],
          [
            20.520215,
            44.679781
          ],
          [
            20.520293,
            44.679759
          ],
          [
            20.520357,
            44.679742
          ],
          [
            20.520455,
            44.679727
          ],
          [
            20.520532,
            44.679722
          ],
          [
            20.520612,
            44.679721
          ],
          [
            20.520667,
            44.679722
          ],
          [
            20.520731,
            44.679726
          ],
          [
            20.520826,
            44.679744
          ],
          [
            20.520907,
            44.679765
          ],
          [
            20.520999,
            44.679795
          ],
          [
            20.521078,
            44.679829
          ],
          [
            20.521147,
            44.679863
          ],
          [
            20.521212,
            44.679902
          ],
          [
            20.521287,
            44.679959
          ],
          [
            20.521347,
            44.680017
          ],
          [
            20.521389,
            44.680066
          ],
          [
            20.521424,
            44.680111
          ],
          [
            20.521455,
            44.680175
          ],
          [
            20.521474,
            44.680222
          ],
          [
            20.52149,
            44.680279
          ],
          [
            20.521496,
            44.680334
          ],
          [
            20.521499,
            44.680393
          ],
          [
            20.521498,
            44.680461
          ],
          [
            20.521488,
            44.680548
          ],
          [
            20.521459,
            44.680734
          ],
          [
            20.521411,
            44.681012
          ],
          [
            20.521326,
            44.681442
          ],
          [
            20.521255,
            44.681768
          ],
          [
            20.52119,
            44.682083
          ],
          [
            20.521153,
            44.682335
          ],
          [
            20.521148,
            44.682414
          ],
          [
            20.521151,
            44.682479
          ],
          [
            20.521168,
            44.682551
          ],
          [
            20.521189,
            44.682595
          ],
          [
            20.521219,
            44.682651
          ],
          [
            20.521273,
            44.682711
          ],
          [
            20.521325,
            44.682758
          ],
          [
            20.521392,
            44.6828
          ],
          [
            20.521471,
            44.682837
          ],
          [
            20.521558,
            44.68287
          ],
          [
            20.521624,
            44.682886
          ],
          [
            20.521691,
            44.682895
          ],
          [
            20.521739,
            44.682897
          ],
          [
            20.521798,
            44.682895
          ],
          [
            20.521882,
            44.682884
          ],
          [
            20.522125,
            44.682841
          ],
          [
            20.522324,
            44.682792
          ],
          [
            20.522473,
            44.682754
          ],
          [
            20.522575,
            44.68272
          ],
          [
            20.522668,
            44.682682
          ],
          [
            20.522744,
            44.68265
          ],
          [
            20.522792,
            44.682626
          ],
          [
            20.522861,
            44.682583
          ],
          [
            20.522914,
            44.68255
          ],
          [
            20.522967,
            44.682515
          ],
          [
            20.523044,
            44.682458
          ],
          [
            20.523316,
            44.682208
          ],
          [
            20.523599,
            44.681936
          ],
          [
            20.524013,
            44.681519
          ],
          [
            20.524124,
            44.681408
          ],
          [
            20.52427,
            44.681277
          ],
          [
            20.524458,
            44.681125
          ],
          [
            20.524594,
            44.681033
          ],
          [
            20.524718,
            44.680962
          ],
          [
            20.524863,
            44.680887
          ],
          [
            20.525012,
            44.680828
          ],
          [
            20.525122,
            44.680794
          ],
          [
            20.525202,
            44.680774
          ],
          [
            20.52532,
            44.680753
          ],
          [
            20.52546,
            44.680731
          ],
          [
            20.525612,
            44.680717
          ],
          [
            20.525792,
            44.680707
          ],
          [
            20.525943,
            44.680708
          ],
          [
            20.526082,
            44.680719
          ],
          [
            20.526202,
            44.680732
          ],
          [
            20.526313,
            44.68075
          ],
          [
            20.526445,
            44.680779
          ],
          [
            20.526617,
            44.68083
          ],
          [
            20.526715,
            44.680868
          ],
          [
            20.526826,
            44.680914
          ],
          [
            20.526963,
            44.680983
          ],
          [
            20.527101,
            44.681065
          ],
          [
            20.527225,
            44.681155
          ],
          [
            20.527273,
            44.681195
          ],
          [
            20.527328,
            44.681241
          ],
          [
            20.527408,
            44.68132
          ],
          [
            20.527483,
            44.681406
          ],
          [
            20.527538,
            44.681481
          ],
          [
            20.527598,
            44.681571
          ],
          [
            20.527638,
            44.681658
          ],
          [
            20.527674,
            44.681755
          ],
          [
            20.52769,
            44.681813
          ],
          [
            20.52771,
            44.68191
          ],
          [
            20.527725,
            44.681985
          ],
          [
            20.52774,
            44.682073
          ],
          [
            20.527757,
            44.68225
          ],
          [
            20.527762,
            44.682429
          ],
          [
            20.527761,
            44.682469
          ],
          [
            20.52775,
            44.682513
          ],
          [
            20.527732,
            44.682555
          ],
          [
            20.527714,
            44.682589
          ],
          [
            20.527685,
            44.68265
          ],
          [
            20.527638,
            44.682745
          ],
          [
            20.527577,
            44.682853
          ],
          [
            20.52753,
            44.682945
          ],
          [
            20.527494,
            44.68303
          ],
          [
            20.527478,
            44.683101
          ],
          [
            20.527474,
            44.683163
          ],
          [
            20.527479,
            44.683223
          ],
          [
            20.527499,
            44.683291
          ],
          [
            20.527528,
            44.68335
          ],
          [
            20.527566,
            44.683404
          ],
          [
            20.527606,
            44.683445
          ],
          [
            20.527675,
            44.683495
          ],
          [
            20.527753,
            44.683537
          ],
          [
            20.527837,
            44.683569
          ],
          [
            20.527936,
            44.68359
          ],
          [
            20.528039,
            44.683606
          ],
          [
            20.528146,
            44.683612
          ],
          [
            20.528243,
            44.68361
          ],
          [
            20.528331,
            44.683603
          ],
          [
            20.528402,
            44.68359
          ],
          [
            20.528456,
            44.683572
          ],
          [
            20.528513,
            44.683542
          ],
          [
            20.528575,
            44.683504
          ],
          [
            20.528657,
            44.683444
          ],
          [
            20.529156,
            44.683065
          ],
          [
            20.529712,
            44.682668
          ],
          [
            20.530608,
            44.682083
          ],
          [
            20.53081,
            44.681957
          ],
          [
            20.530897,
            44.681905
          ],
          [
            20.531011,
            44.681839
          ],
          [
            20.531165,
            44.681772
          ],
          [
            20.531267,
            44.681727
          ],
          [
            20.53139,
            44.681681
          ],
          [
            20.531643,
            44.681597
          ],
          [
            20.531951,
            44.681505
          ],
          [
            20.532077,
            44.68146
          ],
          [
            20.53216,
            44.68142
          ],
          [
            20.532249,
            44.681366
          ],
          [
            20.532323,
            44.681317
          ],
          [
            20.532389,
            44.681264
          ],
          [
            20.532463,
            44.681198
          ],
          [
            20.53256,
            44.681099
          ],
          [
            20.532847,
            44.680793
          ],
          [
            20.533131,
            44.680505
          ],
          [
            20.533552,
            44.680069
          ],
          [
            20.53374,
            44.679869
          ],
          [
            20.533984,
            44.67961
          ],
          [
            20.534131,
            44.679454
          ],
          [
            20.534338,
            44.679237
          ],
          [
            20.534483,
            44.679091
          ],
          [
            20.534579,
            44.67901
          ],
          [
            20.534704,
            44.678917
          ],
          [
            20.534809,
            44.678845
          ],
          [
            20.534952,
            44.678756
          ],
          [
            20.535207,
            44.678597
          ],
          [
            20.535532,
            44.678417
          ],
          [
            20.535626,
            44.678364
          ],
          [
            20.536612,
            44.677796
          ],
          [
            20.537449,
            44.677325
          ],
          [
            20.537539,
            44.677273
          ],
          [
            20.537646,
            44.677202
          ],
          [
            20.537707,
            44.677159
          ],
          [
            20.53786,
            44.677022
          ],
          [
            20.537896,
            44.676978
          ],
          [
            20.537965,
            44.676905
          ],
          [
            20.538028,
            44.676827
          ],
          [
            20.538092,
            44.676724
          ],
          [
            20.53816,
            44.6766
          ],
          [
            20.538268,
            44.676357
          ],
          [
            20.538419,
            44.675942
          ],
          [
            20.538499,
            44.675742
          ],
          [
            20.538535,
            44.675652
          ],
          [
            20.538625,
            44.675458
          ],
          [
            20.538705,
            44.675327
          ],
          [
            20.538777,
            44.675212
          ],
          [
            20.538887,
            44.675068
          ],
          [
            20.539049,
            44.674884
          ],
          [
            20.539132,
            44.674802
          ],
          [
            20.539241,
            44.674694
          ],
          [
            20.539289,
            44.674647
          ],
          [
            20.539372,
            44.674568
          ],
          [
            20.539393,
            44.674548
          ],
          [
            20.539418,
            44.674525
          ],
          [
            20.539437,
            44.674507
          ],
          [
            20.53966,
            44.674296
          ],
          [
            20.540239,
            44.673748
          ],
          [
            20.540328,
            44.673665
          ],
          [
            20.540372,
            44.673623
          ],
          [
            20.540883,
            44.673142
          ],
          [
            20.541,
            44.673032
          ],
          [
            20.541169,
            44.672868
          ],
          [
            20.541269,
            44.672756
          ],
          [
            20.541346,
            44.672666
          ],
          [
            20.54143,
            44.672562
          ],
          [
            20.541489,
            44.67247
          ],
          [
            20.541551,
            44.672373
          ],
          [
            20.541687,
            44.672101
          ],
          [
            20.541834,
            44.671782
          ],
          [
            20.541997,
            44.671409
          ],
          [
            20.54206,
            44.671237
          ],
          [
            20.542071,
            44.671165
          ],
          [
            20.542081,
            44.671063
          ],
          [
            20.542075,
            44.670939
          ],
          [
            20.542061,
            44.670832
          ],
          [
            20.541979,
            44.670358
          ],
          [
            20.541972,
            44.670319
          ],
          [
            20.54189,
            44.669847
          ],
          [
            20.541873,
            44.669741
          ],
          [
            20.541786,
            44.669189
          ],
          [
            20.541761,
            44.668919
          ],
          [
            20.541763,
            44.668795
          ],
          [
            20.541767,
            44.668709
          ],
          [
            20.54177,
            44.668631
          ],
          [
            20.541826,
            44.668213
          ],
          [
            20.541855,
            44.668013
          ],
          [
            20.541874,
            44.667881
          ],
          [
            20.541926,
            44.667574
          ],
          [
            20.542029,
            44.666884
          ],
          [
            20.542049,
            44.666749
          ],
          [
            20.542223,
            44.66562
          ],
          [
            20.54224,
            44.665469
          ],
          [
            20.542284,
            44.665091
          ],
          [
            20.542318,
            44.664831
          ],
          [
            20.542345,
            44.664702
          ],
          [
            20.542391,
            44.664562
          ],
          [
            20.542402,
            44.664532
          ],
          [
            20.54243,
            44.664456
          ],
          [
            20.542752,
            44.663899
          ],
          [
            20.542765,
            44.663878
          ],
          [
            20.542859,
            44.663715
          ],
          [
            20.543002,
            44.663478
          ],
          [
            20.543416,
            44.662838
          ],
          [
            20.543452,
            44.662784
          ],
          [
            20.54349,
            44.662718
          ],
          [
            20.543527,
            44.662665
          ],
          [
            20.543747,
            44.662356
          ],
          [
            20.543936,
            44.662177
          ],
          [
            20.544107,
            44.662032
          ],
          [
            20.544443,
            44.661785
          ],
          [
            20.544685,
            44.661621
          ],
          [
            20.544832,
            44.661542
          ],
          [
            20.545027,
            44.661457
          ],
          [
            20.5452,
            44.661389
          ],
          [
            20.545415,
            44.661327
          ],
          [
            20.545701,
            44.661246
          ],
          [
            20.545986,
            44.661172
          ],
          [
            20.546348,
            44.661091
          ],
          [
            20.546706,
            44.661014
          ],
          [
            20.547362,
            44.66085
          ],
          [
            20.547559,
            44.66079
          ],
          [
            20.547709,
            44.660739
          ],
          [
            20.547833,
            44.660683
          ],
          [
            20.547956,
            44.660611
          ],
          [
            20.548068,
            44.660523
          ],
          [
            20.548139,
            44.660449
          ],
          [
            20.548216,
            44.66035
          ],
          [
            20.548287,
            44.66021
          ],
          [
            20.548468,
            44.659762
          ],
          [
            20.548756,
            44.658998
          ],
          [
            20.549115,
            44.658012
          ],
          [
            20.549125,
            44.657987
          ],
          [
            20.549478,
            44.657042
          ],
          [
            20.549839,
            44.656081
          ],
          [
            20.549911,
            44.655878
          ],
          [
            20.549987,
            44.655672
          ],
          [
            20.550019,
            44.655587
          ],
          [
            20.550116,
            44.655324
          ],
          [
            20.550171,
            44.655195
          ],
          [
            20.550206,
            44.65511
          ],
          [
            20.550245,
            44.65503
          ],
          [
            20.5503,
            44.654937
          ],
          [
            20.550351,
            44.65487
          ],
          [
            20.55041,
            44.654805
          ],
          [
            20.550486,
            44.654728
          ],
          [
            20.550521,
            44.654698
          ],
          [
            20.550749,
            44.654527
          ],
          [
            20.550992,
            44.654384
          ],
          [
            20.551858,
            44.653911
          ],
          [
            20.552015,
            44.653818
          ],
          [
            20.552192,
            44.653703
          ],
          [
            20.55228,
            44.65363
          ],
          [
            20.552384,
            44.653525
          ],
          [
            20.55249,
            44.653401
          ],
          [
            20.552617,
            44.653262
          ],
          [
            20.552903,
            44.652911
          ],
          [
            20.553036,
            44.652747
          ],
          [
            20.553223,
            44.652521
          ],
          [
            20.553492,
            44.652178
          ],
          [
            20.553592,
            44.652023
          ],
          [
            20.553827,
            44.651574
          ],
          [
            20.553852,
            44.651524
          ],
          [
            20.554227,
            44.650768
          ],
          [
            20.554256,
            44.650714
          ],
          [
            20.55436,
            44.650517
          ],
          [
            20.554392,
            44.65045
          ],
          [
            20.554419,
            44.650398
          ],
          [
            20.554495,
            44.650234
          ],
          [
            20.554572,
            44.650056
          ],
          [
            20.554588,
            44.649996
          ],
          [
            20.554602,
            44.649906
          ],
          [
            20.554601,
            44.64981
          ],
          [
            20.554593,
            44.649725
          ],
          [
            20.554581,
            44.649631
          ],
          [
            20.554542,
            44.649521
          ],
          [
            20.554291,
            44.648954
          ],
          [
            20.554191,
            44.648728
          ],
          [
            20.554146,
            44.648627
          ],
          [
            20.553945,
            44.648184
          ],
          [
            20.553896,
            44.648075
          ],
          [
            20.553837,
            44.647917
          ],
          [
            20.553813,
            44.647817
          ],
          [
            20.553791,
            44.647697
          ],
          [
            20.553781,
            44.647488
          ],
          [
            20.553765,
            44.647035
          ],
          [
            20.553755,
            44.646824
          ],
          [
            20.553755,
            44.646785
          ],
          [
            20.553742,
            44.646673
          ],
          [
            20.553727,
            44.646604
          ],
          [
            20.553709,
            44.646536
          ],
          [
            20.553685,
            44.646455
          ],
          [
            20.553639,
            44.646351
          ],
          [
            20.553592,
            44.646274
          ],
          [
            20.553525,
            44.646159
          ],
          [
            20.553467,
            44.646053
          ],
          [
            20.553423,
            44.645968
          ],
          [
            20.553372,
            44.645867
          ],
          [
            20.553346,
            44.645774
          ],
          [
            20.553324,
            44.645659
          ],
          [
            20.553296,
            44.645421
          ],
          [
            20.553279,
            44.645311
          ],
          [
            20.553271,
            44.645222
          ],
          [
            20.553237,
            44.645088
          ],
          [
            20.553219,
            44.645012
          ],
          [
            20.553184,
            44.644927
          ],
          [
            20.553144,
            44.644857
          ],
          [
            20.55309,
            44.644777
          ],
          [
            20.552883,
            44.644564
          ],
          [
            20.552792,
            44.644474
          ],
          [
            20.552614,
            44.644308
          ],
          [
            20.55252,
            44.644211
          ],
          [
            20.552456,
            44.644131
          ],
          [
            20.552393,
            44.644043
          ],
          [
            20.552304,
            44.6439
          ],
          [
            20.55208,
            44.643549
          ],
          [
            20.551972,
            44.643373
          ],
          [
            20.551931,
            44.643285
          ],
          [
            20.551902,
            44.643218
          ],
          [
            20.551868,
            44.6431
          ],
          [
            20.551845,
            44.642963
          ],
          [
            20.551823,
            44.64271
          ],
          [
            20.551765,
            44.642099
          ],
          [
            20.551749,
            44.641888
          ],
          [
            20.551746,
            44.641814
          ],
          [
            20.551745,
            44.641764
          ],
          [
            20.551746,
            44.641709
          ],
          [
            20.551774,
            44.641567
          ],
          [
            20.551821,
            44.641433
          ],
          [
            20.551841,
            44.641378
          ],
          [
            20.551877,
            44.641278
          ],
          [
            20.551927,
            44.641139
          ],
          [
            20.551994,
            44.640963
          ],
          [
            20.552028,
            44.640885
          ],
          [
            20.552057,
            44.640771
          ],
          [
            20.552092,
            44.64061
          ],
          [
            20.552101,
            44.6405
          ],
          [
            20.552111,
            44.640387
          ],
          [
            20.552121,
            44.640184
          ],
          [
            20.552131,
            44.640046
          ],
          [
            20.552135,
            44.639865
          ],
          [
            20.552153,
            44.639424
          ],
          [
            20.552171,
            44.638887
          ],
          [
            20.552177,
            44.638739
          ],
          [
            20.552171,
            44.638641
          ],
          [
            20.552155,
            44.638547
          ],
          [
            20.552131,
            44.638477
          ],
          [
            20.552087,
            44.638368
          ],
          [
            20.551994,
            44.638201
          ],
          [
            20.551853,
            44.637977
          ],
          [
            20.551766,
            44.637845
          ],
          [
            20.551654,
            44.637654
          ],
          [
            20.551488,
            44.637382
          ],
          [
            20.551379,
            44.637195
          ],
          [
            20.551303,
            44.637042
          ],
          [
            20.551251,
            44.636908
          ],
          [
            20.551219,
            44.636793
          ],
          [
            20.5512,
            44.636694
          ],
          [
            20.55119,
            44.636584
          ],
          [
            20.551195,
            44.63648
          ],
          [
            20.551249,
            44.636299
          ],
          [
            20.55125,
            44.636295
          ],
          [
            20.551377,
            44.635915
          ],
          [
            20.551487,
            44.635628
          ],
          [
            20.551545,
            44.635483
          ],
          [
            20.551589,
            44.635379
          ],
          [
            20.551633,
            44.635286
          ],
          [
            20.551678,
            44.635199
          ],
          [
            20.55172,
            44.635127
          ],
          [
            20.551756,
            44.635083
          ],
          [
            20.551836,
            44.63498
          ],
          [
            20.551888,
            44.634913
          ],
          [
            20.551949,
            44.634846
          ],
          [
            20.552,
            44.634791
          ],
          [
            20.552079,
            44.634722
          ],
          [
            20.552146,
            44.634673
          ],
          [
            20.55229,
            44.634581
          ],
          [
            20.552519,
            44.63446
          ],
          [
            20.552733,
            44.634354
          ],
          [
            20.552738,
            44.634351
          ],
          [
            20.552978,
            44.634231
          ],
          [
            20.553329,
            44.634052
          ],
          [
            20.553441,
            44.633986
          ],
          [
            20.55349,
            44.633956
          ],
          [
            20.553551,
            44.633916
          ],
          [
            20.553608,
            44.63387
          ],
          [
            20.553673,
            44.633806
          ],
          [
            20.553694,
            44.633782
          ],
          [
            20.553733,
            44.633703
          ],
          [
            20.553763,
            44.633629
          ],
          [
            20.553806,
            44.633516
          ],
          [
            20.553887,
            44.633258
          ],
          [
            20.553912,
            44.633141
          ],
          [
            20.553929,
            44.633069
          ],
          [
            20.553933,
            44.633049
          ],
          [
            20.553938,
            44.633025
          ],
          [
            20.553998,
            44.632757
          ],
          [
            20.554197,
            44.632456
          ],
          [
            20.554216,
            44.632427
          ],
          [
            20.554292,
            44.632312
          ],
          [
            20.554335,
            44.632241
          ],
          [
            20.554344,
            44.632227
          ],
          [
            20.554354,
            44.632211
          ],
          [
            20.554589,
            44.631877
          ],
          [
            20.555042,
            44.63121
          ],
          [
            20.555045,
            44.631205
          ],
          [
            20.555128,
            44.631069
          ],
          [
            20.555202,
            44.630946
          ],
          [
            20.555204,
            44.630944
          ],
          [
            20.555332,
            44.630723
          ],
          [
            20.555391,
            44.630605
          ],
          [
            20.555418,
            44.630534
          ],
          [
            20.555434,
            44.630471
          ],
          [
            20.555452,
            44.630366
          ],
          [
            20.555452,
            44.630269
          ],
          [
            20.555436,
            44.630212
          ],
          [
            20.555407,
            44.630147
          ],
          [
            20.555367,
            44.630059
          ],
          [
            20.555318,
            44.629986
          ],
          [
            20.555259,
            44.629914
          ],
          [
            20.555149,
            44.629813
          ],
          [
            20.555023,
            44.629717
          ],
          [
            20.554771,
            44.629618
          ],
          [
            20.554498,
            44.629555
          ],
          [
            20.554307,
            44.629527
          ],
          [
            20.554203,
            44.629511
          ],
          [
            20.553704,
            44.629425
          ],
          [
            20.553385,
            44.629385
          ],
          [
            20.553213,
            44.629364
          ],
          [
            20.55292,
            44.62933
          ],
          [
            20.552647,
            44.629284
          ],
          [
            20.552451,
            44.629238
          ],
          [
            20.552349,
            44.629208
          ],
          [
            20.552255,
            44.629158
          ],
          [
            20.552156,
            44.629091
          ],
          [
            20.552065,
            44.629028
          ],
          [
            20.552003,
            44.628963
          ],
          [
            20.551947,
            44.628898
          ],
          [
            20.551866,
            44.628767
          ],
          [
            20.551813,
            44.628669
          ],
          [
            20.551794,
            44.628587
          ],
          [
            20.551781,
            44.628478
          ],
          [
            20.551789,
            44.628419
          ],
          [
            20.551802,
            44.628354
          ],
          [
            20.55183,
            44.628292
          ],
          [
            20.551861,
            44.628238
          ],
          [
            20.551933,
            44.628154
          ],
          [
            20.552043,
            44.628066
          ],
          [
            20.552768,
            44.627518
          ],
          [
            20.553095,
            44.627281
          ],
          [
            20.553269,
            44.627154
          ],
          [
            20.553344,
            44.627081
          ],
          [
            20.553423,
            44.626989
          ],
          [
            20.553477,
            44.626906
          ],
          [
            20.55351,
            44.626828
          ],
          [
            20.553535,
            44.626745
          ],
          [
            20.553542,
            44.626655
          ],
          [
            20.553531,
            44.626592
          ],
          [
            20.553499,
            44.626503
          ],
          [
            20.55344,
            44.626402
          ],
          [
            20.553334,
            44.626282
          ],
          [
            20.553058,
            44.626045
          ],
          [
            20.552304,
            44.625375
          ],
          [
            20.55182,
            44.624965
          ],
          [
            20.551741,
            44.624866
          ],
          [
            20.551686,
            44.624798
          ],
          [
            20.551649,
            44.624743
          ],
          [
            20.55161,
            44.624672
          ],
          [
            20.551582,
            44.62455
          ],
          [
            20.551576,
            44.624474
          ],
          [
            20.55158,
            44.62438
          ],
          [
            20.551615,
            44.624284
          ],
          [
            20.551659,
            44.624196
          ],
          [
            20.551702,
            44.624134
          ],
          [
            20.551761,
            44.624068
          ],
          [
            20.551836,
            44.624003
          ],
          [
            20.551956,
            44.623924
          ],
          [
            20.55211,
            44.62385
          ],
          [
            20.552263,
            44.623789
          ],
          [
            20.55249,
            44.623697
          ],
          [
            20.552634,
            44.623638
          ],
          [
            20.553751,
            44.623186
          ],
          [
            20.554535,
            44.62286
          ],
          [
            20.554564,
            44.622847
          ],
          [
            20.554958,
            44.622677
          ],
          [
            20.555034,
            44.622645
          ],
          [
            20.555111,
            44.622603
          ],
          [
            20.555176,
            44.622562
          ],
          [
            20.555227,
            44.622522
          ],
          [
            20.555292,
            44.622454
          ],
          [
            20.555363,
            44.62236
          ],
          [
            20.555505,
            44.622144
          ],
          [
            20.555653,
            44.621882
          ],
          [
            20.555692,
            44.621796
          ],
          [
            20.555723,
            44.621709
          ],
          [
            20.555739,
            44.621668
          ],
          [
            20.555753,
            44.62159
          ],
          [
            20.555751,
            44.62151
          ],
          [
            20.555726,
            44.62139
          ],
          [
            20.555653,
            44.621222
          ],
          [
            20.55533,
            44.620682
          ],
          [
            20.555162,
            44.620373
          ],
          [
            20.555019,
            44.620088
          ],
          [
            20.554998,
            44.620045
          ],
          [
            20.55495,
            44.6199
          ],
          [
            20.554926,
            44.619786
          ],
          [
            20.554918,
            44.619714
          ],
          [
            20.55492,
            44.619635
          ],
          [
            20.554938,
            44.619499
          ],
          [
            20.554975,
            44.619356
          ],
          [
            20.555015,
            44.619249
          ],
          [
            20.555095,
            44.619094
          ],
          [
            20.555369,
            44.618733
          ],
          [
            20.555827,
            44.61812
          ],
          [
            20.556017,
            44.617863
          ],
          [
            20.556117,
            44.617715
          ],
          [
            20.55615,
            44.617662
          ],
          [
            20.556176,
            44.617611
          ],
          [
            20.556251,
            44.617383
          ],
          [
            20.556314,
            44.617116
          ],
          [
            20.556383,
            44.616844
          ],
          [
            20.556418,
            44.616684
          ],
          [
            20.556428,
            44.616603
          ],
          [
            20.556432,
            44.616516
          ],
          [
            20.556428,
            44.616444
          ],
          [
            20.556414,
            44.616378
          ],
          [
            20.556371,
            44.616254
          ],
          [
            20.556267,
            44.61602
          ],
          [
            20.556176,
            44.615832
          ],
          [
            20.556119,
            44.615697
          ],
          [
            20.556097,
            44.615627
          ],
          [
            20.55608,
            44.615555
          ],
          [
            20.556085,
            44.61549
          ],
          [
            20.556109,
            44.615383
          ],
          [
            20.556168,
            44.615256
          ],
          [
            20.556227,
            44.615176
          ],
          [
            20.556285,
            44.615102
          ],
          [
            20.557034,
            44.614262
          ],
          [
            20.557217,
            44.613961
          ],
          [
            20.557296,
            44.613798
          ],
          [
            20.557366,
            44.613593
          ],
          [
            20.557408,
            44.61333
          ],
          [
            20.557421,
            44.613155
          ],
          [
            20.557412,
            44.612993
          ],
          [
            20.557362,
            44.612718
          ],
          [
            20.557284,
            44.612468
          ],
          [
            20.557231,
            44.612355
          ],
          [
            20.556749,
            44.610978
          ],
          [
            20.556727,
            44.610917
          ],
          [
            20.556554,
            44.6104
          ],
          [
            20.556159,
            44.609224
          ],
          [
            20.55609,
            44.609019
          ],
          [
            20.556024,
            44.608734
          ],
          [
            20.55602,
            44.608664
          ],
          [
            20.556023,
            44.608567
          ],
          [
            20.556033,
            44.608498
          ],
          [
            20.556144,
            44.608055
          ],
          [
            20.556231,
            44.607687
          ],
          [
            20.55627,
            44.607522
          ],
          [
            20.556358,
            44.607118
          ],
          [
            20.556417,
            44.606898
          ],
          [
            20.556467,
            44.60667
          ],
          [
            20.556506,
            44.606482
          ],
          [
            20.556548,
            44.606359
          ],
          [
            20.556586,
            44.606282
          ],
          [
            20.556696,
            44.606123
          ],
          [
            20.55694,
            44.605872
          ],
          [
            20.557196,
            44.605635
          ],
          [
            20.557325,
            44.605518
          ],
          [
            20.557402,
            44.605451
          ],
          [
            20.557458,
            44.605402
          ],
          [
            20.557871,
            44.60509
          ],
          [
            20.557938,
            44.605046
          ],
          [
            20.55812,
            44.604939
          ],
          [
            20.558263,
            44.60487
          ],
          [
            20.558449,
            44.60478
          ],
          [
            20.558829,
            44.604639
          ],
          [
            20.559207,
            44.604487
          ],
          [
            20.55992,
            44.604211
          ],
          [
            20.560273,
            44.604042
          ],
          [
            20.560459,
            44.603937
          ],
          [
            20.560645,
            44.603823
          ],
          [
            20.561406,
            44.60303
          ],
          [
            20.561633,
            44.602854
          ],
          [
            20.561889,
            44.602723
          ],
          [
            20.562263,
            44.602515
          ],
          [
            20.56259,
            44.602342
          ],
          [
            20.562742,
            44.602258
          ],
          [
            20.562829,
            44.602188
          ],
          [
            20.562891,
            44.602116
          ],
          [
            20.562944,
            44.602037
          ],
          [
            20.562993,
            44.601911
          ],
          [
            20.563207,
            44.600864
          ],
          [
            20.563261,
            44.600735
          ],
          [
            20.563313,
            44.600624
          ],
          [
            20.563403,
            44.60049
          ],
          [
            20.563521,
            44.600339
          ],
          [
            20.563638,
            44.600229
          ],
          [
            20.563746,
            44.600144
          ],
          [
            20.563968,
            44.600001
          ],
          [
            20.564187,
            44.599886
          ],
          [
            20.56456,
            44.599674
          ],
          [
            20.566257,
            44.598714
          ],
          [
            20.566284,
            44.598699
          ],
          [
            20.566531,
            44.598525
          ],
          [
            20.56678,
            44.598349
          ],
          [
            20.567051,
            44.598095
          ],
          [
            20.567298,
            44.597809
          ],
          [
            20.567467,
            44.597486
          ],
          [
            20.567598,
            44.597156
          ],
          [
            20.567779,
            44.596712
          ],
          [
            20.567807,
            44.596651
          ],
          [
            20.567845,
            44.596548
          ],
          [
            20.568134,
            44.59568
          ],
          [
            20.568147,
            44.595615
          ],
          [
            20.568153,
            44.595532
          ],
          [
            20.568145,
            44.595393
          ],
          [
            20.568113,
            44.595118
          ],
          [
            20.567993,
            44.594472
          ],
          [
            20.567981,
            44.594429
          ],
          [
            20.567976,
            44.594407
          ],
          [
            20.567952,
            44.594314
          ],
          [
            20.56789,
            44.594149
          ],
          [
            20.567795,
            44.593926
          ],
          [
            20.567789,
            44.593912
          ],
          [
            20.567786,
            44.593906
          ],
          [
            20.56774,
            44.593798
          ],
          [
            20.567582,
            44.593464
          ],
          [
            20.567483,
            44.593258
          ],
          [
            20.567459,
            44.59321
          ],
          [
            20.567377,
            44.593039
          ],
          [
            20.567341,
            44.592963
          ],
          [
            20.567113,
            44.592444
          ],
          [
            20.566931,
            44.59203
          ],
          [
            20.566885,
            44.591913
          ],
          [
            20.56687,
            44.591845
          ],
          [
            20.566867,
            44.591768
          ],
          [
            20.566878,
            44.591695
          ],
          [
            20.566901,
            44.591627
          ],
          [
            20.567115,
            44.591221
          ],
          [
            20.567485,
            44.590524
          ],
          [
            20.567611,
            44.59026
          ],
          [
            20.567644,
            44.590171
          ],
          [
            20.567667,
            44.590073
          ],
          [
            20.567678,
            44.589958
          ],
          [
            20.567674,
            44.589852
          ],
          [
            20.567653,
            44.589736
          ],
          [
            20.567607,
            44.589606
          ],
          [
            20.567546,
            44.58947
          ],
          [
            20.567451,
            44.589256
          ],
          [
            20.567425,
            44.589206
          ],
          [
            20.567316,
            44.588996
          ],
          [
            20.567265,
            44.588914
          ],
          [
            20.567233,
            44.588868
          ],
          [
            20.567172,
            44.58878
          ],
          [
            20.567083,
            44.588692
          ],
          [
            20.56696,
            44.5886
          ],
          [
            20.566847,
            44.588557
          ],
          [
            20.566659,
            44.588495
          ],
          [
            20.566276,
            44.588438
          ],
          [
            20.565935,
            44.588413
          ],
          [
            20.565565,
            44.588396
          ],
          [
            20.565366,
            44.588394
          ],
          [
            20.565173,
            44.588396
          ],
          [
            20.56494,
            44.588432
          ],
          [
            20.5648,
            44.588463
          ],
          [
            20.56465,
            44.588564
          ],
          [
            20.564505,
            44.588671
          ],
          [
            20.56439,
            44.588788
          ],
          [
            20.564251,
            44.588918
          ],
          [
            20.564143,
            44.588979
          ],
          [
            20.564025,
            44.589013
          ],
          [
            20.563811,
            44.589044
          ],
          [
            20.563682,
            44.589034
          ],
          [
            20.563553,
            44.589004
          ],
          [
            20.563465,
            44.588977
          ],
          [
            20.563382,
            44.588931
          ],
          [
            20.563312,
            44.588874
          ],
          [
            20.563242,
            44.588791
          ],
          [
            20.563218,
            44.588738
          ],
          [
            20.563207,
            44.588688
          ],
          [
            20.563191,
            44.588616
          ],
          [
            20.563197,
            44.588524
          ],
          [
            20.563229,
            44.588444
          ],
          [
            20.56329,
            44.588339
          ],
          [
            20.56347,
            44.588062
          ],
          [
            20.563728,
            44.58768
          ],
          [
            20.563867,
            44.587481
          ],
          [
            20.563948,
            44.587372
          ],
          [
            20.564031,
            44.58729
          ],
          [
            20.564181,
            44.587179
          ],
          [
            20.564339,
            44.587101
          ],
          [
            20.564564,
            44.586983
          ],
          [
            20.56475,
            44.586891
          ],
          [
            20.564811,
            44.586849
          ],
          [
            20.564886,
            44.586786
          ],
          [
            20.564959,
            44.586694
          ],
          [
            20.565055,
            44.586539
          ],
          [
            20.565171,
            44.586346
          ],
          [
            20.565361,
            44.585995
          ],
          [
            20.565436,
            44.585844
          ],
          [
            20.565474,
            44.585758
          ],
          [
            20.565482,
            44.58571
          ],
          [
            20.565479,
            44.585647
          ],
          [
            20.565455,
            44.585575
          ],
          [
            20.565433,
            44.585527
          ],
          [
            20.565399,
            44.585475
          ],
          [
            20.56534,
            44.585407
          ],
          [
            20.565256,
            44.585334
          ],
          [
            20.565109,
            44.585225
          ],
          [
            20.565002,
            44.585137
          ],
          [
            20.564943,
            44.585084
          ],
          [
            20.564892,
            44.585028
          ],
          [
            20.564829,
            44.584952
          ],
          [
            20.564803,
            44.584895
          ],
          [
            20.564776,
            44.584797
          ],
          [
            20.564776,
            44.584709
          ],
          [
            20.564795,
            44.584606
          ],
          [
            20.564929,
            44.58415
          ],
          [
            20.565005,
            44.583913
          ],
          [
            20.565024,
            44.583848
          ],
          [
            20.565058,
            44.583765
          ],
          [
            20.565108,
            44.583675
          ],
          [
            20.565168,
            44.583597
          ],
          [
            20.565233,
            44.583537
          ],
          [
            20.565325,
            44.583474
          ],
          [
            20.565433,
            44.583417
          ],
          [
            20.565482,
            44.583393
          ],
          [
            20.565484,
            44.583391
          ],
          [
            20.565659,
            44.583305
          ],
          [
            20.566016,
            44.58316
          ],
          [
            20.566321,
            44.583009
          ],
          [
            20.566482,
            44.582917
          ],
          [
            20.566627,
            44.582807
          ],
          [
            20.566718,
            44.5827
          ],
          [
            20.56684,
            44.582489
          ],
          [
            20.566852,
            44.582447
          ],
          [
            20.567013,
            44.58205
          ],
          [
            20.567137,
            44.581823
          ],
          [
            20.567206,
            44.581716
          ],
          [
            20.567311,
            44.581594
          ],
          [
            20.567445,
            44.58145
          ],
          [
            20.56759,
            44.581332
          ],
          [
            20.568306,
            44.580874
          ],
          [
            20.568356,
            44.580836
          ],
          [
            20.568388,
            44.580808
          ],
          [
            20.568418,
            44.580779
          ],
          [
            20.568448,
            44.580745
          ],
          [
            20.568473,
            44.580711
          ],
          [
            20.568503,
            44.58066
          ],
          [
            20.568528,
            44.580611
          ],
          [
            20.568543,
            44.580566
          ],
          [
            20.568553,
            44.580523
          ],
          [
            20.568562,
            44.580481
          ],
          [
            20.568566,
            44.580439
          ],
          [
            20.568563,
            44.580389
          ],
          [
            20.568558,
            44.580348
          ],
          [
            20.568549,
            44.580307
          ],
          [
            20.568534,
            44.580266
          ],
          [
            20.568517,
            44.580226
          ],
          [
            20.568495,
            44.580187
          ],
          [
            20.56847,
            44.580148
          ],
          [
            20.568431,
            44.5801
          ],
          [
            20.568396,
            44.580061
          ],
          [
            20.568351,
            44.580016
          ],
          [
            20.568269,
            44.57994
          ],
          [
            20.568203,
            44.579883
          ],
          [
            20.568142,
            44.579828
          ],
          [
            20.568092,
            44.579781
          ],
          [
            20.568001,
            44.579687
          ],
          [
            20.56796,
            44.579639
          ],
          [
            20.567912,
            44.579578
          ],
          [
            20.567871,
            44.579521
          ],
          [
            20.567847,
            44.579481
          ],
          [
            20.567821,
            44.579438
          ],
          [
            20.567798,
            44.579395
          ],
          [
            20.567772,
            44.579344
          ],
          [
            20.567747,
            44.579281
          ],
          [
            20.567725,
            44.57922
          ],
          [
            20.5677,
            44.579139
          ],
          [
            20.567674,
            44.579039
          ],
          [
            20.567648,
            44.578933
          ],
          [
            20.567589,
            44.578696
          ],
          [
            20.567532,
            44.578447
          ],
          [
            20.567499,
            44.578307
          ],
          [
            20.567483,
            44.578251
          ],
          [
            20.567468,
            44.578205
          ],
          [
            20.56745,
            44.578154
          ],
          [
            20.567432,
            44.578111
          ],
          [
            20.567404,
            44.578051
          ],
          [
            20.567371,
            44.577995
          ],
          [
            20.56733,
            44.577935
          ],
          [
            20.567288,
            44.577882
          ],
          [
            20.567207,
            44.577793
          ],
          [
            20.56713,
            44.577731
          ],
          [
            20.567078,
            44.577695
          ],
          [
            20.567032,
            44.577666
          ],
          [
            20.566963,
            44.577629
          ],
          [
            20.566891,
            44.577595
          ],
          [
            20.566809,
            44.577559
          ],
          [
            20.566729,
            44.577529
          ],
          [
            20.56663,
            44.577497
          ],
          [
            20.566433,
            44.577436
          ],
          [
            20.566111,
            44.577344
          ],
          [
            20.565737,
            44.577236
          ],
          [
            20.56559,
            44.577192
          ],
          [
            20.565441,
            44.577147
          ],
          [
            20.565313,
            44.577102
          ],
          [
            20.565185,
            44.577058
          ],
          [
            20.565105,
            44.577028
          ],
          [
            20.565001,
            44.576989
          ],
          [
            20.564953,
            44.57697
          ],
          [
            20.564844,
            44.576929
          ],
          [
            20.564691,
            44.576868
          ],
          [
            20.564556,
            44.576809
          ],
          [
            20.564446,
            44.576755
          ],
          [
            20.564343,
            44.576706
          ],
          [
            20.564243,
            44.576656
          ],
          [
            20.564149,
            44.576606
          ],
          [
            20.564062,
            44.576556
          ],
          [
            20.564017,
            44.576529
          ],
          [
            20.563964,
            44.576494
          ],
          [
            20.563882,
            44.576438
          ],
          [
            20.563792,
            44.576372
          ],
          [
            20.563625,
            44.576244
          ],
          [
            20.563449,
            44.576103
          ],
          [
            20.56326,
            44.575959
          ],
          [
            20.563167,
            44.575896
          ],
          [
            20.563093,
            44.575852
          ],
          [
            20.563056,
            44.575833
          ],
          [
            20.563003,
            44.575815
          ],
          [
            20.562954,
            44.575801
          ],
          [
            20.562887,
            44.575788
          ],
          [
            20.562821,
            44.575783
          ],
          [
            20.562747,
            44.575783
          ],
          [
            20.562662,
            44.57579
          ],
          [
            20.562582,
            44.575806
          ],
          [
            20.562498,
            44.575834
          ],
          [
            20.562414,
            44.575867
          ],
          [
            20.562359,
            44.575896
          ],
          [
            20.562318,
            44.575921
          ],
          [
            20.56229,
            44.575944
          ],
          [
            20.562254,
            44.575978
          ],
          [
            20.562219,
            44.57602
          ],
          [
            20.562195,
            44.57606
          ],
          [
            20.562169,
            44.576123
          ],
          [
            20.562142,
            44.576194
          ],
          [
            20.562097,
            44.576329
          ],
          [
            20.562052,
            44.576472
          ],
          [
            20.561955,
            44.576783
          ],
          [
            20.56193,
            44.57686
          ],
          [
            20.561905,
            44.576923
          ],
          [
            20.561874,
            44.576991
          ],
          [
            20.561831,
            44.577059
          ],
          [
            20.561779,
            44.577123
          ],
          [
            20.561744,
            44.577161
          ],
          [
            20.561692,
            44.577209
          ],
          [
            20.561655,
            44.577238
          ],
          [
            20.561607,
            44.577272
          ],
          [
            20.561552,
            44.577302
          ],
          [
            20.561493,
            44.577332
          ],
          [
            20.561426,
            44.577363
          ],
          [
            20.56137,
            44.577382
          ],
          [
            20.561305,
            44.577404
          ],
          [
            20.561218,
            44.577424
          ],
          [
            20.561151,
            44.577436
          ],
          [
            20.561049,
            44.577451
          ],
          [
            20.560992,
            44.577454
          ],
          [
            20.560918,
            44.577458
          ],
          [
            20.560807,
            44.577459
          ],
          [
            20.560714,
            44.577455
          ],
          [
            20.560642,
            44.577452
          ],
          [
            20.560556,
            44.577446
          ],
          [
            20.560459,
            44.577436
          ],
          [
            20.560353,
            44.577418
          ],
          [
            20.560263,
            44.5774
          ],
          [
            20.560176,
            44.577378
          ],
          [
            20.560101,
            44.577356
          ],
          [
            20.560029,
            44.577335
          ],
          [
            20.559993,
            44.577322
          ],
          [
            20.55997,
            44.577311
          ],
          [
            20.559906,
            44.577281
          ],
          [
            20.559869,
            44.577262
          ],
          [
            20.559836,
            44.577247
          ],
          [
            20.559786,
            44.577218
          ],
          [
            20.559741,
            44.577191
          ],
          [
            20.559691,
            44.577154
          ],
          [
            20.55966,
            44.577129
          ],
          [
            20.55963,
            44.577102
          ],
          [
            20.559592,
            44.577063
          ],
          [
            20.559569,
            44.577035
          ],
          [
            20.559546,
            44.577002
          ],
          [
            20.559526,
            44.576972
          ],
          [
            20.559505,
            44.576935
          ],
          [
            20.559487,
            44.576897
          ],
          [
            20.55947,
            44.576852
          ],
          [
            20.559458,
            44.576813
          ],
          [
            20.55945,
            44.576779
          ],
          [
            20.559442,
            44.576736
          ],
          [
            20.559438,
            44.576695
          ],
          [
            20.559436,
            44.576653
          ],
          [
            20.559437,
            44.576621
          ],
          [
            20.559438,
            44.576584
          ],
          [
            20.559444,
            44.576528
          ],
          [
            20.559449,
            44.576487
          ],
          [
            20.559456,
            44.576433
          ],
          [
            20.559486,
            44.576194
          ],
          [
            20.559502,
            44.576077
          ],
          [
            20.559533,
            44.575844
          ],
          [
            20.559553,
            44.575696
          ],
          [
            20.559564,
            44.575581
          ],
          [
            20.559585,
            44.575469
          ],
          [
            20.559595,
            44.575415
          ],
          [
            20.559604,
            44.57538
          ],
          [
            20.559614,
            44.575348
          ],
          [
            20.559625,
            44.575315
          ],
          [
            20.55964,
            44.575277
          ],
          [
            20.559656,
            44.575245
          ],
          [
            20.559677,
            44.575206
          ],
          [
            20.559705,
            44.57516
          ],
          [
            20.55974,
            44.575106
          ],
          [
            20.55978,
            44.575047
          ],
          [
            20.559794,
            44.575026
          ],
          [
            20.559809,
            44.575003
          ],
          [
            20.559833,
            44.574967
          ],
          [
            20.559855,
            44.57493
          ],
          [
            20.559872,
            44.5749
          ],
          [
            20.559883,
            44.574879
          ],
          [
            20.559894,
            44.574856
          ],
          [
            20.559906,
            44.574825
          ],
          [
            20.559918,
            44.574786
          ],
          [
            20.559925,
            44.574752
          ],
          [
            20.559927,
            44.574725
          ],
          [
            20.559927,
            44.574693
          ],
          [
            20.559923,
            44.574654
          ],
          [
            20.559919,
            44.574619
          ],
          [
            20.559909,
            44.57458
          ],
          [
            20.559896,
            44.574548
          ],
          [
            20.559879,
            44.574514
          ],
          [
            20.559857,
            44.574478
          ],
          [
            20.559829,
            44.574448
          ],
          [
            20.559798,
            44.574421
          ],
          [
            20.559751,
            44.574388
          ],
          [
            20.559706,
            44.574359
          ],
          [
            20.559658,
            44.574335
          ],
          [
            20.559604,
            44.574314
          ],
          [
            20.559542,
            44.574291
          ],
          [
            20.559464,
            44.574265
          ],
          [
            20.559301,
            44.574223
          ],
          [
            20.559137,
            44.574181
          ],
          [
            20.55893,
            44.574126
          ],
          [
            20.558837,
            44.5741
          ],
          [
            20.558734,
            44.574068
          ],
          [
            20.558624,
            44.574032
          ],
          [
            20.558541,
            44.574003
          ],
          [
            20.558504,
            44.57399
          ],
          [
            20.558464,
            44.573975
          ],
          [
            20.558423,
            44.573959
          ],
          [
            20.558365,
            44.573932
          ],
          [
            20.558309,
            44.573903
          ],
          [
            20.558257,
            44.573874
          ],
          [
            20.55823,
            44.573857
          ],
          [
            20.558201,
            44.573836
          ],
          [
            20.558167,
            44.573811
          ],
          [
            20.558132,
            44.573781
          ],
          [
            20.558098,
            44.573745
          ],
          [
            20.558072,
            44.57371
          ],
          [
            20.558046,
            44.573671
          ],
          [
            20.558024,
            44.573635
          ],
          [
            20.558005,
            44.573601
          ],
          [
            20.557993,
            44.573575
          ],
          [
            20.557981,
            44.573541
          ],
          [
            20.557968,
            44.573501
          ],
          [
            20.557953,
            44.573448
          ],
          [
            20.557944,
            44.573408
          ],
          [
            20.557939,
            44.57338
          ],
          [
            20.557937,
            44.573355
          ],
          [
            20.557937,
            44.573334
          ],
          [
            20.557944,
            44.573268
          ],
          [
            20.55795,
            44.573223
          ],
          [
            20.557961,
            44.573177
          ],
          [
            20.557972,
            44.573132
          ],
          [
            20.557988,
            44.573085
          ],
          [
            20.558,
            44.57305
          ],
          [
            20.558013,
            44.573022
          ],
          [
            20.558037,
            44.572972
          ],
          [
            20.558052,
            44.572948
          ],
          [
            20.558068,
            44.572923
          ],
          [
            20.558092,
            44.572888
          ],
          [
            20.558119,
            44.572856
          ],
          [
            20.558168,
            44.572805
          ],
          [
            20.558213,
            44.572764
          ],
          [
            20.558259,
            44.57273
          ],
          [
            20.558306,
            44.572699
          ],
          [
            20.558372,
            44.572664
          ],
          [
            20.558428,
            44.57264
          ],
          [
            20.558482,
            44.572622
          ],
          [
            20.558548,
            44.572601
          ],
          [
            20.558603,
            44.572587
          ],
          [
            20.558673,
            44.572574
          ],
          [
            20.558791,
            44.572477
          ],
          [
            20.558834,
            44.572457
          ],
          [
            20.558869,
            44.572445
          ],
          [
            20.558905,
            44.57244
          ],
          [
            20.55896,
            44.57244
          ],
          [
            20.559092,
            44.572451
          ],
          [
            20.559166,
            44.572458
          ],
          [
            20.559172,
            44.572458
          ],
          [
            20.559532,
            44.572501
          ],
          [
            20.559784,
            44.572531
          ],
          [
            20.559922,
            44.572544
          ],
          [
            20.560003,
            44.572547
          ],
          [
            20.560071,
            44.572546
          ],
          [
            20.560139,
            44.57254
          ],
          [
            20.560343,
            44.572507
          ],
          [
            20.560588,
            44.572465
          ],
          [
            20.560691,
            44.572444
          ],
          [
            20.560773,
            44.572421
          ],
          [
            20.560841,
            44.572395
          ],
          [
            20.560882,
            44.572369
          ],
          [
            20.560902,
            44.572352
          ],
          [
            20.560922,
            44.572329
          ],
          [
            20.560932,
            44.572299
          ],
          [
            20.560937,
            44.572257
          ],
          [
            20.560938,
            44.572227
          ],
          [
            20.560935,
            44.572195
          ],
          [
            20.56093,
            44.572166
          ],
          [
            20.560906,
            44.572108
          ],
          [
            20.560885,
            44.572064
          ],
          [
            20.560851,
            44.572004
          ],
          [
            20.560814,
            44.571942
          ],
          [
            20.560785,
            44.571888
          ],
          [
            20.560771,
            44.571858
          ],
          [
            20.560756,
            44.571824
          ],
          [
            20.560734,
            44.571773
          ],
          [
            20.560719,
            44.571727
          ],
          [
            20.560704,
            44.57168
          ],
          [
            20.560685,
            44.571603
          ],
          [
            20.560675,
            44.57156
          ],
          [
            20.560671,
            44.571529
          ],
          [
            20.560672,
            44.571499
          ],
          [
            20.560676,
            44.571467
          ],
          [
            20.560682,
            44.571439
          ],
          [
            20.560692,
            44.571406
          ],
          [
            20.560738,
            44.571285
          ],
          [
            20.560761,
            44.571232
          ],
          [
            20.560773,
            44.571194
          ],
          [
            20.560781,
            44.571157
          ],
          [
            20.560785,
            44.571129
          ],
          [
            20.560787,
            44.571104
          ],
          [
            20.560787,
            44.571074
          ],
          [
            20.56078,
            44.571043
          ],
          [
            20.560768,
            44.57101
          ],
          [
            20.560654,
            44.570826
          ],
          [
            20.560546,
            44.570668
          ],
          [
            20.560448,
            44.570517
          ],
          [
            20.560418,
            44.570452
          ],
          [
            20.560401,
            44.570398
          ],
          [
            20.560389,
            44.570347
          ],
          [
            20.560381,
            44.570302
          ],
          [
            20.560375,
            44.570255
          ],
          [
            20.56037,
            44.570187
          ],
          [
            20.56037,
            44.570105
          ],
          [
            20.560369,
            44.569981
          ],
          [
            20.560367,
            44.56991
          ],
          [
            20.560365,
            44.569832
          ],
          [
            20.560359,
            44.569772
          ],
          [
            20.56035,
            44.569724
          ],
          [
            20.560328,
            44.569644
          ],
          [
            20.560269,
            44.569514
          ],
          [
            20.560204,
            44.569366
          ],
          [
            20.560145,
            44.569254
          ],
          [
            20.560122,
            44.56922
          ],
          [
            20.560098,
            44.569196
          ],
          [
            20.56008,
            44.569179
          ],
          [
            20.560049,
            44.569161
          ],
          [
            20.560016,
            44.569157
          ],
          [
            20.559972,
            44.569157
          ],
          [
            20.559921,
            44.56917
          ],
          [
            20.559856,
            44.569192
          ],
          [
            20.559762,
            44.569231
          ],
          [
            20.559642,
            44.569283
          ],
          [
            20.559462,
            44.569357
          ],
          [
            20.559298,
            44.56943
          ],
          [
            20.559132,
            44.56951
          ],
          [
            20.559023,
            44.56957
          ],
          [
            20.558928,
            44.56963
          ],
          [
            20.558832,
            44.569695
          ],
          [
            20.558727,
            44.56978
          ],
          [
            20.558562,
            44.56993
          ],
          [
            20.558416,
            44.570069
          ],
          [
            20.558348,
            44.57013
          ],
          [
            20.558294,
            44.57017
          ],
          [
            20.558243,
            44.570198
          ],
          [
            20.558193,
            44.570218
          ],
          [
            20.558134,
            44.570231
          ],
          [
            20.558081,
            44.570235
          ],
          [
            20.558031,
            44.570229
          ],
          [
            20.55798,
            44.570212
          ],
          [
            20.557912,
            44.570176
          ],
          [
            20.557883,
            44.570158
          ],
          [
            20.557837,
            44.570123
          ],
          [
            20.557808,
            44.570091
          ],
          [
            20.557795,
            44.570063
          ],
          [
            20.55779,
            44.570033
          ],
          [
            20.557796,
            44.570004
          ],
          [
            20.557807,
            44.569976
          ],
          [
            20.557826,
            44.569946
          ],
          [
            20.557854,
            44.569911
          ],
          [
            20.557882,
            44.569886
          ],
          [
            20.557951,
            44.569835
          ],
          [
            20.558018,
            44.569796
          ],
          [
            20.558122,
            44.569732
          ],
          [
            20.55823,
            44.56967
          ],
          [
            20.558307,
            44.569623
          ],
          [
            20.558396,
            44.569565
          ],
          [
            20.558487,
            44.5695
          ],
          [
            20.558619,
            44.569402
          ],
          [
            20.558897,
            44.569198
          ],
          [
            20.559375,
            44.568859
          ],
          [
            20.559457,
            44.568794
          ],
          [
            20.559551,
            44.56871
          ],
          [
            20.559631,
            44.568637
          ],
          [
            20.559693,
            44.56858
          ],
          [
            20.559717,
            44.568555
          ],
          [
            20.559753,
            44.56852
          ],
          [
            20.559792,
            44.568475
          ],
          [
            20.559855,
            44.568407
          ],
          [
            20.559926,
            44.568318
          ],
          [
            20.559966,
            44.568245
          ],
          [
            20.559987,
            44.5682
          ],
          [
            20.559997,
            44.568178
          ],
          [
            20.560023,
            44.568114
          ],
          [
            20.560041,
            44.56805
          ],
          [
            20.560148,
            44.567663
          ],
          [
            20.560177,
            44.567561
          ],
          [
            20.56022,
            44.567426
          ],
          [
            20.560261,
            44.567302
          ],
          [
            20.56032,
            44.56715
          ],
          [
            20.560391,
            44.56697
          ],
          [
            20.560461,
            44.566807
          ],
          [
            20.560556,
            44.56658
          ],
          [
            20.560643,
            44.566386
          ],
          [
            20.560704,
            44.566261
          ],
          [
            20.560764,
            44.566147
          ],
          [
            20.560873,
            44.56594
          ],
          [
            20.560998,
            44.565703
          ],
          [
            20.561082,
            44.565553
          ],
          [
            20.561164,
            44.565411
          ],
          [
            20.561297,
            44.565193
          ],
          [
            20.56147,
            44.564918
          ],
          [
            20.561499,
            44.564848
          ],
          [
            20.561561,
            44.564737
          ],
          [
            20.561598,
            44.56466
          ],
          [
            20.56162,
            44.564619
          ],
          [
            20.561648,
            44.564571
          ],
          [
            20.561677,
            44.56453
          ],
          [
            20.561707,
            44.564491
          ],
          [
            20.561766,
            44.56442
          ],
          [
            20.561826,
            44.564355
          ],
          [
            20.561904,
            44.564285
          ],
          [
            20.561981,
            44.564222
          ],
          [
            20.56206,
            44.564159
          ],
          [
            20.562253,
            44.564031
          ],
          [
            20.562693,
            44.563733
          ],
          [
            20.563057,
            44.56342
          ],
          [
            20.563609,
            44.562977
          ],
          [
            20.564034,
            44.562594
          ],
          [
            20.56466,
            44.562032
          ],
          [
            20.564759,
            44.561921
          ],
          [
            20.565053,
            44.561593
          ],
          [
            20.565407,
            44.561203
          ],
          [
            20.565922,
            44.56063
          ],
          [
            20.566416,
            44.560173
          ],
          [
            20.566917,
            44.55958
          ],
          [
            20.56705,
            44.559409
          ],
          [
            20.567417,
            44.558818
          ],
          [
            20.567483,
            44.558696
          ],
          [
            20.567547,
            44.558523
          ],
          [
            20.567558,
            44.558371
          ],
          [
            20.567559,
            44.558306
          ],
          [
            20.567584,
            44.558062
          ],
          [
            20.567646,
            44.557775
          ],
          [
            20.567674,
            44.557622
          ],
          [
            20.567685,
            44.557445
          ],
          [
            20.567704,
            44.557112
          ],
          [
            20.567721,
            44.556886
          ],
          [
            20.567778,
            44.556676
          ],
          [
            20.56787,
            44.556398
          ],
          [
            20.567949,
            44.556148
          ],
          [
            20.567969,
            44.556052
          ],
          [
            20.567977,
            44.555943
          ],
          [
            20.567952,
            44.55581
          ],
          [
            20.567927,
            44.555715
          ],
          [
            20.567918,
            44.555678
          ],
          [
            20.567621,
            44.554779
          ],
          [
            20.567482,
            44.554373
          ],
          [
            20.56742,
            44.554215
          ],
          [
            20.567306,
            44.55394
          ],
          [
            20.567167,
            44.553612
          ],
          [
            20.567043,
            44.553295
          ],
          [
            20.566986,
            44.553148
          ],
          [
            20.566984,
            44.553031
          ],
          [
            20.567045,
            44.552914
          ],
          [
            20.567124,
            44.552817
          ],
          [
            20.567372,
            44.552648
          ],
          [
            20.567692,
            44.552427
          ],
          [
            20.567896,
            44.552182
          ],
          [
            20.568175,
            44.551777
          ],
          [
            20.568583,
            44.55131
          ],
          [
            20.568926,
            44.550737
          ],
          [
            20.56917,
            44.550337
          ],
          [
            20.56928,
            44.550156
          ],
          [
            20.569441,
            44.54985
          ],
          [
            20.569505,
            44.549475
          ],
          [
            20.569548,
            44.548979
          ],
          [
            20.569559,
            44.548489
          ],
          [
            20.569559,
            44.548214
          ],
          [
            20.569645,
            44.547931
          ],
          [
            20.569902,
            44.547541
          ],
          [
            20.570224,
            44.547205
          ],
          [
            20.570482,
            44.546899
          ],
          [
            20.570782,
            44.546516
          ],
          [
            20.571106,
            44.546186
          ],
          [
            20.571175,
            44.546065
          ],
          [
            20.571213,
            44.545892
          ],
          [
            20.571188,
            44.545719
          ],
          [
            20.571106,
            44.545551
          ],
          [
            20.570922,
            44.54524
          ],
          [
            20.570899,
            44.545106
          ],
          [
            20.570922,
            44.544964
          ],
          [
            20.571054,
            44.544551
          ],
          [
            20.571217,
            44.543986
          ],
          [
            20.57125,
            44.543565
          ],
          [
            20.571235,
            44.543416
          ],
          [
            20.571196,
            44.543275
          ],
          [
            20.570962,
            44.543065
          ],
          [
            20.570848,
            44.542986
          ],
          [
            20.570707,
            44.542907
          ],
          [
            20.570277,
            44.542629
          ],
          [
            20.57015,
            44.542512
          ],
          [
            20.570128,
            44.54241
          ],
          [
            20.570128,
            44.542166
          ],
          [
            20.57007,
            44.541829
          ],
          [
            20.569985,
            44.541565
          ],
          [
            20.56993,
            44.541247
          ],
          [
            20.569913,
            44.540942
          ],
          [
            20.569795,
            44.540629
          ],
          [
            20.569685,
            44.540323
          ],
          [
            20.569672,
            44.540231
          ],
          [
            20.569677,
            44.540139
          ],
          [
            20.569742,
            44.540017
          ],
          [
            20.569924,
            44.539864
          ],
          [
            20.570332,
            44.539489
          ],
          [
            20.570828,
            44.538887
          ],
          [
            20.570974,
            44.538684
          ],
          [
            20.571254,
            44.538396
          ],
          [
            20.571619,
            44.538074
          ],
          [
            20.571834,
            44.537868
          ],
          [
            20.571904,
            44.53776
          ],
          [
            20.571975,
            44.537652
          ],
          [
            20.572113,
            44.537248
          ],
          [
            20.572134,
            44.537038
          ],
          [
            20.57219,
            44.536801
          ],
          [
            20.572338,
            44.53656
          ],
          [
            20.572465,
            44.536429
          ],
          [
            20.57251,
            44.536354
          ],
          [
            20.572555,
            44.53627
          ],
          [
            20.572538,
            44.536163
          ],
          [
            20.572495,
            44.536015
          ],
          [
            20.572424,
            44.535819
          ],
          [
            20.572355,
            44.535673
          ],
          [
            20.572338,
            44.535562
          ],
          [
            20.572338,
            44.535398
          ],
          [
            20.572411,
            44.535164
          ],
          [
            20.572479,
            44.535029
          ],
          [
            20.572529,
            44.534902
          ],
          [
            20.572484,
            44.534796
          ],
          [
            20.572404,
            44.534696
          ],
          [
            20.572217,
            44.534522
          ],
          [
            20.571844,
            44.534235
          ],
          [
            20.571651,
            44.534193
          ],
          [
            20.571462,
            44.534173
          ],
          [
            20.570857,
            44.534231
          ],
          [
            20.570203,
            44.534327
          ],
          [
            20.569978,
            44.534345
          ],
          [
            20.569835,
            44.534342
          ],
          [
            20.569756,
            44.534315
          ],
          [
            20.569709,
            44.534274
          ],
          [
            20.569703,
            44.534204
          ],
          [
            20.56988,
            44.534033
          ],
          [
            20.569992,
            44.533936
          ],
          [
            20.570375,
            44.533662
          ],
          [
            20.570568,
            44.533509
          ],
          [
            20.570717,
            44.53342
          ],
          [
            20.571383,
            44.533035
          ],
          [
            20.571641,
            44.532843
          ],
          [
            20.571834,
            44.532629
          ],
          [
            20.571952,
            44.532247
          ],
          [
            20.572284,
            44.531551
          ],
          [
            20.572349,
            44.531426
          ],
          [
            20.572595,
            44.530947
          ],
          [
            20.572714,
            44.530738
          ],
          [
            20.572853,
            44.530495
          ],
          [
            20.573117,
            44.53018
          ],
          [
            20.573225,
            44.530058
          ],
          [
            20.573325,
            44.529945
          ],
          [
            20.573504,
            44.529672
          ],
          [
            20.574076,
            44.528797
          ],
          [
            20.574255,
            44.528505
          ],
          [
            20.574669,
            44.527916
          ],
          [
            20.574716,
            44.527832
          ],
          [
            20.574806,
            44.527673
          ],
          [
            20.575084,
            44.527222
          ],
          [
            20.575589,
            44.526602
          ],
          [
            20.575876,
            44.526208
          ],
          [
            20.575985,
            44.52602
          ],
          [
            20.576006,
            44.52596
          ],
          [
            20.57602,
            44.525877
          ],
          [
            20.575996,
            44.525782
          ],
          [
            20.575922,
            44.525581
          ],
          [
            20.575743,
            44.525107
          ],
          [
            20.575717,
            44.525004
          ],
          [
            20.575738,
            44.524541
          ],
          [
            20.575744,
            44.524413
          ],
          [
            20.575751,
            44.524096
          ],
          [
            20.575752,
            44.524049
          ],
          [
            20.575735,
            44.52389
          ],
          [
            20.575667,
            44.523741
          ],
          [
            20.575536,
            44.523436
          ],
          [
            20.575516,
            44.52339
          ],
          [
            20.575397,
            44.52311
          ],
          [
            20.575358,
            44.523018
          ],
          [
            20.57528,
            44.522905
          ],
          [
            20.575184,
            44.522792
          ],
          [
            20.574975,
            44.52255
          ],
          [
            20.574787,
            44.522336
          ],
          [
            20.574648,
            44.522172
          ],
          [
            20.5745,
            44.521985
          ],
          [
            20.574461,
            44.521933
          ],
          [
            20.57443,
            44.521874
          ],
          [
            20.574411,
            44.521829
          ],
          [
            20.574406,
            44.521775
          ],
          [
            20.5744,
            44.521723
          ],
          [
            20.5744,
            44.521659
          ],
          [
            20.574413,
            44.521534
          ],
          [
            20.574419,
            44.521481
          ],
          [
            20.574424,
            44.521424
          ],
          [
            20.574451,
            44.521136
          ],
          [
            20.57446,
            44.521036
          ],
          [
            20.574481,
            44.520717
          ],
          [
            20.5745,
            44.520532
          ],
          [
            20.574511,
            44.520411
          ],
          [
            20.574515,
            44.52038
          ],
          [
            20.574524,
            44.520299
          ],
          [
            20.574562,
            44.520125
          ],
          [
            20.574633,
            44.519935
          ],
          [
            20.574648,
            44.519862
          ],
          [
            20.574661,
            44.519766
          ],
          [
            20.574667,
            44.519684
          ],
          [
            20.574669,
            44.519612
          ],
          [
            20.574659,
            44.519503
          ],
          [
            20.574642,
            44.519427
          ],
          [
            20.574611,
            44.519357
          ],
          [
            20.574547,
            44.519219
          ],
          [
            20.574449,
            44.519062
          ],
          [
            20.574338,
            44.518958
          ],
          [
            20.574228,
            44.518884
          ],
          [
            20.573932,
            44.51873
          ],
          [
            20.573368,
            44.518425
          ],
          [
            20.572844,
            44.518138
          ],
          [
            20.57256,
            44.517967
          ],
          [
            20.572176,
            44.517768
          ],
          [
            20.571874,
            44.517597
          ],
          [
            20.571026,
            44.51708
          ],
          [
            20.570747,
            44.516891
          ],
          [
            20.570192,
            44.5165
          ],
          [
            20.56988,
            44.516284
          ],
          [
            20.569802,
            44.516212
          ],
          [
            20.56974,
            44.516141
          ],
          [
            20.569664,
            44.51604
          ],
          [
            20.569609,
            44.515935
          ],
          [
            20.569565,
            44.515842
          ],
          [
            20.569555,
            44.515765
          ],
          [
            20.56955,
            44.515677
          ],
          [
            20.569563,
            44.515596
          ],
          [
            20.569632,
            44.515385
          ],
          [
            20.569917,
            44.514875
          ],
          [
            20.569962,
            44.514763
          ],
          [
            20.569995,
            44.514676
          ],
          [
            20.570027,
            44.514578
          ],
          [
            20.57007,
            44.514359
          ],
          [
            20.570087,
            44.514255
          ],
          [
            20.57011,
            44.514116
          ],
          [
            20.570127,
            44.513993
          ],
          [
            20.570147,
            44.513769
          ],
          [
            20.570148,
            44.513708
          ],
          [
            20.570141,
            44.513637
          ],
          [
            20.570035,
            44.513167
          ],
          [
            20.569959,
            44.51289
          ],
          [
            20.569702,
            44.512022
          ],
          [
            20.569641,
            44.511768
          ],
          [
            20.56964,
            44.511764
          ],
          [
            20.569564,
            44.511452
          ],
          [
            20.569554,
            44.511294
          ],
          [
            20.569562,
            44.51113
          ],
          [
            20.569625,
            44.510979
          ],
          [
            20.569674,
            44.510865
          ],
          [
            20.569845,
            44.510638
          ],
          [
            20.569971,
            44.51046
          ],
          [
            20.57009,
            44.510327
          ],
          [
            20.570167,
            44.510184
          ],
          [
            20.570215,
            44.510068
          ],
          [
            20.570215,
            44.50991
          ],
          [
            20.570188,
            44.509792
          ],
          [
            20.570125,
            44.509642
          ],
          [
            20.570078,
            44.509555
          ],
          [
            20.56997,
            44.509393
          ],
          [
            20.569648,
            44.508863
          ],
          [
            20.569494,
            44.508638
          ],
          [
            20.569435,
            44.508552
          ],
          [
            20.569412,
            44.508516
          ],
          [
            20.569122,
            44.508087
          ],
          [
            20.568915,
            44.507792
          ],
          [
            20.568793,
            44.507674
          ],
          [
            20.568693,
            44.507591
          ],
          [
            20.568565,
            44.507518
          ],
          [
            20.568475,
            44.507473
          ],
          [
            20.568354,
            44.50742
          ],
          [
            20.568258,
            44.507385
          ],
          [
            20.568044,
            44.507309
          ],
          [
            20.567965,
            44.50728
          ],
          [
            20.567856,
            44.507241
          ],
          [
            20.567671,
            44.507171
          ],
          [
            20.56748,
            44.507099
          ],
          [
            20.567231,
            44.507004
          ],
          [
            20.56712,
            44.506964
          ],
          [
            20.566752,
            44.506843
          ],
          [
            20.566256,
            44.506675
          ],
          [
            20.566066,
            44.50661
          ],
          [
            20.565761,
            44.506497
          ],
          [
            20.565537,
            44.506416
          ],
          [
            20.56538,
            44.506369
          ],
          [
            20.565231,
            44.506336
          ],
          [
            20.565068,
            44.506312
          ],
          [
            20.564871,
            44.50629
          ],
          [
            20.564719,
            44.506277
          ],
          [
            20.564545,
            44.506268
          ],
          [
            20.563961,
            44.506243
          ],
          [
            20.563062,
            44.506233
          ],
          [
            20.562258,
            44.506224
          ],
          [
            20.562067,
            44.506208
          ],
          [
            20.561989,
            44.506202
          ],
          [
            20.561763,
            44.506153
          ],
          [
            20.561599,
            44.506103
          ],
          [
            20.561363,
            44.506024
          ],
          [
            20.561133,
            44.505927
          ],
          [
            20.560953,
            44.505822
          ],
          [
            20.560765,
            44.505704
          ],
          [
            20.560632,
            44.505579
          ],
          [
            20.560523,
            44.50544
          ],
          [
            20.560477,
            44.505303
          ],
          [
            20.560462,
            44.505156
          ],
          [
            20.560475,
            44.504983
          ],
          [
            20.560536,
            44.504813
          ],
          [
            20.560776,
            44.504361
          ],
          [
            20.5609,
            44.504124
          ],
          [
            20.560901,
            44.504122
          ],
          [
            20.560931,
            44.504064
          ],
          [
            20.560985,
            44.503929
          ],
          [
            20.561005,
            44.503829
          ],
          [
            20.560999,
            44.503769
          ],
          [
            20.56099,
            44.503682
          ],
          [
            20.56099,
            44.503645
          ],
          [
            20.560949,
            44.50353
          ],
          [
            20.56081,
            44.503299
          ],
          [
            20.56035,
            44.502677
          ],
          [
            20.560197,
            44.502487
          ],
          [
            20.559881,
            44.502064
          ],
          [
            20.559766,
            44.501917
          ],
          [
            20.559639,
            44.501758
          ],
          [
            20.559601,
            44.501685
          ],
          [
            20.559582,
            44.501637
          ],
          [
            20.559565,
            44.501577
          ],
          [
            20.559552,
            44.50152
          ],
          [
            20.559548,
            44.501456
          ],
          [
            20.559552,
            44.501399
          ],
          [
            20.559563,
            44.501345
          ],
          [
            20.559586,
            44.501282
          ],
          [
            20.55962,
            44.501218
          ],
          [
            20.559654,
            44.501169
          ],
          [
            20.559895,
            44.500933
          ],
          [
            20.560285,
            44.500525
          ],
          [
            20.560914,
            44.499873
          ],
          [
            20.561604,
            44.499165
          ],
          [
            20.562246,
            44.498488
          ],
          [
            20.562773,
            44.497942
          ],
          [
            20.563219,
            44.497401
          ],
          [
            20.563222,
            44.497398
          ],
          [
            20.563466,
            44.497103
          ],
          [
            20.563674,
            44.496852
          ],
          [
            20.563915,
            44.496562
          ],
          [
            20.564189,
            44.49622
          ],
          [
            20.564688,
            44.49563
          ],
          [
            20.564836,
            44.49545
          ],
          [
            20.565014,
            44.495228
          ],
          [
            20.565321,
            44.494853
          ],
          [
            20.565324,
            44.49485
          ],
          [
            20.565409,
            44.494747
          ],
          [
            20.565519,
            44.494617
          ],
          [
            20.565664,
            44.494436
          ],
          [
            20.565749,
            44.494333
          ],
          [
            20.565849,
            44.494205
          ],
          [
            20.565906,
            44.49413
          ],
          [
            20.565947,
            44.494066
          ],
          [
            20.565972,
            44.494015
          ],
          [
            20.565986,
            44.49396
          ],
          [
            20.56599,
            44.493918
          ],
          [
            20.565987,
            44.493872
          ],
          [
            20.565974,
            44.493823
          ],
          [
            20.56595,
            44.493771
          ],
          [
            20.565896,
            44.493683
          ],
          [
            20.565845,
            44.493611
          ],
          [
            20.565301,
            44.492875
          ],
          [
            20.564642,
            44.49203
          ],
          [
            20.564616,
            44.491997
          ],
          [
            20.563826,
            44.49096
          ],
          [
            20.562791,
            44.489567
          ],
          [
            20.562183,
            44.488777
          ],
          [
            20.562023,
            44.488569
          ],
          [
            20.561758,
            44.488224
          ],
          [
            20.561726,
            44.488175
          ],
          [
            20.561706,
            44.488139
          ],
          [
            20.561686,
            44.488097
          ],
          [
            20.561658,
            44.488029
          ],
          [
            20.561646,
            44.487984
          ],
          [
            20.56164,
            44.48795
          ],
          [
            20.561637,
            44.48791
          ],
          [
            20.561636,
            44.487848
          ],
          [
            20.561639,
            44.487804
          ],
          [
            20.561642,
            44.487767
          ],
          [
            20.561649,
            44.487711
          ],
          [
            20.56166,
            44.487649
          ],
          [
            20.56168,
            44.487554
          ],
          [
            20.561706,
            44.487383
          ],
          [
            20.561713,
            44.487319
          ],
          [
            20.561716,
            44.487259
          ],
          [
            20.561716,
            44.487196
          ],
          [
            20.561712,
            44.487133
          ],
          [
            20.561703,
            44.487072
          ],
          [
            20.561687,
            44.487003
          ],
          [
            20.561662,
            44.486915
          ],
          [
            20.561633,
            44.486814
          ],
          [
            20.561605,
            44.486719
          ],
          [
            20.561525,
            44.486477
          ],
          [
            20.561443,
            44.486204
          ],
          [
            20.561363,
            44.485931
          ],
          [
            20.561314,
            44.485776
          ],
          [
            20.561265,
            44.485626
          ],
          [
            20.561238,
            44.485558
          ],
          [
            20.561215,
            44.485497
          ],
          [
            20.561187,
            44.485441
          ],
          [
            20.561163,
            44.485403
          ],
          [
            20.561099,
            44.485318
          ],
          [
            20.561051,
            44.485266
          ],
          [
            20.560993,
            44.48521
          ],
          [
            20.560941,
            44.485164
          ],
          [
            20.560874,
            44.485115
          ],
          [
            20.560783,
            44.485055
          ],
          [
            20.56069,
            44.485
          ],
          [
            20.560558,
            44.484922
          ],
          [
            20.560414,
            44.484837
          ],
          [
            20.560168,
            44.48469
          ],
          [
            20.560111,
            44.484656
          ],
          [
            20.560042,
            44.484616
          ],
          [
            20.559897,
            44.48453
          ],
          [
            20.559699,
            44.484416
          ],
          [
            20.559496,
            44.484297
          ],
          [
            20.559305,
            44.484188
          ],
          [
            20.559151,
            44.4841
          ],
          [
            20.559076,
            44.484057
          ],
          [
            20.559004,
            44.484014
          ],
          [
            20.558929,
            44.483964
          ],
          [
            20.558848,
            44.483914
          ],
          [
            20.558776,
            44.483871
          ],
          [
            20.558711,
            44.483824
          ],
          [
            20.558643,
            44.483777
          ],
          [
            20.558583,
            44.483732
          ],
          [
            20.558533,
            44.483692
          ],
          [
            20.558465,
            44.483639
          ],
          [
            20.558401,
            44.48358
          ],
          [
            20.55833,
            44.483508
          ],
          [
            20.557988,
            44.483144
          ],
          [
            20.557653,
            44.482785
          ],
          [
            20.557578,
            44.482705
          ],
          [
            20.557528,
            44.482637
          ],
          [
            20.557507,
            44.482565
          ],
          [
            20.557491,
            44.482499
          ],
          [
            20.557474,
            44.482377
          ],
          [
            20.557461,
            44.482273
          ],
          [
            20.557449,
            44.482153
          ],
          [
            20.557454,
            44.482077
          ],
          [
            20.557464,
            44.481992
          ],
          [
            20.557469,
            44.481944
          ],
          [
            20.557477,
            44.481904
          ],
          [
            20.557488,
            44.481849
          ],
          [
            20.557513,
            44.481782
          ],
          [
            20.557546,
            44.481697
          ],
          [
            20.557586,
            44.481634
          ],
          [
            20.557627,
            44.481576
          ],
          [
            20.557678,
            44.481516
          ],
          [
            20.557756,
            44.48143
          ],
          [
            20.557832,
            44.481348
          ],
          [
            20.557915,
            44.481265
          ],
          [
            20.558018,
            44.48119
          ],
          [
            20.558089,
            44.481136
          ],
          [
            20.558175,
            44.481078
          ],
          [
            20.558249,
            44.481037
          ],
          [
            20.558347,
            44.480985
          ],
          [
            20.558447,
            44.480935
          ],
          [
            20.558572,
            44.480875
          ],
          [
            20.559258,
            44.480575
          ],
          [
            20.559566,
            44.480422
          ],
          [
            20.559877,
            44.480262
          ],
          [
            20.560001,
            44.480198
          ],
          [
            20.560254,
            44.480076
          ],
          [
            20.560546,
            44.479921
          ],
          [
            20.561043,
            44.479677
          ],
          [
            20.562029,
            44.479195
          ],
          [
            20.562097,
            44.479159
          ],
          [
            20.562189,
            44.479109
          ],
          [
            20.562315,
            44.479038
          ],
          [
            20.562424,
            44.478978
          ],
          [
            20.562537,
            44.478908
          ],
          [
            20.562663,
            44.47883
          ],
          [
            20.562769,
            44.478758
          ],
          [
            20.562846,
            44.478702
          ],
          [
            20.562923,
            44.478643
          ],
          [
            20.563013,
            44.478569
          ],
          [
            20.563101,
            44.47849
          ],
          [
            20.563203,
            44.478397
          ],
          [
            20.56332,
            44.478285
          ],
          [
            20.563504,
            44.478116
          ],
          [
            20.563662,
            44.477972
          ],
          [
            20.56382,
            44.477825
          ],
          [
            20.564141,
            44.47753
          ],
          [
            20.56457,
            44.477122
          ],
          [
            20.564819,
            44.476903
          ],
          [
            20.565096,
            44.476661
          ],
          [
            20.565567,
            44.476241
          ],
          [
            20.566066,
            44.475816
          ],
          [
            20.566344,
            44.475544
          ],
          [
            20.566601,
            44.475277
          ],
          [
            20.566872,
            44.47501
          ],
          [
            20.567008,
            44.474877
          ],
          [
            20.567078,
            44.474814
          ],
          [
            20.567129,
            44.474751
          ],
          [
            20.56716,
            44.474702
          ],
          [
            20.567175,
            44.474652
          ],
          [
            20.567185,
            44.474608
          ],
          [
            20.56719,
            44.474539
          ],
          [
            20.567183,
            44.474491
          ],
          [
            20.567174,
            44.474449
          ],
          [
            20.567156,
            44.47439
          ],
          [
            20.567106,
            44.474313
          ],
          [
            20.567017,
            44.474202
          ],
          [
            20.566995,
            44.474175
          ],
          [
            20.566932,
            44.474099
          ],
          [
            20.566834,
            44.473982
          ],
          [
            20.566705,
            44.473828
          ],
          [
            20.56656,
            44.473651
          ],
          [
            20.56649,
            44.473575
          ],
          [
            20.566421,
            44.473511
          ],
          [
            20.566266,
            44.4734
          ],
          [
            20.566111,
            44.473302
          ],
          [
            20.565908,
            44.473185
          ],
          [
            20.565513,
            44.472978
          ],
          [
            20.565057,
            44.472733
          ],
          [
            20.564815,
            44.472612
          ],
          [
            20.564691,
            44.472551
          ],
          [
            20.564567,
            44.472502
          ],
          [
            20.564456,
            44.472468
          ],
          [
            20.564364,
            44.472452
          ],
          [
            20.564314,
            44.472443
          ],
          [
            20.564253,
            44.472433
          ],
          [
            20.56415,
            44.472426
          ],
          [
            20.564025,
            44.472433
          ],
          [
            20.563941,
            44.472442
          ],
          [
            20.563845,
            44.472463
          ],
          [
            20.56374,
            44.472493
          ],
          [
            20.563604,
            44.472548
          ],
          [
            20.563358,
            44.472678
          ],
          [
            20.563233,
            44.472739
          ],
          [
            20.563118,
            44.472792
          ],
          [
            20.563046,
            44.472811
          ],
          [
            20.562969,
            44.472823
          ],
          [
            20.562884,
            44.472821
          ],
          [
            20.562818,
            44.472803
          ],
          [
            20.562779,
            44.472773
          ],
          [
            20.562758,
            44.472732
          ],
          [
            20.562758,
            44.472677
          ],
          [
            20.562763,
            44.472622
          ],
          [
            20.562771,
            44.472569
          ],
          [
            20.562785,
            44.472525
          ],
          [
            20.562813,
            44.472469
          ],
          [
            20.562852,
            44.472428
          ],
          [
            20.562949,
            44.472376
          ],
          [
            20.5632,
            44.472262
          ],
          [
            20.56348,
            44.472138
          ],
          [
            20.56393,
            44.471947
          ],
          [
            20.564379,
            44.471743
          ],
          [
            20.565051,
            44.471447
          ],
          [
            20.56525,
            44.471357
          ],
          [
            20.565462,
            44.471267
          ],
          [
            20.565818,
            44.471126
          ],
          [
            20.565964,
            44.471074
          ],
          [
            20.566057,
            44.471054
          ],
          [
            20.566151,
            44.471051
          ],
          [
            20.566297,
            44.471061
          ],
          [
            20.566369,
            44.471074
          ],
          [
            20.566418,
            44.471089
          ],
          [
            20.56651,
            44.471128
          ],
          [
            20.566605,
            44.471183
          ],
          [
            20.566705,
            44.47126
          ],
          [
            20.566821,
            44.47135
          ],
          [
            20.56722,
            44.471691
          ],
          [
            20.567327,
            44.471782
          ],
          [
            20.567423,
            44.471854
          ],
          [
            20.567532,
            44.471936
          ],
          [
            20.567647,
            44.471988
          ],
          [
            20.567734,
            44.472013
          ],
          [
            20.567821,
            44.47203
          ],
          [
            20.567919,
            44.472042
          ],
          [
            20.568026,
            44.472041
          ],
          [
            20.568122,
            44.472036
          ],
          [
            20.568236,
            44.472024
          ],
          [
            20.568558,
            44.471968
          ],
          [
            20.568904,
            44.471903
          ],
          [
            20.569191,
            44.471847
          ],
          [
            20.569505,
            44.47179
          ],
          [
            20.569707,
            44.471758
          ],
          [
            20.569963,
            44.471726
          ],
          [
            20.570233,
            44.471704
          ],
          [
            20.570545,
            44.47169
          ],
          [
            20.570954,
            44.471677
          ],
          [
            20.571395,
            44.471662
          ],
          [
            20.572079,
            44.471627
          ],
          [
            20.572245,
            44.471632
          ],
          [
            20.572349,
            44.471643
          ],
          [
            20.5725,
            44.47167
          ],
          [
            20.572633,
            44.471724
          ],
          [
            20.572737,
            44.471777
          ],
          [
            20.572804,
            44.471855
          ],
          [
            20.572826,
            44.471923
          ],
          [
            20.572835,
            44.471971
          ],
          [
            20.572832,
            44.472029
          ],
          [
            20.572824,
            44.472093
          ],
          [
            20.572807,
            44.472134
          ],
          [
            20.57279,
            44.47217
          ],
          [
            20.572759,
            44.472215
          ],
          [
            20.572696,
            44.472296
          ],
          [
            20.57264,
            44.472357
          ],
          [
            20.572584,
            44.472416
          ],
          [
            20.572527,
            44.47247
          ],
          [
            20.572466,
            44.472532
          ],
          [
            20.572404,
            44.472597
          ],
          [
            20.572366,
            44.472645
          ],
          [
            20.572334,
            44.472688
          ],
          [
            20.57229,
            44.472758
          ],
          [
            20.572257,
            44.472815
          ],
          [
            20.572237,
            44.472869
          ],
          [
            20.572216,
            44.472934
          ],
          [
            20.572194,
            44.473028
          ],
          [
            20.572176,
            44.473113
          ],
          [
            20.572155,
            44.473229
          ],
          [
            20.57211,
            44.473522
          ],
          [
            20.572058,
            44.47387
          ],
          [
            20.572007,
            44.474249
          ],
          [
            20.571995,
            44.47436
          ],
          [
            20.571987,
            44.474466
          ],
          [
            20.571987,
            44.474532
          ],
          [
            20.571995,
            44.474602
          ],
          [
            20.572004,
            44.474673
          ],
          [
            20.572019,
            44.474741
          ],
          [
            20.572042,
            44.47481
          ],
          [
            20.572067,
            44.474866
          ],
          [
            20.572097,
            44.474917
          ],
          [
            20.572117,
            44.474951
          ],
          [
            20.572149,
            44.474995
          ],
          [
            20.572195,
            44.475053
          ],
          [
            20.572302,
            44.47518
          ],
          [
            20.57245,
            44.475353
          ],
          [
            20.572526,
            44.475441
          ],
          [
            20.572893,
            44.475858
          ],
          [
            20.572927,
            44.475889
          ],
          [
            20.572974,
            44.475921
          ],
          [
            20.573025,
            44.475943
          ],
          [
            20.573085,
            44.475957
          ],
          [
            20.573132,
            44.47596
          ],
          [
            20.573192,
            44.475954
          ],
          [
            20.573248,
            44.475938
          ],
          [
            20.573296,
            44.475915
          ],
          [
            20.573323,
            44.475893
          ],
          [
            20.57335,
            44.475861
          ],
          [
            20.573364,
            44.475824
          ],
          [
            20.573373,
            44.47577
          ],
          [
            20.573365,
            44.475714
          ],
          [
            20.573331,
            44.47565
          ],
          [
            20.573302,
            44.475608
          ],
          [
            20.573069,
            44.475389
          ],
          [
            20.572899,
            44.475215
          ],
          [
            20.572817,
            44.475125
          ],
          [
            20.572768,
            44.475066
          ],
          [
            20.572723,
            44.474997
          ],
          [
            20.572708,
            44.474963
          ],
          [
            20.572698,
            44.47492
          ],
          [
            20.572694,
            44.474881
          ],
          [
            20.572694,
            44.474839
          ],
          [
            20.572699,
            44.474791
          ],
          [
            20.57271,
            44.474737
          ],
          [
            20.572726,
            44.474688
          ],
          [
            20.572747,
            44.474645
          ],
          [
            20.572777,
            44.474603
          ],
          [
            20.572819,
            44.474546
          ],
          [
            20.572868,
            44.47448
          ],
          [
            20.572913,
            44.474424
          ],
          [
            20.573095,
            44.474219
          ],
          [
            20.573291,
            44.474006
          ],
          [
            20.573582,
            44.473677
          ],
          [
            20.573791,
            44.473412
          ],
          [
            20.57385,
            44.473361
          ],
          [
            20.573906,
            44.473317
          ],
          [
            20.573988,
            44.47326
          ],
          [
            20.574074,
            44.473208
          ],
          [
            20.574149,
            44.47317
          ],
          [
            20.574209,
            44.473141
          ],
          [
            20.574268,
            44.473116
          ],
          [
            20.574368,
            44.473081
          ],
          [
            20.574527,
            44.47303
          ],
          [
            20.574769,
            44.472956
          ],
          [
            20.575332,
            44.47279
          ],
          [
            20.57579,
            44.472638
          ],
          [
            20.576163,
            44.472523
          ],
          [
            20.576374,
            44.472459
          ],
          [
            20.57655,
            44.472404
          ],
          [
            20.576645,
            44.47237
          ],
          [
            20.576721,
            44.472338
          ],
          [
            20.576805,
            44.472302
          ],
          [
            20.576854,
            44.472278
          ],
          [
            20.576904,
            44.472249
          ],
          [
            20.576936,
            44.472227
          ],
          [
            20.576976,
            44.472197
          ],
          [
            20.577126,
            44.47208
          ],
          [
            20.577095,
            44.472048
          ],
          [
            20.577063,
            44.472007
          ],
          [
            20.577043,
            44.47198
          ],
          [
            20.576803,
            44.47166
          ],
          [
            20.576668,
            44.471501
          ],
          [
            20.57548,
            44.470598
          ],
          [
            20.574252,
            44.469788
          ],
          [
            20.573025,
            44.469084
          ],
          [
            20.571356,
            44.468575
          ],
          [
            20.571064,
            44.468438
          ],
          [
            20.570931,
            44.468285
          ],
          [
            20.570803,
            44.468076
          ],
          [
            20.570617,
            44.467573
          ],
          [
            20.57049,
            44.467262
          ],
          [
            20.570395,
            44.467029
          ],
          [
            20.570387,
            44.466893
          ],
          [
            20.570272,
            44.466825
          ],
          [
            20.569704,
            44.466489
          ],
          [
            20.56954,
            44.466418
          ],
          [
            20.569448,
            44.46632
          ],
          [
            20.569256,
            44.466255
          ],
          [
            20.569055,
            44.46617
          ],
          [
            20.568735,
            44.466052
          ],
          [
            20.56826,
            44.465994
          ],
          [
            20.567876,
            44.465902
          ],
          [
            20.567565,
            44.46572
          ],
          [
            20.567181,
            44.465408
          ],
          [
            20.566709,
            44.465347
          ],
          [
            20.566709,
            44.465347
          ],
          [
            20.566514,
            44.465344
          ],
          [
            20.566333,
            44.465395
          ],
          [
            20.566141,
            44.46545
          ],
          [
            20.565854,
            44.465577
          ],
          [
            20.565548,
            44.465782
          ],
          [
            20.565338,
            44.465905
          ],
          [
            20.565076,
            44.466005
          ],
          [
            20.564872,
            44.466033
          ],
          [
            20.564521,
            44.466014
          ],
          [
            20.564285,
            44.466023
          ],
          [
            20.564093,
            44.466057
          ],
          [
            20.56393,
            44.466057
          ],
          [
            20.563771,
            44.466012
          ],
          [
            20.563675,
            44.465946
          ],
          [
            20.563618,
            44.465878
          ],
          [
            20.563597,
            44.46581
          ],
          [
            20.563618,
            44.465878
          ],
          [
            20.563675,
            44.465946
          ],
          [
            20.563771,
            44.466012
          ],
          [
            20.56393,
            44.466057
          ],
          [
            20.564093,
            44.466057
          ],
          [
            20.564285,
            44.466023
          ],
          [
            20.564521,
            44.466014
          ],
          [
            20.564872,
            44.466033
          ],
          [
            20.565076,
            44.466005
          ],
          [
            20.565338,
            44.465905
          ],
          [
            20.565548,
            44.465782
          ],
          [
            20.565854,
            44.465577
          ],
          [
            20.566141,
            44.46545
          ],
          [
            20.566333,
            44.465395
          ],
          [
            20.566514,
            44.465344
          ],
          [
            20.566709,
            44.465347
          ],
          [
            20.567181,
            44.465408
          ],
          [
            20.567565,
            44.46572
          ],
          [
            20.567876,
            44.465902
          ],
          [
            20.56826,
            44.465994
          ],
          [
            20.568735,
            44.466052
          ],
          [
            20.569055,
            44.46617
          ],
          [
            20.569256,
            44.466255
          ],
          [
            20.569448,
            44.46632
          ],
          [
            20.56954,
            44.466418
          ],
          [
            20.569704,
            44.466489
          ],
          [
            20.570272,
            44.466825
          ],
          [
            20.570387,
            44.466893
          ],
          [
            20.570395,
            44.467029
          ],
          [
            20.57049,
            44.467262
          ],
          [
            20.570617,
            44.467573
          ],
          [
            20.570803,
            44.468076
          ],
          [
            20.570931,
            44.468285
          ],
          [
            20.571064,
            44.468438
          ],
          [
            20.571356,
            44.468575
          ],
          [
            20.573025,
            44.469084
          ],
          [
            20.574252,
            44.469788
          ],
          [
            20.57548,
            44.470598
          ],
          [
            20.576668,
            44.471501
          ],
          [
            20.576803,
            44.47166
          ],
          [
            20.577043,
            44.47198
          ],
          [
            20.577063,
            44.472007
          ],
          [
            20.577095,
            44.472048
          ],
          [
            20.577126,
            44.47208
          ],
          [
            20.576976,
            44.472197
          ],
          [
            20.576936,
            44.472227
          ],
          [
            20.576904,
            44.472249
          ],
          [
            20.576854,
            44.472278
          ],
          [
            20.576805,
            44.472302
          ],
          [
            20.576721,
            44.472338
          ],
          [
            20.576645,
            44.47237
          ],
          [
            20.57655,
            44.472404
          ],
          [
            20.576374,
            44.472459
          ],
          [
            20.576163,
            44.472523
          ],
          [
            20.57579,
            44.472638
          ],
          [
            20.575332,
            44.47279
          ],
          [
            20.574769,
            44.472956
          ],
          [
            20.574527,
            44.47303
          ],
          [
            20.574368,
            44.473081
          ],
          [
            20.574268,
            44.473116
          ],
          [
            20.574209,
            44.473141
          ],
          [
            20.574149,
            44.47317
          ],
          [
            20.574074,
            44.473208
          ],
          [
            20.573988,
            44.47326
          ],
          [
            20.573906,
            44.473317
          ],
          [
            20.57385,
            44.473361
          ],
          [
            20.573791,
            44.473412
          ],
          [
            20.573582,
            44.473677
          ],
          [
            20.573291,
            44.474006
          ],
          [
            20.573095,
            44.474219
          ],
          [
            20.572913,
            44.474424
          ],
          [
            20.572868,
            44.47448
          ],
          [
            20.572819,
            44.474546
          ],
          [
            20.572777,
            44.474603
          ],
          [
            20.572747,
            44.474645
          ],
          [
            20.572726,
            44.474688
          ],
          [
            20.57271,
            44.474737
          ],
          [
            20.572699,
            44.474791
          ],
          [
            20.572694,
            44.474839
          ],
          [
            20.572694,
            44.474881
          ],
          [
            20.572698,
            44.47492
          ],
          [
            20.572708,
            44.474963
          ],
          [
            20.572723,
            44.474997
          ],
          [
            20.572768,
            44.475066
          ],
          [
            20.572817,
            44.475125
          ],
          [
            20.572899,
            44.475215
          ],
          [
            20.573069,
            44.475389
          ],
          [
            20.573302,
            44.475608
          ],
          [
            20.573331,
            44.47565
          ],
          [
            20.573365,
            44.475714
          ],
          [
            20.573373,
            44.47577
          ],
          [
            20.573364,
            44.475824
          ],
          [
            20.57335,
            44.475861
          ],
          [
            20.573323,
            44.475893
          ],
          [
            20.573296,
            44.475915
          ],
          [
            20.573248,
            44.475938
          ],
          [
            20.573192,
            44.475954
          ],
          [
            20.573132,
            44.47596
          ],
          [
            20.573085,
            44.475957
          ],
          [
            20.573025,
            44.475943
          ],
          [
            20.572974,
            44.475921
          ],
          [
            20.572927,
            44.475889
          ],
          [
            20.572893,
            44.475858
          ],
          [
            20.572526,
            44.475441
          ],
          [
            20.57245,
            44.475353
          ],
          [
            20.572302,
            44.47518
          ],
          [
            20.572195,
            44.475053
          ],
          [
            20.572149,
            44.474995
          ],
          [
            20.572117,
            44.474951
          ],
          [
            20.572097,
            44.474917
          ],
          [
            20.572067,
            44.474866
          ],
          [
            20.572042,
            44.47481
          ],
          [
            20.572019,
            44.474741
          ],
          [
            20.572004,
            44.474673
          ],
          [
            20.571995,
            44.474602
          ],
          [
            20.571987,
            44.474532
          ],
          [
            20.571987,
            44.474466
          ],
          [
            20.571995,
            44.47436
          ],
          [
            20.572007,
            44.474249
          ],
          [
            20.572058,
            44.47387
          ],
          [
            20.57211,
            44.473522
          ],
          [
            20.572155,
            44.473229
          ],
          [
            20.572176,
            44.473113
          ],
          [
            20.572194,
            44.473028
          ],
          [
            20.572216,
            44.472934
          ],
          [
            20.572237,
            44.472869
          ],
          [
            20.572257,
            44.472815
          ],
          [
            20.57229,
            44.472758
          ],
          [
            20.572334,
            44.472688
          ],
          [
            20.572366,
            44.472645
          ],
          [
            20.572404,
            44.472597
          ],
          [
            20.572466,
            44.472532
          ],
          [
            20.572527,
            44.47247
          ],
          [
            20.572584,
            44.472416
          ],
          [
            20.57264,
            44.472357
          ],
          [
            20.572696,
            44.472296
          ],
          [
            20.572759,
            44.472215
          ],
          [
            20.57279,
            44.47217
          ],
          [
            20.572807,
            44.472134
          ],
          [
            20.572824,
            44.472093
          ],
          [
            20.572832,
            44.472029
          ],
          [
            20.572835,
            44.471971
          ],
          [
            20.572826,
            44.471923
          ],
          [
            20.572804,
            44.471855
          ],
          [
            20.572737,
            44.471777
          ],
          [
            20.572633,
            44.471724
          ],
          [
            20.5725,
            44.47167
          ],
          [
            20.572349,
            44.471643
          ],
          [
            20.572245,
            44.471632
          ],
          [
            20.572079,
            44.471627
          ],
          [
            20.571395,
            44.471662
          ],
          [
            20.570954,
            44.471677
          ],
          [
            20.570545,
            44.47169
          ],
          [
            20.570233,
            44.471704
          ],
          [
            20.569963,
            44.471726
          ],
          [
            20.569707,
            44.471758
          ],
          [
            20.569505,
            44.47179
          ],
          [
            20.569191,
            44.471847
          ],
          [
            20.568904,
            44.471903
          ],
          [
            20.568558,
            44.471968
          ],
          [
            20.568236,
            44.472024
          ],
          [
            20.568122,
            44.472036
          ],
          [
            20.568026,
            44.472041
          ],
          [
            20.567919,
            44.472042
          ],
          [
            20.567821,
            44.47203
          ],
          [
            20.567734,
            44.472013
          ],
          [
            20.567647,
            44.471988
          ],
          [
            20.567532,
            44.471936
          ],
          [
            20.567423,
            44.471854
          ],
          [
            20.567327,
            44.471782
          ],
          [
            20.56722,
            44.471691
          ],
          [
            20.566821,
            44.47135
          ],
          [
            20.566705,
            44.47126
          ],
          [
            20.566605,
            44.471183
          ],
          [
            20.56651,
            44.471128
          ],
          [
            20.566418,
            44.471089
          ],
          [
            20.566369,
            44.471074
          ],
          [
            20.566297,
            44.471061
          ],
          [
            20.566151,
            44.471051
          ],
          [
            20.566057,
            44.471054
          ],
          [
            20.565964,
            44.471074
          ],
          [
            20.565818,
            44.471126
          ],
          [
            20.565462,
            44.471267
          ],
          [
            20.56525,
            44.471357
          ],
          [
            20.565051,
            44.471447
          ],
          [
            20.564379,
            44.471743
          ],
          [
            20.56393,
            44.471947
          ],
          [
            20.56348,
            44.472138
          ],
          [
            20.5632,
            44.472262
          ],
          [
            20.562949,
            44.472376
          ],
          [
            20.562852,
            44.472428
          ],
          [
            20.562813,
            44.472469
          ],
          [
            20.562785,
            44.472525
          ],
          [
            20.562771,
            44.472569
          ],
          [
            20.562763,
            44.472622
          ],
          [
            20.562758,
            44.472677
          ],
          [
            20.562758,
            44.472732
          ],
          [
            20.562779,
            44.472773
          ],
          [
            20.562818,
            44.472803
          ],
          [
            20.562884,
            44.472821
          ],
          [
            20.562969,
            44.472823
          ],
          [
            20.563046,
            44.472811
          ],
          [
            20.563118,
            44.472792
          ],
          [
            20.563233,
            44.472739
          ],
          [
            20.563358,
            44.472678
          ],
          [
            20.563604,
            44.472548
          ],
          [
            20.56374,
            44.472493
          ],
          [
            20.563845,
            44.472463
          ],
          [
            20.563941,
            44.472442
          ],
          [
            20.564025,
            44.472433
          ],
          [
            20.56415,
            44.472426
          ],
          [
            20.564253,
            44.472433
          ],
          [
            20.564314,
            44.472443
          ],
          [
            20.564364,
            44.472452
          ],
          [
            20.564456,
            44.472468
          ],
          [
            20.564567,
            44.472502
          ],
          [
            20.564691,
            44.472551
          ],
          [
            20.564815,
            44.472612
          ],
          [
            20.565057,
            44.472733
          ],
          [
            20.565513,
            44.472978
          ],
          [
            20.565908,
            44.473185
          ],
          [
            20.566111,
            44.473302
          ],
          [
            20.566266,
            44.4734
          ],
          [
            20.566421,
            44.473511
          ],
          [
            20.56649,
            44.473575
          ],
          [
            20.56656,
            44.473651
          ],
          [
            20.566705,
            44.473828
          ],
          [
            20.566834,
            44.473982
          ],
          [
            20.566932,
            44.474099
          ],
          [
            20.566995,
            44.474175
          ],
          [
            20.567017,
            44.474202
          ],
          [
            20.567106,
            44.474313
          ],
          [
            20.567156,
            44.47439
          ],
          [
            20.567174,
            44.474449
          ],
          [
            20.567183,
            44.474491
          ],
          [
            20.56719,
            44.474539
          ],
          [
            20.567185,
            44.474608
          ],
          [
            20.567175,
            44.474652
          ],
          [
            20.56716,
            44.474702
          ],
          [
            20.567129,
            44.474751
          ],
          [
            20.567078,
            44.474814
          ],
          [
            20.567008,
            44.474877
          ],
          [
            20.566872,
            44.47501
          ],
          [
            20.566601,
            44.475277
          ],
          [
            20.566344,
            44.475544
          ],
          [
            20.566066,
            44.475816
          ],
          [
            20.565567,
            44.476241
          ],
          [
            20.565096,
            44.476661
          ],
          [
            20.564819,
            44.476903
          ],
          [
            20.56457,
            44.477122
          ],
          [
            20.564141,
            44.47753
          ],
          [
            20.56382,
            44.477825
          ],
          [
            20.563662,
            44.477972
          ],
          [
            20.563504,
            44.478116
          ],
          [
            20.56332,
            44.478285
          ],
          [
            20.563203,
            44.478397
          ],
          [
            20.563101,
            44.47849
          ],
          [
            20.563013,
            44.478569
          ],
          [
            20.562923,
            44.478643
          ],
          [
            20.562846,
            44.478702
          ],
          [
            20.562769,
            44.478758
          ],
          [
            20.562663,
            44.47883
          ],
          [
            20.562537,
            44.478908
          ],
          [
            20.562424,
            44.478978
          ],
          [
            20.562315,
            44.479038
          ],
          [
            20.562189,
            44.479109
          ],
          [
            20.562097,
            44.479159
          ],
          [
            20.562029,
            44.479195
          ],
          [
            20.561043,
            44.479677
          ],
          [
            20.560546,
            44.479921
          ],
          [
            20.560254,
            44.480076
          ],
          [
            20.560001,
            44.480198
          ],
          [
            20.559877,
            44.480262
          ],
          [
            20.559566,
            44.480422
          ],
          [
            20.559258,
            44.480575
          ],
          [
            20.558572,
            44.480875
          ],
          [
            20.558447,
            44.480935
          ],
          [
            20.558347,
            44.480985
          ],
          [
            20.558249,
            44.481037
          ],
          [
            20.558175,
            44.481078
          ],
          [
            20.558089,
            44.481136
          ],
          [
            20.558018,
            44.48119
          ],
          [
            20.557915,
            44.481265
          ],
          [
            20.557832,
            44.481348
          ],
          [
            20.557756,
            44.48143
          ],
          [
            20.557678,
            44.481516
          ],
          [
            20.557627,
            44.481576
          ],
          [
            20.557586,
            44.481634
          ],
          [
            20.557546,
            44.481697
          ],
          [
            20.557513,
            44.481782
          ],
          [
            20.557488,
            44.481849
          ],
          [
            20.557477,
            44.481904
          ],
          [
            20.557469,
            44.481944
          ],
          [
            20.557464,
            44.481992
          ],
          [
            20.557454,
            44.482077
          ],
          [
            20.557449,
            44.482153
          ],
          [
            20.557461,
            44.482273
          ],
          [
            20.557474,
            44.482377
          ],
          [
            20.557491,
            44.482499
          ],
          [
            20.557507,
            44.482565
          ],
          [
            20.557528,
            44.482637
          ],
          [
            20.557578,
            44.482705
          ],
          [
            20.557653,
            44.482785
          ],
          [
            20.557988,
            44.483144
          ],
          [
            20.55833,
            44.483508
          ],
          [
            20.558401,
            44.48358
          ],
          [
            20.558465,
            44.483639
          ],
          [
            20.558533,
            44.483692
          ],
          [
            20.558583,
            44.483732
          ],
          [
            20.558643,
            44.483777
          ],
          [
            20.558711,
            44.483824
          ],
          [
            20.558776,
            44.483871
          ],
          [
            20.558848,
            44.483914
          ],
          [
            20.558929,
            44.483964
          ],
          [
            20.559004,
            44.484014
          ],
          [
            20.559076,
            44.484057
          ],
          [
            20.559151,
            44.4841
          ],
          [
            20.559305,
            44.484188
          ],
          [
            20.559496,
            44.484297
          ],
          [
            20.559699,
            44.484416
          ],
          [
            20.559897,
            44.48453
          ],
          [
            20.560042,
            44.484616
          ],
          [
            20.560111,
            44.484656
          ],
          [
            20.560168,
            44.48469
          ],
          [
            20.560414,
            44.484837
          ],
          [
            20.560558,
            44.484922
          ],
          [
            20.56069,
            44.485
          ],
          [
            20.560783,
            44.485055
          ],
          [
            20.560874,
            44.485115
          ],
          [
            20.560941,
            44.485164
          ],
          [
            20.560993,
            44.48521
          ],
          [
            20.561051,
            44.485266
          ],
          [
            20.561099,
            44.485318
          ],
          [
            20.561163,
            44.485403
          ],
          [
            20.561212,
            44.4854
          ],
          [
            20.561252,
            44.485404
          ],
          [
            20.561299,
            44.485413
          ],
          [
            20.561358,
            44.485433
          ],
          [
            20.561596,
            44.485545
          ],
          [
            20.561804,
            44.485626
          ],
          [
            20.561896,
            44.485663
          ],
          [
            20.561988,
            44.485704
          ],
          [
            20.56207,
            44.485742
          ],
          [
            20.562136,
            44.485778
          ],
          [
            20.562215,
            44.485825
          ],
          [
            20.562358,
            44.48591
          ],
          [
            20.562633,
            44.486072
          ],
          [
            20.563197,
            44.486471
          ],
          [
            20.563304,
            44.486535
          ],
          [
            20.563499,
            44.486626
          ],
          [
            20.563761,
            44.486733
          ],
          [
            20.56395,
            44.486805
          ],
          [
            20.564262,
            44.486974
          ],
          [
            20.564577,
            44.487175
          ],
          [
            20.56472,
            44.487274
          ],
          [
            20.565036,
            44.487493
          ],
          [
            20.565284,
            44.487637
          ],
          [
            20.565468,
            44.487775
          ],
          [
            20.565692,
            44.487946
          ],
          [
            20.565726,
            44.487973
          ],
          [
            20.566016,
            44.488195
          ],
          [
            20.566166,
            44.488295
          ],
          [
            20.56621,
            44.488316
          ],
          [
            20.566307,
            44.488361
          ],
          [
            20.566651,
            44.488501
          ],
          [
            20.566933,
            44.488611
          ],
          [
            20.5673,
            44.488731
          ],
          [
            20.56757,
            44.488802
          ],
          [
            20.567702,
            44.488821
          ],
          [
            20.567779,
            44.488826
          ],
          [
            20.567865,
            44.488831
          ],
          [
            20.568033,
            44.488825
          ],
          [
            20.568187,
            44.488813
          ],
          [
            20.568452,
            44.488745
          ],
          [
            20.568574,
            44.488707
          ],
          [
            20.568764,
            44.488667
          ],
          [
            20.568886,
            44.488654
          ],
          [
            20.56902,
            44.488661
          ],
          [
            20.569196,
            44.488703
          ],
          [
            20.569407,
            44.488776
          ],
          [
            20.569729,
            44.48893
          ],
          [
            20.569832,
            44.488977
          ],
          [
            20.569899,
            44.488998
          ],
          [
            20.569964,
            44.489007
          ],
          [
            20.57082,
            44.489091
          ],
          [
            20.571041,
            44.489131
          ],
          [
            20.5712,
            44.489168
          ],
          [
            20.57136,
            44.489218
          ],
          [
            20.571528,
            44.489303
          ],
          [
            20.571922,
            44.48962
          ],
          [
            20.571968,
            44.48965
          ],
          [
            20.57203,
            44.489686
          ],
          [
            20.572096,
            44.489718
          ],
          [
            20.572162,
            44.489745
          ],
          [
            20.572507,
            44.489883
          ],
          [
            20.573245,
            44.490153
          ],
          [
            20.573584,
            44.490266
          ],
          [
            20.573843,
            44.490343
          ],
          [
            20.573952,
            44.490404
          ],
          [
            20.574242,
            44.490593
          ],
          [
            20.574443,
            44.490731
          ],
          [
            20.574651,
            44.490873
          ],
          [
            20.57476,
            44.490947
          ],
          [
            20.574851,
            44.491037
          ],
          [
            20.574944,
            44.491149
          ],
          [
            20.575014,
            44.491235
          ],
          [
            20.575209,
            44.49157
          ],
          [
            20.575356,
            44.491892
          ],
          [
            20.575522,
            44.492116
          ],
          [
            20.575612,
            44.492186
          ],
          [
            20.575727,
            44.492302
          ],
          [
            20.576055,
            44.492636
          ],
          [
            20.576266,
            44.492855
          ],
          [
            20.576427,
            44.49304
          ],
          [
            20.576633,
            44.493253
          ],
          [
            20.577005,
            44.493471
          ],
          [
            20.577325,
            44.493734
          ],
          [
            20.577715,
            44.494091
          ],
          [
            20.57792,
            44.494264
          ],
          [
            20.578227,
            44.494578
          ],
          [
            20.578528,
            44.494876
          ],
          [
            20.578607,
            44.494977
          ],
          [
            20.578772,
            44.495312
          ],
          [
            20.578812,
            44.495369
          ],
          [
            20.578861,
            44.495405
          ],
          [
            20.578922,
            44.495434
          ],
          [
            20.579689,
            44.495725
          ],
          [
            20.57985,
            44.495757
          ],
          [
            20.580035,
            44.495747
          ],
          [
            20.580179,
            44.495752
          ],
          [
            20.580549,
            44.495791
          ],
          [
            20.580788,
            44.495785
          ],
          [
            20.581825,
            44.495605
          ],
          [
            20.58212,
            44.495501
          ],
          [
            20.582331,
            44.495395
          ],
          [
            20.58249,
            44.495269
          ],
          [
            20.582819,
            44.494936
          ],
          [
            20.582948,
            44.494847
          ],
          [
            20.583163,
            44.494792
          ],
          [
            20.584065,
            44.494761
          ],
          [
            20.584234,
            44.494741
          ],
          [
            20.584394,
            44.494695
          ],
          [
            20.584532,
            44.494628
          ],
          [
            20.585086,
            44.494262
          ],
          [
            20.585421,
            44.494103
          ],
          [
            20.586145,
            44.493781
          ],
          [
            20.586294,
            44.493706
          ],
          [
            20.586418,
            44.493619
          ],
          [
            20.587262,
            44.492925
          ],
          [
            20.587446,
            44.492727
          ],
          [
            20.587929,
            44.492015
          ],
          [
            20.588089,
            44.491825
          ],
          [
            20.588473,
            44.491454
          ],
          [
            20.58906,
            44.490984
          ],
          [
            20.589177,
            44.490905
          ],
          [
            20.589307,
            44.490851
          ],
          [
            20.589956,
            44.490829
          ],
          [
            20.590461,
            44.490889
          ],
          [
            20.590716,
            44.490922
          ],
          [
            20.591215,
            44.49106
          ],
          [
            20.591366,
            44.491129
          ],
          [
            20.591482,
            44.491229
          ],
          [
            20.592148,
            44.491951
          ],
          [
            20.592529,
            44.492554
          ],
          [
            20.592628,
            44.492783
          ],
          [
            20.592683,
            44.493064
          ],
          [
            20.592652,
            44.493196
          ],
          [
            20.592371,
            44.493693
          ],
          [
            20.592351,
            44.493766
          ],
          [
            20.592369,
            44.49383
          ],
          [
            20.592475,
            44.493931
          ],
          [
            20.592545,
            44.493893
          ],
          [
            20.592761,
            44.493797
          ],
          [
            20.592962,
            44.493723
          ],
          [
            20.593071,
            44.493691
          ],
          [
            20.593431,
            44.493755
          ],
          [
            20.59375,
            44.493841
          ],
          [
            20.593935,
            44.493934
          ],
          [
            20.594397,
            44.49431
          ],
          [
            20.594722,
            44.494539
          ],
          [
            20.594899,
            44.494643
          ],
          [
            20.595596,
            44.495024
          ],
          [
            20.595866,
            44.495188
          ],
          [
            20.596128,
            44.495324
          ],
          [
            20.596348,
            44.495417
          ],
          [
            20.596608,
            44.495493
          ],
          [
            20.596865,
            44.495531
          ],
          [
            20.597065,
            44.495547
          ],
          [
            20.597268,
            44.495558
          ],
          [
            20.597473,
            44.495566
          ],
          [
            20.598152,
            44.495568
          ],
          [
            20.598353,
            44.495589
          ],
          [
            20.598544,
            44.495633
          ],
          [
            20.599449,
            44.495887
          ],
          [
            20.599643,
            44.495928
          ],
          [
            20.599876,
            44.495954
          ],
          [
            20.600288,
            44.495989
          ],
          [
            20.60055,
            44.496005
          ],
          [
            20.600785,
            44.496006
          ],
          [
            20.601034,
            44.495989
          ],
          [
            20.60126,
            44.495961
          ],
          [
            20.601426,
            44.495931
          ],
          [
            20.601491,
            44.495919
          ],
          [
            20.601781,
            44.495859
          ],
          [
            20.602269,
            44.495759
          ],
          [
            20.602388,
            44.495739
          ],
          [
            20.602483,
            44.495724
          ],
          [
            20.602784,
            44.495693
          ],
          [
            20.603159,
            44.495678
          ],
          [
            20.603512,
            44.495682
          ],
          [
            20.603556,
            44.495679
          ],
          [
            20.603614,
            44.495673
          ],
          [
            20.603717,
            44.495652
          ],
          [
            20.603796,
            44.495626
          ],
          [
            20.603865,
            44.495593
          ],
          [
            20.604141,
            44.495377
          ],
          [
            20.604277,
            44.495309
          ],
          [
            20.604477,
            44.495281
          ],
          [
            20.604795,
            44.495267
          ],
          [
            20.605262,
            44.495246
          ],
          [
            20.606126,
            44.495215
          ],
          [
            20.606936,
            44.495177
          ],
          [
            20.608153,
            44.495158
          ],
          [
            20.608545,
            44.495127
          ],
          [
            20.60869,
            44.495109
          ],
          [
            20.608848,
            44.495089
          ],
          [
            20.609253,
            44.49502
          ],
          [
            20.609543,
            44.494966
          ],
          [
            20.610014,
            44.494896
          ],
          [
            20.610483,
            44.494862
          ],
          [
            20.611006,
            44.494878
          ],
          [
            20.611537,
            44.494925
          ],
          [
            20.611835,
            44.495013
          ],
          [
            20.612049,
            44.495076
          ],
          [
            20.61231,
            44.495185
          ],
          [
            20.61254,
            44.495293
          ],
          [
            20.612674,
            44.495356
          ],
          [
            20.612953,
            44.495484
          ],
          [
            20.613303,
            44.495655
          ],
          [
            20.613361,
            44.495685
          ],
          [
            20.613496,
            44.495755
          ],
          [
            20.614348,
            44.496201
          ],
          [
            20.615228,
            44.496593
          ],
          [
            20.615459,
            44.496687
          ],
          [
            20.615703,
            44.49679
          ],
          [
            20.616083,
            44.496867
          ],
          [
            20.616286,
            44.496897
          ],
          [
            20.616663,
            44.496924
          ],
          [
            20.617092,
            44.496934
          ],
          [
            20.617777,
            44.496883
          ],
          [
            20.618599,
            44.496725
          ],
          [
            20.619212,
            44.496615
          ],
          [
            20.619635,
            44.496546
          ],
          [
            20.620438,
            44.496428
          ],
          [
            20.620745,
            44.496398
          ],
          [
            20.620912,
            44.496392
          ],
          [
            20.621068,
            44.496402
          ],
          [
            20.621175,
            44.496418
          ],
          [
            20.621325,
            44.496454
          ],
          [
            20.621502,
            44.496503
          ],
          [
            20.622209,
            44.496835
          ],
          [
            20.62646,
            44.498815
          ],
          [
            20.626814,
            44.498976
          ],
          [
            20.627898,
            44.498976
          ],
          [
            20.631564,
            44.49895
          ],
          [
            20.631843,
            44.498965
          ],
          [
            20.632234,
            44.498954
          ],
          [
            20.632476,
            44.498923
          ],
          [
            20.632916,
            44.49885
          ],
          [
            20.633302,
            44.498816
          ],
          [
            20.634085,
            44.498766
          ],
          [
            20.634454,
            44.498734
          ],
          [
            20.63508,
            44.498695
          ],
          [
            20.63592,
            44.498659
          ],
          [
            20.636183,
            44.498636
          ],
          [
            20.636537,
            44.498617
          ],
          [
            20.637081,
            44.498646
          ],
          [
            20.637243,
            44.498691
          ],
          [
            20.637513,
            44.498804
          ],
          [
            20.637728,
            44.498896
          ],
          [
            20.638194,
            44.499122
          ],
          [
            20.638725,
            44.499363
          ],
          [
            20.638833,
            44.499401
          ],
          [
            20.639149,
            44.49947
          ],
          [
            20.639537,
            44.499496
          ],
          [
            20.639661,
            44.499521
          ],
          [
            20.639896,
            44.499578
          ],
          [
            20.640124,
            44.499654
          ],
          [
            20.640168,
            44.499661
          ],
          [
            20.640237,
            44.499666
          ],
          [
            20.640363,
            44.499668
          ],
          [
            20.640563,
            44.499666
          ],
          [
            20.640749,
            44.499661
          ],
          [
            20.640864,
            44.49966
          ],
          [
            20.640953,
            44.499663
          ],
          [
            20.641039,
            44.499673
          ],
          [
            20.641314,
            44.499716
          ],
          [
            20.641585,
            44.499768
          ],
          [
            20.64185,
            44.499819
          ],
          [
            20.642096,
            44.49986
          ],
          [
            20.642197,
            44.499876
          ],
          [
            20.642365,
            44.499898
          ],
          [
            20.642491,
            44.499913
          ],
          [
            20.642651,
            44.499924
          ],
          [
            20.642865,
            44.499937
          ],
          [
            20.642926,
            44.499943
          ],
          [
            20.642998,
            44.499956
          ],
          [
            20.643065,
            44.499974
          ],
          [
            20.643126,
            44.499996
          ],
          [
            20.643181,
            44.500021
          ],
          [
            20.643233,
            44.500053
          ],
          [
            20.643289,
            44.500094
          ],
          [
            20.643419,
            44.500217
          ],
          [
            20.643528,
            44.500314
          ],
          [
            20.643623,
            44.500394
          ],
          [
            20.643699,
            44.500455
          ],
          [
            20.643769,
            44.500509
          ],
          [
            20.64383,
            44.50055
          ],
          [
            20.643874,
            44.500562
          ],
          [
            20.643919,
            44.500569
          ],
          [
            20.643966,
            44.500565
          ],
          [
            20.644021,
            44.500547
          ],
          [
            20.644086,
            44.50051
          ],
          [
            20.644147,
            44.500468
          ],
          [
            20.6442,
            44.500442
          ],
          [
            20.644236,
            44.500426
          ],
          [
            20.644272,
            44.500423
          ],
          [
            20.644315,
            44.500429
          ],
          [
            20.644392,
            44.500371
          ],
          [
            20.644484,
            44.500304
          ],
          [
            20.644577,
            44.500236
          ],
          [
            20.644642,
            44.500188
          ],
          [
            20.644735,
            44.500127
          ],
          [
            20.645166,
            44.499856
          ],
          [
            20.645582,
            44.499589
          ],
          [
            20.645817,
            44.499444
          ],
          [
            20.645974,
            44.499342
          ],
          [
            20.64598,
            44.499338
          ],
          [
            20.64614,
            44.499235
          ],
          [
            20.646245,
            44.499165
          ],
          [
            20.646321,
            44.499108
          ],
          [
            20.646384,
            44.499058
          ],
          [
            20.646435,
            44.499017
          ],
          [
            20.646496,
            44.498966
          ],
          [
            20.646553,
            44.498912
          ],
          [
            20.646613,
            44.498851
          ],
          [
            20.646797,
            44.498651
          ],
          [
            20.647017,
            44.498415
          ],
          [
            20.647331,
            44.498089
          ],
          [
            20.647439,
            44.497978
          ],
          [
            20.647577,
            44.49784
          ],
          [
            20.647732,
            44.497685
          ],
          [
            20.647911,
            44.497508
          ],
          [
            20.648224,
            44.497195
          ],
          [
            20.648595,
            44.496821
          ],
          [
            20.649046,
            44.496367
          ],
          [
            20.649519,
            44.495885
          ],
          [
            20.649806,
            44.495591
          ],
          [
            20.649811,
            44.495586
          ],
          [
            20.650007,
            44.495384
          ],
          [
            20.650122,
            44.49527
          ],
          [
            20.650256,
            44.495141
          ],
          [
            20.650382,
            44.495021
          ],
          [
            20.650448,
            44.494965
          ],
          [
            20.650513,
            44.494914
          ],
          [
            20.650593,
            44.494852
          ],
          [
            20.65071,
            44.49477
          ],
          [
            20.650819,
            44.494705
          ],
          [
            20.650944,
            44.494637
          ],
          [
            20.651061,
            44.494577
          ],
          [
            20.651191,
            44.494518
          ],
          [
            20.651284,
            44.494477
          ],
          [
            20.651398,
            44.49443
          ],
          [
            20.651502,
            44.494392
          ],
          [
            20.651619,
            44.494352
          ],
          [
            20.651893,
            44.494261
          ],
          [
            20.652395,
            44.494104
          ],
          [
            20.652581,
            44.494047
          ],
          [
            20.652586,
            44.494045
          ],
          [
            20.652893,
            44.493952
          ],
          [
            20.65341,
            44.493782
          ],
          [
            20.653813,
            44.493652
          ],
          [
            20.654105,
            44.493568
          ],
          [
            20.65411,
            44.493567
          ],
          [
            20.65466,
            44.493395
          ],
          [
            20.654796,
            44.493352
          ],
          [
            20.655108,
            44.493252
          ],
          [
            20.655264,
            44.493204
          ],
          [
            20.655435,
            44.493151
          ],
          [
            20.655523,
            44.493128
          ],
          [
            20.6556,
            44.493115
          ],
          [
            20.655697,
            44.493105
          ],
          [
            20.655812,
            44.493096
          ],
          [
            20.655916,
            44.493092
          ],
          [
            20.656046,
            44.493105
          ],
          [
            20.656148,
            44.493123
          ],
          [
            20.656222,
            44.493141
          ],
          [
            20.656298,
            44.49317
          ],
          [
            20.656315,
            44.493177
          ],
          [
            20.65641,
            44.493222
          ],
          [
            20.656391,
            44.4933
          ],
          [
            20.656382,
            44.493371
          ],
          [
            20.656378,
            44.493438
          ],
          [
            20.656377,
            44.493481
          ],
          [
            20.656378,
            44.493532
          ],
          [
            20.656384,
            44.493624
          ],
          [
            20.656402,
            44.493835
          ],
          [
            20.656424,
            44.494008
          ],
          [
            20.656444,
            44.494163
          ],
          [
            20.656461,
            44.494313
          ],
          [
            20.65648,
            44.494494
          ],
          [
            20.656496,
            44.494662
          ],
          [
            20.656506,
            44.494823
          ],
          [
            20.656511,
            44.494963
          ],
          [
            20.65651,
            44.495104
          ],
          [
            20.656508,
            44.495247
          ],
          [
            20.656507,
            44.495354
          ],
          [
            20.656504,
            44.495491
          ],
          [
            20.656491,
            44.495733
          ],
          [
            20.656484,
            44.495801
          ],
          [
            20.656479,
            44.495855
          ],
          [
            20.656472,
            44.495925
          ],
          [
            20.656459,
            44.496053
          ],
          [
            20.656451,
            44.496136
          ],
          [
            20.656416,
            44.496381
          ],
          [
            20.656386,
            44.496547
          ],
          [
            20.65629,
            44.497003
          ],
          [
            20.656224,
            44.497303
          ],
          [
            20.656146,
            44.497633
          ],
          [
            20.65605,
            44.498055
          ],
          [
            20.656,
            44.498285
          ],
          [
            20.655957,
            44.498508
          ],
          [
            20.655928,
            44.498754
          ],
          [
            20.655904,
            44.498929
          ],
          [
            20.655887,
            44.49908
          ],
          [
            20.655877,
            44.499233
          ],
          [
            20.655867,
            44.499404
          ],
          [
            20.655863,
            44.499557
          ],
          [
            20.655862,
            44.499737
          ],
          [
            20.655863,
            44.499942
          ],
          [
            20.655875,
            44.500217
          ],
          [
            20.655902,
            44.500528
          ],
          [
            20.655926,
            44.500716
          ],
          [
            20.65593,
            44.500754
          ],
          [
            20.655964,
            44.50101
          ],
          [
            20.656016,
            44.501321
          ],
          [
            20.656037,
            44.501442
          ],
          [
            20.656131,
            44.501988
          ],
          [
            20.65618,
            44.50231
          ],
          [
            20.656199,
            44.502432
          ],
          [
            20.656212,
            44.50253
          ],
          [
            20.656224,
            44.502656
          ],
          [
            20.656231,
            44.502778
          ],
          [
            20.65624,
            44.502892
          ],
          [
            20.656244,
            44.502993
          ],
          [
            20.656247,
            44.503107
          ],
          [
            20.656251,
            44.503231
          ],
          [
            20.656252,
            44.503419
          ],
          [
            20.65625,
            44.503623
          ],
          [
            20.656243,
            44.503814
          ],
          [
            20.656224,
            44.504023
          ],
          [
            20.656207,
            44.50419
          ],
          [
            20.656185,
            44.504372
          ],
          [
            20.656166,
            44.504515
          ],
          [
            20.656142,
            44.504664
          ],
          [
            20.656114,
            44.504806
          ],
          [
            20.656077,
            44.504972
          ],
          [
            20.656029,
            44.505199
          ],
          [
            20.656011,
            44.505266
          ],
          [
            20.655949,
            44.505506
          ],
          [
            20.655917,
            44.505609
          ],
          [
            20.655887,
            44.50571
          ],
          [
            20.655851,
            44.505824
          ],
          [
            20.655812,
            44.505939
          ],
          [
            20.655775,
            44.506041
          ],
          [
            20.655731,
            44.506154
          ],
          [
            20.655694,
            44.506251
          ],
          [
            20.65567,
            44.506315
          ],
          [
            20.655641,
            44.506381
          ],
          [
            20.6556,
            44.506484
          ],
          [
            20.655544,
            44.506605
          ],
          [
            20.655493,
            44.506711
          ],
          [
            20.655426,
            44.506852
          ],
          [
            20.655352,
            44.507008
          ],
          [
            20.655253,
            44.507195
          ],
          [
            20.655161,
            44.507375
          ],
          [
            20.655056,
            44.507565
          ],
          [
            20.654769,
            44.508105
          ],
          [
            20.6546,
            44.508428
          ],
          [
            20.654408,
            44.508791
          ],
          [
            20.654257,
            44.509083
          ],
          [
            20.654098,
            44.509401
          ],
          [
            20.654029,
            44.509547
          ],
          [
            20.653951,
            44.509711
          ],
          [
            20.653879,
            44.50987
          ],
          [
            20.653804,
            44.510034
          ],
          [
            20.653729,
            44.510216
          ],
          [
            20.653654,
            44.510413
          ],
          [
            20.653571,
            44.510613
          ],
          [
            20.653546,
            44.510684
          ],
          [
            20.653499,
            44.510813
          ],
          [
            20.653405,
            44.511077
          ],
          [
            20.653369,
            44.511192
          ],
          [
            20.65333,
            44.51131
          ],
          [
            20.65329,
            44.511445
          ],
          [
            20.653252,
            44.511564
          ],
          [
            20.653219,
            44.511677
          ],
          [
            20.65317,
            44.511813
          ],
          [
            20.653072,
            44.512104
          ],
          [
            20.653027,
            44.512258
          ],
          [
            20.652961,
            44.512473
          ],
          [
            20.652925,
            44.512641
          ],
          [
            20.652887,
            44.512828
          ],
          [
            20.652847,
            44.513031
          ],
          [
            20.652826,
            44.513172
          ],
          [
            20.652799,
            44.513321
          ],
          [
            20.65276,
            44.513578
          ],
          [
            20.652735,
            44.513754
          ],
          [
            20.652714,
            44.513919
          ],
          [
            20.652697,
            44.514093
          ],
          [
            20.65268,
            44.514272
          ],
          [
            20.652672,
            44.514394
          ],
          [
            20.652661,
            44.514538
          ],
          [
            20.652653,
            44.514738
          ],
          [
            20.652645,
            44.514932
          ],
          [
            20.652645,
            44.515102
          ],
          [
            20.652643,
            44.515282
          ],
          [
            20.652647,
            44.515433
          ],
          [
            20.652647,
            44.515628
          ],
          [
            20.652654,
            44.5158
          ],
          [
            20.652661,
            44.515957
          ],
          [
            20.652667,
            44.51608
          ],
          [
            20.652686,
            44.51629
          ],
          [
            20.652714,
            44.516487
          ],
          [
            20.652735,
            44.516647
          ],
          [
            20.652757,
            44.516815
          ],
          [
            20.652794,
            44.517052
          ],
          [
            20.652828,
            44.517281
          ],
          [
            20.652863,
            44.51749
          ],
          [
            20.652905,
            44.517674
          ],
          [
            20.652944,
            44.517848
          ],
          [
            20.652976,
            44.517993
          ],
          [
            20.653012,
            44.51815
          ],
          [
            20.653044,
            44.518287
          ],
          [
            20.65309,
            44.51848
          ],
          [
            20.653132,
            44.518654
          ],
          [
            20.65316,
            44.518793
          ],
          [
            20.653213,
            44.518966
          ],
          [
            20.653265,
            44.519157
          ],
          [
            20.653315,
            44.519318
          ],
          [
            20.653365,
            44.519483
          ],
          [
            20.653415,
            44.519645
          ],
          [
            20.653503,
            44.519943
          ],
          [
            20.653626,
            44.520321
          ],
          [
            20.653837,
            44.520987
          ],
          [
            20.653991,
            44.521478
          ],
          [
            20.654185,
            44.522058
          ],
          [
            20.654302,
            44.522413
          ],
          [
            20.654355,
            44.52257
          ],
          [
            20.654454,
            44.522868
          ],
          [
            20.654559,
            44.523244
          ],
          [
            20.654646,
            44.523517
          ],
          [
            20.654742,
            44.523797
          ],
          [
            20.654816,
            44.524047
          ],
          [
            20.654899,
            44.524374
          ],
          [
            20.654955,
            44.52458
          ],
          [
            20.65501,
            44.524799
          ],
          [
            20.655064,
            44.525013
          ],
          [
            20.655111,
            44.525224
          ],
          [
            20.655153,
            44.525432
          ],
          [
            20.655195,
            44.525631
          ],
          [
            20.655237,
            44.525803
          ],
          [
            20.655291,
            44.526024
          ],
          [
            20.655327,
            44.526222
          ],
          [
            20.655364,
            44.526436
          ],
          [
            20.655407,
            44.526639
          ],
          [
            20.655449,
            44.526848
          ],
          [
            20.655481,
            44.527044
          ],
          [
            20.655517,
            44.52726
          ],
          [
            20.655549,
            44.52743
          ],
          [
            20.655596,
            44.527687
          ],
          [
            20.655712,
            44.528184
          ],
          [
            20.655779,
            44.528582
          ],
          [
            20.655842,
            44.529039
          ],
          [
            20.655898,
            44.529425
          ],
          [
            20.655937,
            44.529775
          ],
          [
            20.655972,
            44.530081
          ],
          [
            20.655973,
            44.530085
          ],
          [
            20.655979,
            44.530135
          ],
          [
            20.656032,
            44.53053
          ],
          [
            20.656077,
            44.530856
          ],
          [
            20.656099,
            44.530992
          ],
          [
            20.656129,
            44.53118
          ],
          [
            20.656188,
            44.531512
          ],
          [
            20.656237,
            44.531788
          ],
          [
            20.656238,
            44.531791
          ],
          [
            20.65624,
            44.531803
          ],
          [
            20.656279,
            44.532007
          ],
          [
            20.656344,
            44.532394
          ],
          [
            20.656437,
            44.532882
          ],
          [
            20.656477,
            44.533067
          ],
          [
            20.656518,
            44.533244
          ],
          [
            20.656574,
            44.533457
          ],
          [
            20.656623,
            44.533648
          ],
          [
            20.656676,
            44.533843
          ],
          [
            20.656728,
            44.534034
          ],
          [
            20.656809,
            44.534318
          ],
          [
            20.65689,
            44.534589
          ],
          [
            20.656933,
            44.534722
          ],
          [
            20.656972,
            44.534837
          ],
          [
            20.657013,
            44.534958
          ],
          [
            20.657054,
            44.535077
          ],
          [
            20.657224,
            44.53556
          ],
          [
            20.657296,
            44.535756
          ],
          [
            20.65737,
            44.535954
          ],
          [
            20.657434,
            44.536119
          ],
          [
            20.657524,
            44.536352
          ],
          [
            20.657572,
            44.536476
          ],
          [
            20.657642,
            44.536664
          ],
          [
            20.657732,
            44.536905
          ],
          [
            20.657765,
            44.536995
          ],
          [
            20.657912,
            44.537352
          ],
          [
            20.657962,
            44.537463
          ],
          [
            20.658071,
            44.537708
          ],
          [
            20.658206,
            44.538048
          ],
          [
            20.658366,
            44.538467
          ],
          [
            20.65847,
            44.538777
          ],
          [
            20.65856,
            44.539061
          ],
          [
            20.658619,
            44.539261
          ],
          [
            20.658653,
            44.539396
          ],
          [
            20.658688,
            44.539537
          ],
          [
            20.65871,
            44.539648
          ],
          [
            20.658735,
            44.539778
          ],
          [
            20.658751,
            44.539885
          ],
          [
            20.658772,
            44.539992
          ],
          [
            20.65879,
            44.540095
          ],
          [
            20.658808,
            44.540209
          ],
          [
            20.658829,
            44.540346
          ],
          [
            20.658849,
            44.540487
          ],
          [
            20.658862,
            44.540615
          ],
          [
            20.658878,
            44.540755
          ],
          [
            20.658887,
            44.54086
          ],
          [
            20.658894,
            44.540972
          ],
          [
            20.658901,
            44.541088
          ],
          [
            20.658905,
            44.54121
          ],
          [
            20.658906,
            44.54132
          ],
          [
            20.658906,
            44.541438
          ],
          [
            20.658904,
            44.541523
          ],
          [
            20.6589,
            44.541612
          ],
          [
            20.658896,
            44.541734
          ],
          [
            20.658889,
            44.541858
          ],
          [
            20.658881,
            44.541978
          ],
          [
            20.658873,
            44.542076
          ],
          [
            20.658859,
            44.542197
          ],
          [
            20.658846,
            44.542317
          ],
          [
            20.658827,
            44.542447
          ],
          [
            20.658811,
            44.542552
          ],
          [
            20.658764,
            44.542837
          ],
          [
            20.658688,
            44.543233
          ],
          [
            20.658644,
            44.543449
          ],
          [
            20.658621,
            44.543553
          ],
          [
            20.658602,
            44.543656
          ],
          [
            20.658591,
            44.543722
          ],
          [
            20.658583,
            44.543779
          ],
          [
            20.658575,
            44.543839
          ],
          [
            20.658569,
            44.543905
          ],
          [
            20.658563,
            44.543973
          ],
          [
            20.658553,
            44.544094
          ],
          [
            20.658549,
            44.544202
          ],
          [
            20.658547,
            44.544313
          ],
          [
            20.658549,
            44.54447
          ],
          [
            20.658553,
            44.544638
          ],
          [
            20.658557,
            44.544683
          ],
          [
            20.65856,
            44.544716
          ],
          [
            20.658569,
            44.544788
          ],
          [
            20.658582,
            44.544876
          ],
          [
            20.658597,
            44.54496
          ],
          [
            20.65862,
            44.545066
          ],
          [
            20.658644,
            44.545162
          ],
          [
            20.65868,
            44.545286
          ],
          [
            20.658712,
            44.545389
          ],
          [
            20.658756,
            44.545498
          ],
          [
            20.658824,
            44.545653
          ],
          [
            20.658885,
            44.545771
          ],
          [
            20.658937,
            44.545868
          ],
          [
            20.658981,
            44.545949
          ],
          [
            20.659026,
            44.54603
          ],
          [
            20.659061,
            44.546083
          ],
          [
            20.659097,
            44.546139
          ],
          [
            20.659148,
            44.54622
          ],
          [
            20.659213,
            44.546311
          ],
          [
            20.659268,
            44.546386
          ],
          [
            20.659398,
            44.546551
          ],
          [
            20.659468,
            44.546633
          ],
          [
            20.659521,
            44.546695
          ],
          [
            20.659567,
            44.546746
          ],
          [
            20.65962,
            44.546801
          ],
          [
            20.659699,
            44.54688
          ],
          [
            20.659814,
            44.546987
          ],
          [
            20.659935,
            44.547097
          ],
          [
            20.660022,
            44.547175
          ],
          [
            20.660101,
            44.547241
          ],
          [
            20.660187,
            44.547309
          ],
          [
            20.660337,
            44.547429
          ],
          [
            20.660513,
            44.547564
          ],
          [
            20.660674,
            44.547678
          ],
          [
            20.660835,
            44.547791
          ],
          [
            20.661021,
            44.547922
          ],
          [
            20.661205,
            44.548057
          ],
          [
            20.661394,
            44.548189
          ],
          [
            20.661582,
            44.548329
          ],
          [
            20.661898,
            44.548563
          ],
          [
            20.662236,
            44.548808
          ],
          [
            20.662418,
            44.548938
          ],
          [
            20.662601,
            44.549073
          ],
          [
            20.662702,
            44.549148
          ],
          [
            20.662796,
            44.549222
          ],
          [
            20.662919,
            44.549321
          ],
          [
            20.663049,
            44.549423
          ],
          [
            20.663211,
            44.549555
          ],
          [
            20.663238,
            44.549577
          ],
          [
            20.663301,
            44.549631
          ],
          [
            20.663412,
            44.549727
          ],
          [
            20.663547,
            44.549846
          ],
          [
            20.663663,
            44.549953
          ],
          [
            20.663765,
            44.550048
          ],
          [
            20.663871,
            44.550152
          ],
          [
            20.663986,
            44.550266
          ],
          [
            20.664102,
            44.550383
          ],
          [
            20.664226,
            44.550518
          ],
          [
            20.664353,
            44.550655
          ],
          [
            20.664483,
            44.550795
          ],
          [
            20.664621,
            44.550953
          ],
          [
            20.664749,
            44.551106
          ],
          [
            20.664995,
            44.551404
          ],
          [
            20.665307,
            44.551812
          ],
          [
            20.665531,
            44.552132
          ],
          [
            20.665629,
            44.552285
          ],
          [
            20.665739,
            44.552458
          ],
          [
            20.665829,
            44.552617
          ],
          [
            20.665919,
            44.552784
          ],
          [
            20.666007,
            44.552956
          ],
          [
            20.666081,
            44.553112
          ],
          [
            20.666139,
            44.553228
          ],
          [
            20.666188,
            44.553327
          ],
          [
            20.666229,
            44.553418
          ],
          [
            20.66627,
            44.553511
          ],
          [
            20.666344,
            44.553675
          ],
          [
            20.666403,
            44.553816
          ],
          [
            20.666453,
            44.553941
          ],
          [
            20.666497,
            44.554057
          ],
          [
            20.666589,
            44.554316
          ],
          [
            20.666666,
            44.554547
          ],
          [
            20.66671,
            44.554684
          ],
          [
            20.666746,
            44.554815
          ],
          [
            20.666783,
            44.554938
          ],
          [
            20.666831,
            44.555118
          ],
          [
            20.66685,
            44.555206
          ],
          [
            20.666881,
            44.555323
          ],
          [
            20.666918,
            44.555491
          ],
          [
            20.666968,
            44.555735
          ],
          [
            20.667019,
            44.556031
          ],
          [
            20.667067,
            44.556405
          ],
          [
            20.66726,
            44.557533
          ],
          [
            20.667307,
            44.557788
          ],
          [
            20.66737,
            44.558057
          ],
          [
            20.667456,
            44.558332
          ],
          [
            20.667511,
            44.558498
          ],
          [
            20.667555,
            44.558633
          ],
          [
            20.667596,
            44.558754
          ],
          [
            20.667663,
            44.558922
          ],
          [
            20.667774,
            44.559166
          ],
          [
            20.667884,
            44.559393
          ],
          [
            20.667905,
            44.559437
          ],
          [
            20.668005,
            44.559633
          ],
          [
            20.668196,
            44.559948
          ],
          [
            20.668223,
            44.559992
          ],
          [
            20.668249,
            44.560033
          ],
          [
            20.668399,
            44.560279
          ],
          [
            20.668429,
            44.560332
          ],
          [
            20.668888,
            44.561046
          ],
          [
            20.66903,
            44.561294
          ],
          [
            20.669092,
            44.561401
          ],
          [
            20.669146,
            44.561499
          ],
          [
            20.669215,
            44.561636
          ],
          [
            20.669273,
            44.561755
          ],
          [
            20.669318,
            44.561849
          ],
          [
            20.669363,
            44.561956
          ],
          [
            20.669387,
            44.56202
          ],
          [
            20.66941,
            44.56209
          ],
          [
            20.669428,
            44.562148
          ],
          [
            20.669448,
            44.562228
          ],
          [
            20.669468,
            44.562322
          ],
          [
            20.669556,
            44.562561
          ],
          [
            20.669593,
            44.562676
          ],
          [
            20.66961,
            44.56286
          ],
          [
            20.669616,
            44.563065
          ],
          [
            20.669614,
            44.56326
          ],
          [
            20.6696,
            44.563475
          ],
          [
            20.669574,
            44.563813
          ],
          [
            20.66954,
            44.563958
          ],
          [
            20.669512,
            44.564026
          ],
          [
            20.669458,
            44.564148
          ],
          [
            20.66943,
            44.564225
          ],
          [
            20.669402,
            44.564298
          ],
          [
            20.669374,
            44.564369
          ],
          [
            20.669345,
            44.564434
          ],
          [
            20.669318,
            44.564496
          ],
          [
            20.66929,
            44.564556
          ],
          [
            20.669281,
            44.564575
          ],
          [
            20.669228,
            44.564684
          ],
          [
            20.669176,
            44.564785
          ],
          [
            20.669145,
            44.564845
          ],
          [
            20.669114,
            44.564902
          ],
          [
            20.669064,
            44.56499
          ],
          [
            20.669008,
            44.565079
          ],
          [
            20.668953,
            44.565165
          ],
          [
            20.668898,
            44.565243
          ],
          [
            20.668817,
            44.565355
          ],
          [
            20.668766,
            44.56542
          ],
          [
            20.668722,
            44.565475
          ],
          [
            20.668654,
            44.565554
          ],
          [
            20.668587,
            44.565626
          ],
          [
            20.668459,
            44.565754
          ],
          [
            20.668343,
            44.565868
          ],
          [
            20.668213,
            44.565983
          ],
          [
            20.668086,
            44.566088
          ],
          [
            20.667995,
            44.566161
          ],
          [
            20.667895,
            44.566224
          ],
          [
            20.667812,
            44.566279
          ],
          [
            20.6677,
            44.566348
          ],
          [
            20.667615,
            44.566395
          ],
          [
            20.667517,
            44.566443
          ],
          [
            20.667365,
            44.566516
          ],
          [
            20.667251,
            44.566565
          ],
          [
            20.667134,
            44.566616
          ],
          [
            20.666946,
            44.566682
          ],
          [
            20.666759,
            44.566736
          ],
          [
            20.666574,
            44.566782
          ],
          [
            20.666467,
            44.566805
          ],
          [
            20.666362,
            44.566826
          ],
          [
            20.666208,
            44.566851
          ],
          [
            20.666105,
            44.566866
          ],
          [
            20.665995,
            44.566879
          ],
          [
            20.665914,
            44.566887
          ],
          [
            20.665728,
            44.566898
          ],
          [
            20.665595,
            44.56691
          ],
          [
            20.665468,
            44.566909
          ],
          [
            20.665292,
            44.566906
          ],
          [
            20.665121,
            44.566899
          ],
          [
            20.665,
            44.56689
          ],
          [
            20.664904,
            44.566877
          ],
          [
            20.664747,
            44.566854
          ],
          [
            20.6646,
            44.566828
          ],
          [
            20.664469,
            44.566801
          ],
          [
            20.664323,
            44.566768
          ],
          [
            20.664168,
            44.566733
          ],
          [
            20.664022,
            44.566698
          ],
          [
            20.663923,
            44.566671
          ],
          [
            20.663797,
            44.566639
          ],
          [
            20.663678,
            44.566607
          ],
          [
            20.663391,
            44.56654
          ],
          [
            20.663137,
            44.566485
          ],
          [
            20.66302,
            44.566459
          ],
          [
            20.662892,
            44.566434
          ],
          [
            20.662742,
            44.566412
          ],
          [
            20.66249,
            44.566383
          ],
          [
            20.662324,
            44.566375
          ],
          [
            20.662183,
            44.566374
          ],
          [
            20.662066,
            44.566374
          ],
          [
            20.661941,
            44.566374
          ],
          [
            20.661458,
            44.566354
          ],
          [
            20.660812,
            44.566451
          ],
          [
            20.660204,
            44.566551
          ],
          [
            20.659675,
            44.566658
          ],
          [
            20.659234,
            44.566757
          ],
          [
            20.658668,
            44.566905
          ],
          [
            20.658292,
            44.566999
          ],
          [
            20.658013,
            44.567082
          ],
          [
            20.657727,
            44.567164
          ],
          [
            20.657357,
            44.567267
          ],
          [
            20.656989,
            44.567382
          ],
          [
            20.656716,
            44.567469
          ],
          [
            20.656362,
            44.567592
          ],
          [
            20.656127,
            44.567684
          ],
          [
            20.655931,
            44.567764
          ],
          [
            20.655289,
            44.56804
          ],
          [
            20.654839,
            44.568254
          ],
          [
            20.654637,
            44.568357
          ],
          [
            20.654389,
            44.568494
          ],
          [
            20.654176,
            44.568617
          ],
          [
            20.653939,
            44.568759
          ],
          [
            20.653765,
            44.568866
          ],
          [
            20.653617,
            44.568962
          ],
          [
            20.653301,
            44.569183
          ],
          [
            20.653018,
            44.569387
          ],
          [
            20.652711,
            44.569624
          ],
          [
            20.652409,
            44.569873
          ],
          [
            20.652153,
            44.570085
          ],
          [
            20.651922,
            44.570292
          ],
          [
            20.651696,
            44.570494
          ],
          [
            20.651415,
            44.570757
          ],
          [
            20.651015,
            44.571136
          ],
          [
            20.65088,
            44.571261
          ],
          [
            20.650566,
            44.57156
          ],
          [
            20.650282,
            44.571836
          ],
          [
            20.649932,
            44.572187
          ],
          [
            20.649658,
            44.57247
          ],
          [
            20.6492,
            44.572935
          ],
          [
            20.648985,
            44.57317
          ],
          [
            20.648886,
            44.573287
          ],
          [
            20.648648,
            44.573556
          ],
          [
            20.648466,
            44.573768
          ],
          [
            20.648312,
            44.573952
          ],
          [
            20.648135,
            44.574177
          ],
          [
            20.647896,
            44.574481
          ],
          [
            20.647757,
            44.574667
          ],
          [
            20.647617,
            44.574855
          ],
          [
            20.647463,
            44.575064
          ],
          [
            20.647298,
            44.575307
          ],
          [
            20.647079,
            44.575617
          ],
          [
            20.647001,
            44.575734
          ],
          [
            20.646878,
            44.575915
          ],
          [
            20.646719,
            44.576145
          ],
          [
            20.646438,
            44.576622
          ],
          [
            20.646052,
            44.577322
          ],
          [
            20.64582,
            44.577752
          ],
          [
            20.645606,
            44.578177
          ],
          [
            20.645428,
            44.578568
          ],
          [
            20.645097,
            44.579319
          ],
          [
            20.644953,
            44.579664
          ],
          [
            20.644769,
            44.580091
          ],
          [
            20.644536,
            44.580634
          ],
          [
            20.644399,
            44.580992
          ],
          [
            20.644265,
            44.581304
          ],
          [
            20.64415,
            44.58156
          ],
          [
            20.644042,
            44.581796
          ],
          [
            20.643959,
            44.581979
          ],
          [
            20.643874,
            44.582152
          ],
          [
            20.643795,
            44.582321
          ],
          [
            20.643716,
            44.582488
          ],
          [
            20.643577,
            44.582789
          ],
          [
            20.643424,
            44.583096
          ],
          [
            20.643284,
            44.583373
          ],
          [
            20.643036,
            44.583852
          ],
          [
            20.642866,
            44.58415
          ],
          [
            20.642755,
            44.584342
          ],
          [
            20.642539,
            44.584746
          ],
          [
            20.642187,
            44.585372
          ],
          [
            20.641935,
            44.585849
          ],
          [
            20.64163,
            44.586426
          ],
          [
            20.641339,
            44.587015
          ],
          [
            20.641177,
            44.587384
          ],
          [
            20.640999,
            44.587778
          ],
          [
            20.64092,
            44.587972
          ],
          [
            20.640823,
            44.588195
          ],
          [
            20.640752,
            44.588363
          ],
          [
            20.640684,
            44.588559
          ],
          [
            20.640589,
            44.588849
          ],
          [
            20.640475,
            44.589196
          ],
          [
            20.64042,
            44.589365
          ],
          [
            20.640341,
            44.589618
          ],
          [
            20.640166,
            44.590259
          ],
          [
            20.640096,
            44.590602
          ],
          [
            20.640033,
            44.590886
          ],
          [
            20.640001,
            44.591046
          ],
          [
            20.639968,
            44.591209
          ],
          [
            20.639942,
            44.591354
          ],
          [
            20.639908,
            44.591532
          ],
          [
            20.639872,
            44.591737
          ],
          [
            20.639829,
            44.592022
          ],
          [
            20.639797,
            44.592245
          ],
          [
            20.639765,
            44.592459
          ],
          [
            20.639719,
            44.593037
          ],
          [
            20.639698,
            44.593284
          ],
          [
            20.639684,
            44.593514
          ],
          [
            20.639682,
            44.593676
          ],
          [
            20.63968,
            44.593851
          ],
          [
            20.639681,
            44.5942
          ],
          [
            20.639687,
            44.594719
          ],
          [
            20.63971,
            44.59523
          ],
          [
            20.639735,
            44.595538
          ],
          [
            20.63976,
            44.595833
          ],
          [
            20.63979,
            44.596113
          ],
          [
            20.639828,
            44.596404
          ],
          [
            20.639938,
            44.597032
          ],
          [
            20.640031,
            44.597649
          ],
          [
            20.640156,
            44.598383
          ],
          [
            20.640207,
            44.598694
          ],
          [
            20.64025,
            44.599031
          ],
          [
            20.640275,
            44.599218
          ],
          [
            20.640297,
            44.599385
          ],
          [
            20.640319,
            44.599581
          ],
          [
            20.640341,
            44.599782
          ],
          [
            20.640371,
            44.600133
          ],
          [
            20.640381,
            44.600476
          ],
          [
            20.640395,
            44.600787
          ],
          [
            20.640396,
            44.601118
          ],
          [
            20.640388,
            44.601468
          ],
          [
            20.640367,
            44.601921
          ],
          [
            20.640247,
            44.603311
          ],
          [
            20.640216,
            44.603713
          ],
          [
            20.640206,
            44.604012
          ],
          [
            20.640205,
            44.604197
          ],
          [
            20.640199,
            44.604413
          ],
          [
            20.640206,
            44.604591
          ],
          [
            20.640213,
            44.604743
          ],
          [
            20.640226,
            44.604944
          ],
          [
            20.640243,
            44.605124
          ],
          [
            20.640265,
            44.605407
          ],
          [
            20.640308,
            44.605701
          ],
          [
            20.640347,
            44.605944
          ],
          [
            20.640405,
            44.606219
          ],
          [
            20.640448,
            44.606391
          ],
          [
            20.640494,
            44.606565
          ],
          [
            20.640532,
            44.60672
          ],
          [
            20.640577,
            44.606863
          ],
          [
            20.640626,
            44.607017
          ],
          [
            20.640672,
            44.607156
          ],
          [
            20.640727,
            44.607305
          ],
          [
            20.640792,
            44.607472
          ],
          [
            20.640868,
            44.60766
          ],
          [
            20.641062,
            44.608114
          ],
          [
            20.641252,
            44.608536
          ],
          [
            20.641489,
            44.609066
          ],
          [
            20.641749,
            44.609585
          ],
          [
            20.641873,
            44.609849
          ],
          [
            20.641967,
            44.610096
          ],
          [
            20.642055,
            44.610331
          ],
          [
            20.642112,
            44.610479
          ],
          [
            20.642179,
            44.610663
          ],
          [
            20.642266,
            44.610921
          ],
          [
            20.642313,
            44.611081
          ],
          [
            20.64235,
            44.611255
          ],
          [
            20.642383,
            44.61141
          ],
          [
            20.642404,
            44.611566
          ],
          [
            20.642428,
            44.611711
          ],
          [
            20.64245,
            44.61186
          ],
          [
            20.642468,
            44.612007
          ],
          [
            20.642474,
            44.612109
          ],
          [
            20.642484,
            44.612242
          ],
          [
            20.642493,
            44.612387
          ],
          [
            20.64249,
            44.612531
          ],
          [
            20.642484,
            44.612716
          ],
          [
            20.642475,
            44.612899
          ],
          [
            20.642463,
            44.613062
          ],
          [
            20.642443,
            44.613219
          ],
          [
            20.642412,
            44.613392
          ],
          [
            20.642374,
            44.613566
          ],
          [
            20.642326,
            44.613735
          ],
          [
            20.642289,
            44.613867
          ],
          [
            20.64224,
            44.614033
          ],
          [
            20.642189,
            44.614177
          ],
          [
            20.642149,
            44.614295
          ],
          [
            20.642098,
            44.61444
          ],
          [
            20.642069,
            44.614518
          ],
          [
            20.642018,
            44.614652
          ],
          [
            20.641964,
            44.61477
          ],
          [
            20.641885,
            44.614934
          ],
          [
            20.641834,
            44.615038
          ],
          [
            20.641775,
            44.615143
          ],
          [
            20.641703,
            44.61526
          ],
          [
            20.641602,
            44.615426
          ],
          [
            20.641522,
            44.615562
          ],
          [
            20.64143,
            44.615712
          ],
          [
            20.641251,
            44.615986
          ],
          [
            20.641051,
            44.61628
          ],
          [
            20.640875,
            44.61655
          ],
          [
            20.640773,
            44.616693
          ],
          [
            20.640674,
            44.616847
          ],
          [
            20.640427,
            44.617238
          ],
          [
            20.640355,
            44.617354
          ],
          [
            20.640253,
            44.617533
          ],
          [
            20.640172,
            44.617684
          ],
          [
            20.640077,
            44.617872
          ],
          [
            20.640017,
            44.617985
          ],
          [
            20.639971,
            44.618085
          ],
          [
            20.639926,
            44.61818
          ],
          [
            20.63988,
            44.618299
          ],
          [
            20.639821,
            44.618455
          ],
          [
            20.639781,
            44.618568
          ],
          [
            20.639757,
            44.618641
          ],
          [
            20.639728,
            44.618731
          ],
          [
            20.63969,
            44.618862
          ],
          [
            20.639665,
            44.618953
          ],
          [
            20.639647,
            44.619049
          ],
          [
            20.639619,
            44.61919
          ],
          [
            20.63961,
            44.619224
          ],
          [
            20.639594,
            44.619307
          ],
          [
            20.639577,
            44.61942
          ],
          [
            20.639551,
            44.619599
          ],
          [
            20.639537,
            44.619694
          ],
          [
            20.63953,
            44.619766
          ],
          [
            20.639523,
            44.619873
          ],
          [
            20.639509,
            44.620016
          ],
          [
            20.639505,
            44.620069
          ],
          [
            20.639499,
            44.620171
          ],
          [
            20.639491,
            44.620348
          ],
          [
            20.639488,
            44.620689
          ],
          [
            20.639478,
            44.621138
          ],
          [
            20.639466,
            44.621505
          ],
          [
            20.639452,
            44.621685
          ],
          [
            20.63944,
            44.621841
          ],
          [
            20.639427,
            44.621979
          ],
          [
            20.639413,
            44.622087
          ],
          [
            20.639399,
            44.62218
          ],
          [
            20.639374,
            44.622283
          ],
          [
            20.639352,
            44.622398
          ],
          [
            20.639324,
            44.622542
          ],
          [
            20.639278,
            44.622701
          ],
          [
            20.639247,
            44.622805
          ],
          [
            20.6392,
            44.622931
          ],
          [
            20.639159,
            44.623035
          ],
          [
            20.639114,
            44.623153
          ],
          [
            20.639075,
            44.623252
          ],
          [
            20.639034,
            44.623342
          ],
          [
            20.638972,
            44.623476
          ],
          [
            20.638916,
            44.623576
          ],
          [
            20.638839,
            44.623716
          ],
          [
            20.638772,
            44.623836
          ],
          [
            20.638669,
            44.624015
          ],
          [
            20.638547,
            44.624203
          ],
          [
            20.638434,
            44.624379
          ],
          [
            20.638316,
            44.624566
          ],
          [
            20.63822,
            44.624717
          ],
          [
            20.638115,
            44.624886
          ],
          [
            20.637978,
            44.625118
          ],
          [
            20.637874,
            44.625319
          ],
          [
            20.637796,
            44.625473
          ],
          [
            20.637738,
            44.625602
          ],
          [
            20.637612,
            44.62592
          ],
          [
            20.637564,
            44.626073
          ],
          [
            20.637524,
            44.62622
          ],
          [
            20.637488,
            44.626383
          ],
          [
            20.637445,
            44.62655
          ],
          [
            20.637416,
            44.626741
          ],
          [
            20.637396,
            44.626876
          ],
          [
            20.637383,
            44.626958
          ],
          [
            20.637374,
            44.62704
          ],
          [
            20.637363,
            44.627158
          ],
          [
            20.637352,
            44.627332
          ],
          [
            20.637348,
            44.627465
          ],
          [
            20.637344,
            44.627614
          ],
          [
            20.637351,
            44.627765
          ],
          [
            20.637356,
            44.627843
          ],
          [
            20.63736,
            44.627938
          ],
          [
            20.637367,
            44.628029
          ],
          [
            20.637392,
            44.628187
          ],
          [
            20.637419,
            44.628327
          ],
          [
            20.63745,
            44.628481
          ],
          [
            20.637474,
            44.628593
          ],
          [
            20.637529,
            44.628807
          ],
          [
            20.637626,
            44.629173
          ],
          [
            20.637679,
            44.629408
          ],
          [
            20.637722,
            44.629575
          ],
          [
            20.637761,
            44.629738
          ],
          [
            20.6378,
            44.629881
          ],
          [
            20.637835,
            44.630028
          ],
          [
            20.637856,
            44.630163
          ],
          [
            20.637875,
            44.630253
          ],
          [
            20.637889,
            44.630366
          ],
          [
            20.637909,
            44.630516
          ],
          [
            20.637918,
            44.630642
          ],
          [
            20.637929,
            44.630761
          ],
          [
            20.637934,
            44.630853
          ],
          [
            20.637943,
            44.630965
          ],
          [
            20.637946,
            44.631067
          ],
          [
            20.637944,
            44.631155
          ],
          [
            20.637941,
            44.631245
          ],
          [
            20.637938,
            44.631349
          ],
          [
            20.637926,
            44.631484
          ],
          [
            20.637917,
            44.631592
          ],
          [
            20.637911,
            44.631661
          ],
          [
            20.637891,
            44.631777
          ],
          [
            20.637874,
            44.631902
          ],
          [
            20.637855,
            44.631987
          ],
          [
            20.637839,
            44.632081
          ],
          [
            20.637815,
            44.632167
          ],
          [
            20.637795,
            44.632258
          ],
          [
            20.637752,
            44.632446
          ],
          [
            20.63771,
            44.632606
          ],
          [
            20.637667,
            44.63275
          ],
          [
            20.637635,
            44.63286
          ],
          [
            20.637606,
            44.632944
          ],
          [
            20.637565,
            44.633068
          ],
          [
            20.637471,
            44.633331
          ],
          [
            20.637403,
            44.633508
          ],
          [
            20.637328,
            44.633693
          ],
          [
            20.637233,
            44.63392
          ],
          [
            20.637148,
            44.634108
          ],
          [
            20.637061,
            44.634296
          ],
          [
            20.636979,
            44.634465
          ],
          [
            20.636856,
            44.634731
          ],
          [
            20.636708,
            44.635027
          ],
          [
            20.636561,
            44.635313
          ],
          [
            20.636464,
            44.635491
          ],
          [
            20.636357,
            44.635699
          ],
          [
            20.636294,
            44.635813
          ],
          [
            20.636207,
            44.635965
          ],
          [
            20.636134,
            44.636092
          ],
          [
            20.636059,
            44.636219
          ],
          [
            20.635996,
            44.636324
          ],
          [
            20.635916,
            44.636446
          ],
          [
            20.635827,
            44.636574
          ],
          [
            20.635748,
            44.636701
          ],
          [
            20.635579,
            44.636942
          ],
          [
            20.635471,
            44.637086
          ],
          [
            20.635401,
            44.637185
          ],
          [
            20.635354,
            44.63725
          ],
          [
            20.635271,
            44.637362
          ],
          [
            20.635205,
            44.637442
          ],
          [
            20.635143,
            44.637518
          ],
          [
            20.635057,
            44.637624
          ],
          [
            20.634993,
            44.637701
          ],
          [
            20.634883,
            44.637833
          ],
          [
            20.634808,
            44.637928
          ],
          [
            20.63473,
            44.638022
          ],
          [
            20.634651,
            44.638107
          ],
          [
            20.634559,
            44.638213
          ],
          [
            20.634465,
            44.638323
          ],
          [
            20.634335,
            44.638462
          ],
          [
            20.634084,
            44.638723
          ],
          [
            20.633924,
            44.638883
          ],
          [
            20.633775,
            44.639024
          ],
          [
            20.63351,
            44.639286
          ],
          [
            20.633192,
            44.639588
          ],
          [
            20.632936,
            44.63983
          ],
          [
            20.632693,
            44.64006
          ],
          [
            20.632438,
            44.640303
          ],
          [
            20.632327,
            44.640412
          ],
          [
            20.63221,
            44.640528
          ],
          [
            20.632123,
            44.640622
          ],
          [
            20.632045,
            44.640697
          ],
          [
            20.631909,
            44.640838
          ],
          [
            20.631674,
            44.641087
          ],
          [
            20.631537,
            44.641241
          ],
          [
            20.631368,
            44.641432
          ],
          [
            20.631233,
            44.641586
          ],
          [
            20.631117,
            44.641723
          ],
          [
            20.630999,
            44.641876
          ],
          [
            20.630946,
            44.641945
          ],
          [
            20.630814,
            44.642121
          ],
          [
            20.63068,
            44.642308
          ],
          [
            20.630571,
            44.642458
          ],
          [
            20.63049,
            44.642582
          ],
          [
            20.630402,
            44.642705
          ],
          [
            20.630294,
            44.642886
          ],
          [
            20.630204,
            44.643027
          ],
          [
            20.630106,
            44.643185
          ],
          [
            20.630023,
            44.643326
          ],
          [
            20.629945,
            44.64346
          ],
          [
            20.629892,
            44.64355
          ],
          [
            20.629827,
            44.643668
          ],
          [
            20.629755,
            44.643811
          ],
          [
            20.629705,
            44.64391
          ],
          [
            20.629607,
            44.644098
          ],
          [
            20.629458,
            44.644411
          ],
          [
            20.629327,
            44.644724
          ],
          [
            20.629263,
            44.644881
          ],
          [
            20.629153,
            44.645154
          ],
          [
            20.629086,
            44.64535
          ],
          [
            20.629033,
            44.645519
          ],
          [
            20.628981,
            44.645682
          ],
          [
            20.628918,
            44.645878
          ],
          [
            20.62888,
            44.646018
          ],
          [
            20.628851,
            44.646143
          ],
          [
            20.628817,
            44.646289
          ],
          [
            20.628786,
            44.646439
          ],
          [
            20.628754,
            44.646584
          ],
          [
            20.628734,
            44.646697
          ],
          [
            20.628709,
            44.646858
          ],
          [
            20.628687,
            44.647057
          ],
          [
            20.628646,
            44.647387
          ],
          [
            20.628612,
            44.647671
          ],
          [
            20.628524,
            44.648479
          ],
          [
            20.628467,
            44.649056
          ],
          [
            20.628435,
            44.649362
          ],
          [
            20.628391,
            44.649648
          ],
          [
            20.628368,
            44.649816
          ],
          [
            20.628338,
            44.649989
          ],
          [
            20.628312,
            44.650146
          ],
          [
            20.628294,
            44.650247
          ],
          [
            20.628262,
            44.650401
          ],
          [
            20.628222,
            44.650566
          ],
          [
            20.628196,
            44.650673
          ],
          [
            20.628163,
            44.650811
          ],
          [
            20.628131,
            44.650921
          ],
          [
            20.628092,
            44.651045
          ],
          [
            20.62805,
            44.651173
          ],
          [
            20.627987,
            44.651347
          ],
          [
            20.627925,
            44.651502
          ],
          [
            20.627851,
            44.651679
          ],
          [
            20.627789,
            44.651828
          ],
          [
            20.627734,
            44.65196
          ],
          [
            20.627691,
            44.652056
          ],
          [
            20.627574,
            44.652279
          ],
          [
            20.627471,
            44.652474
          ],
          [
            20.627395,
            44.652605
          ],
          [
            20.627306,
            44.652766
          ],
          [
            20.627211,
            44.652938
          ],
          [
            20.626924,
            44.653363
          ],
          [
            20.62676,
            44.653581
          ],
          [
            20.626681,
            44.653684
          ],
          [
            20.626565,
            44.653835
          ],
          [
            20.626464,
            44.653956
          ],
          [
            20.626314,
            44.654127
          ],
          [
            20.626208,
            44.65424
          ],
          [
            20.625981,
            44.654483
          ],
          [
            20.625859,
            44.654608
          ],
          [
            20.625737,
            44.654731
          ],
          [
            20.625635,
            44.654827
          ],
          [
            20.625499,
            44.654948
          ],
          [
            20.625398,
            44.655039
          ],
          [
            20.625297,
            44.655128
          ],
          [
            20.625187,
            44.655225
          ],
          [
            20.625078,
            44.655318
          ],
          [
            20.624971,
            44.655409
          ],
          [
            20.624864,
            44.655495
          ],
          [
            20.62475,
            44.655584
          ],
          [
            20.624644,
            44.655663
          ],
          [
            20.624534,
            44.655746
          ],
          [
            20.624432,
            44.655821
          ],
          [
            20.624247,
            44.655955
          ],
          [
            20.624088,
            44.656068
          ],
          [
            20.623943,
            44.656166
          ],
          [
            20.623742,
            44.656302
          ],
          [
            20.62358,
            44.6564
          ],
          [
            20.623423,
            44.656493
          ],
          [
            20.623115,
            44.656671
          ],
          [
            20.622986,
            44.656746
          ],
          [
            20.622885,
            44.656804
          ],
          [
            20.622658,
            44.656932
          ],
          [
            20.622485,
            44.657023
          ],
          [
            20.622319,
            44.657114
          ],
          [
            20.62212,
            44.657217
          ],
          [
            20.621913,
            44.657326
          ],
          [
            20.621533,
            44.657516
          ],
          [
            20.621235,
            44.657662
          ],
          [
            20.620938,
            44.657807
          ],
          [
            20.620657,
            44.657946
          ],
          [
            20.620348,
            44.658104
          ],
          [
            20.620091,
            44.658231
          ],
          [
            20.619897,
            44.658325
          ],
          [
            20.619701,
            44.658423
          ],
          [
            20.61958,
            44.658484
          ],
          [
            20.619435,
            44.658556
          ],
          [
            20.619298,
            44.658626
          ],
          [
            20.619166,
            44.658694
          ],
          [
            20.619043,
            44.658758
          ],
          [
            20.618703,
            44.658935
          ],
          [
            20.618623,
            44.658977
          ],
          [
            20.618419,
            44.659094
          ],
          [
            20.618208,
            44.659225
          ],
          [
            20.618028,
            44.659335
          ],
          [
            20.617928,
            44.659396
          ],
          [
            20.617869,
            44.659433
          ],
          [
            20.617726,
            44.659528
          ],
          [
            20.617595,
            44.659622
          ],
          [
            20.61747,
            44.659715
          ],
          [
            20.617342,
            44.659816
          ],
          [
            20.617228,
            44.659903
          ],
          [
            20.617077,
            44.660026
          ],
          [
            20.616935,
            44.660145
          ],
          [
            20.616807,
            44.660258
          ],
          [
            20.616681,
            44.660368
          ],
          [
            20.616497,
            44.660543
          ],
          [
            20.616315,
            44.660712
          ],
          [
            20.616155,
            44.660876
          ],
          [
            20.61587,
            44.661152
          ],
          [
            20.615628,
            44.661374
          ],
          [
            20.615287,
            44.661718
          ],
          [
            20.615075,
            44.661918
          ],
          [
            20.614431,
            44.662537
          ],
          [
            20.613839,
            44.663162
          ],
          [
            20.613471,
            44.66355
          ],
          [
            20.612899,
            44.664186
          ],
          [
            20.612678,
            44.664427
          ],
          [
            20.612664,
            44.664443
          ],
          [
            20.612562,
            44.664556
          ],
          [
            20.612532,
            44.664588
          ],
          [
            20.612306,
            44.664838
          ],
          [
            20.611669,
            44.665541
          ],
          [
            20.611365,
            44.665869
          ],
          [
            20.610833,
            44.666447
          ],
          [
            20.610502,
            44.666815
          ],
          [
            20.610224,
            44.667132
          ],
          [
            20.609522,
            44.667996
          ],
          [
            20.609377,
            44.668176
          ],
          [
            20.609159,
            44.668448
          ],
          [
            20.608709,
            44.66901
          ],
          [
            20.608377,
            44.669409
          ],
          [
            20.608047,
            44.669792
          ],
          [
            20.607792,
            44.670072
          ],
          [
            20.607537,
            44.670337
          ],
          [
            20.607375,
            44.670509
          ],
          [
            20.607141,
            44.670734
          ],
          [
            20.606975,
            44.670895
          ],
          [
            20.606852,
            44.671012
          ],
          [
            20.606691,
            44.671163
          ],
          [
            20.606541,
            44.671294
          ],
          [
            20.606395,
            44.67142
          ],
          [
            20.606257,
            44.671532
          ],
          [
            20.60609,
            44.671665
          ],
          [
            20.605932,
            44.671787
          ],
          [
            20.605773,
            44.671904
          ],
          [
            20.605622,
            44.672013
          ],
          [
            20.605407,
            44.672159
          ],
          [
            20.605182,
            44.672307
          ],
          [
            20.60497,
            44.672438
          ],
          [
            20.604779,
            44.672553
          ],
          [
            20.604636,
            44.672635
          ],
          [
            20.604268,
            44.672826
          ],
          [
            20.603933,
            44.672988
          ],
          [
            20.603331,
            44.673247
          ],
          [
            20.603177,
            44.673301
          ],
          [
            20.603076,
            44.673335
          ],
          [
            20.602934,
            44.673383
          ],
          [
            20.60276,
            44.673438
          ],
          [
            20.602521,
            44.67351
          ],
          [
            20.602269,
            44.67358
          ],
          [
            20.601941,
            44.673666
          ],
          [
            20.601807,
            44.673698
          ],
          [
            20.60157,
            44.673752
          ],
          [
            20.60104,
            44.673843
          ],
          [
            20.600823,
            44.673875
          ],
          [
            20.600604,
            44.6739
          ],
          [
            20.60038,
            44.673923
          ],
          [
            20.600166,
            44.673942
          ],
          [
            20.599904,
            44.673961
          ],
          [
            20.599688,
            44.673975
          ],
          [
            20.599482,
            44.673985
          ],
          [
            20.599183,
            44.673995
          ],
          [
            20.598944,
            44.673997
          ],
          [
            20.598264,
            44.673992
          ],
          [
            20.597636,
            44.673985
          ],
          [
            20.597287,
            44.673987
          ],
          [
            20.596935,
            44.673985
          ],
          [
            20.596635,
            44.673977
          ],
          [
            20.596409,
            44.673982
          ],
          [
            20.596192,
            44.67399
          ],
          [
            20.596038,
            44.674001
          ],
          [
            20.595878,
            44.674013
          ],
          [
            20.595704,
            44.674029
          ],
          [
            20.595508,
            44.67405
          ],
          [
            20.595287,
            44.674079
          ],
          [
            20.595133,
            44.6741
          ],
          [
            20.594996,
            44.674118
          ],
          [
            20.594865,
            44.67414
          ],
          [
            20.594721,
            44.674166
          ],
          [
            20.594571,
            44.674194
          ],
          [
            20.5944,
            44.674228
          ],
          [
            20.594249,
            44.674262
          ],
          [
            20.59412,
            44.674292
          ],
          [
            20.593858,
            44.674354
          ],
          [
            20.593612,
            44.674422
          ],
          [
            20.593372,
            44.674485
          ],
          [
            20.593148,
            44.674554
          ],
          [
            20.592947,
            44.67462
          ],
          [
            20.592795,
            44.674674
          ],
          [
            20.592682,
            44.674718
          ],
          [
            20.592547,
            44.674772
          ],
          [
            20.592382,
            44.67484
          ],
          [
            20.592281,
            44.674885
          ],
          [
            20.59217,
            44.674933
          ],
          [
            20.592084,
            44.674974
          ],
          [
            20.591911,
            44.675061
          ],
          [
            20.59176,
            44.675136
          ],
          [
            20.591632,
            44.675203
          ],
          [
            20.591476,
            44.675289
          ],
          [
            20.591359,
            44.675357
          ],
          [
            20.591251,
            44.67542
          ],
          [
            20.591155,
            44.675478
          ],
          [
            20.590985,
            44.675583
          ],
          [
            20.590841,
            44.675677
          ],
          [
            20.590713,
            44.675769
          ],
          [
            20.590575,
            44.675867
          ],
          [
            20.590458,
            44.675952
          ],
          [
            20.590308,
            44.676066
          ],
          [
            20.590179,
            44.676171
          ],
          [
            20.590008,
            44.676313
          ],
          [
            20.589841,
            44.676446
          ],
          [
            20.589668,
            44.676609
          ],
          [
            20.589509,
            44.676761
          ],
          [
            20.589378,
            44.67689
          ],
          [
            20.589245,
            44.677027
          ],
          [
            20.58908,
            44.677194
          ],
          [
            20.588869,
            44.677416
          ],
          [
            20.58866,
            44.677646
          ],
          [
            20.588424,
            44.677903
          ],
          [
            20.588274,
            44.67808
          ],
          [
            20.588077,
            44.678335
          ],
          [
            20.587961,
            44.678478
          ],
          [
            20.587847,
            44.678622
          ],
          [
            20.587719,
            44.678782
          ],
          [
            20.587633,
            44.678896
          ],
          [
            20.587541,
            44.679017
          ],
          [
            20.587445,
            44.679149
          ],
          [
            20.587338,
            44.679295
          ],
          [
            20.587244,
            44.679431
          ],
          [
            20.587135,
            44.679591
          ],
          [
            20.587011,
            44.679775
          ],
          [
            20.58692,
            44.679918
          ],
          [
            20.586789,
            44.680108
          ],
          [
            20.586625,
            44.680355
          ],
          [
            20.586531,
            44.68051
          ],
          [
            20.586456,
            44.680644
          ],
          [
            20.586332,
            44.680854
          ],
          [
            20.58616,
            44.681194
          ],
          [
            20.586027,
            44.68147
          ],
          [
            20.585899,
            44.681719
          ],
          [
            20.58583,
            44.681864
          ],
          [
            20.585744,
            44.682042
          ],
          [
            20.585651,
            44.68225
          ],
          [
            20.58555,
            44.682476
          ],
          [
            20.585465,
            44.68268
          ],
          [
            20.585373,
            44.682911
          ],
          [
            20.585313,
            44.683075
          ],
          [
            20.585244,
            44.683263
          ],
          [
            20.585195,
            44.683406
          ],
          [
            20.585146,
            44.683556
          ],
          [
            20.585112,
            44.683667
          ],
          [
            20.585051,
            44.683869
          ],
          [
            20.584981,
            44.684094
          ],
          [
            20.584915,
            44.684327
          ],
          [
            20.584875,
            44.684481
          ],
          [
            20.584833,
            44.684643
          ],
          [
            20.584791,
            44.684809
          ],
          [
            20.584762,
            44.684974
          ],
          [
            20.584716,
            44.685189
          ],
          [
            20.584666,
            44.685426
          ],
          [
            20.584631,
            44.685674
          ],
          [
            20.584593,
            44.685906
          ],
          [
            20.584577,
            44.686046
          ],
          [
            20.584558,
            44.686171
          ],
          [
            20.584542,
            44.68636
          ],
          [
            20.584509,
            44.686569
          ],
          [
            20.584499,
            44.68671
          ],
          [
            20.584476,
            44.686996
          ],
          [
            20.584463,
            44.687215
          ],
          [
            20.584453,
            44.687446
          ],
          [
            20.584441,
            44.687762
          ],
          [
            20.584432,
            44.688004
          ],
          [
            20.584433,
            44.688202
          ],
          [
            20.584425,
            44.688714
          ],
          [
            20.584413,
            44.689251
          ],
          [
            20.584395,
            44.690003
          ],
          [
            20.584391,
            44.690201
          ],
          [
            20.584376,
            44.690525
          ],
          [
            20.584364,
            44.690723
          ],
          [
            20.584332,
            44.691167
          ],
          [
            20.584302,
            44.691458
          ],
          [
            20.584273,
            44.691698
          ],
          [
            20.584246,
            44.691906
          ],
          [
            20.58417,
            44.692387
          ],
          [
            20.584155,
            44.692453
          ],
          [
            20.584099,
            44.692744
          ],
          [
            20.584034,
            44.693037
          ],
          [
            20.583984,
            44.693238
          ],
          [
            20.583929,
            44.693463
          ],
          [
            20.583862,
            44.6937
          ],
          [
            20.583759,
            44.694031
          ],
          [
            20.583645,
            44.694378
          ],
          [
            20.583596,
            44.694515
          ],
          [
            20.583552,
            44.694635
          ],
          [
            20.583505,
            44.694757
          ],
          [
            20.583387,
            44.695058
          ],
          [
            20.583137,
            44.695651
          ],
          [
            20.583012,
            44.695911
          ],
          [
            20.58291,
            44.69612
          ],
          [
            20.582646,
            44.696619
          ],
          [
            20.582371,
            44.697099
          ],
          [
            20.582008,
            44.69768
          ],
          [
            20.581679,
            44.698172
          ],
          [
            20.581243,
            44.698752
          ],
          [
            20.580795,
            44.699306
          ],
          [
            20.580533,
            44.699618
          ],
          [
            20.58009,
            44.700095
          ],
          [
            20.579626,
            44.70057
          ],
          [
            20.579203,
            44.700982
          ],
          [
            20.578735,
            44.701409
          ],
          [
            20.578393,
            44.701701
          ],
          [
            20.578046,
            44.701987
          ],
          [
            20.577504,
            44.702409
          ],
          [
            20.577053,
            44.702731
          ],
          [
            20.576218,
            44.703276
          ],
          [
            20.575477,
            44.703748
          ],
          [
            20.57485,
            44.704155
          ],
          [
            20.57369,
            44.704833
          ],
          [
            20.572974,
            44.705263
          ],
          [
            20.572653,
            44.705457
          ],
          [
            20.571708,
            44.706082
          ],
          [
            20.571091,
            44.706511
          ],
          [
            20.570632,
            44.706842
          ],
          [
            20.570316,
            44.707085
          ],
          [
            20.569936,
            44.70738
          ],
          [
            20.569384,
            44.707832
          ],
          [
            20.569059,
            44.708115
          ],
          [
            20.568706,
            44.708426
          ],
          [
            20.56788,
            44.709196
          ],
          [
            20.567564,
            44.709487
          ],
          [
            20.567388,
            44.709649
          ],
          [
            20.567191,
            44.709831
          ],
          [
            20.566505,
            44.710457
          ],
          [
            20.566079,
            44.710822
          ],
          [
            20.565619,
            44.711205
          ],
          [
            20.565151,
            44.711579
          ],
          [
            20.564418,
            44.712152
          ],
          [
            20.563953,
            44.712481
          ],
          [
            20.563361,
            44.712912
          ],
          [
            20.562723,
            44.713337
          ],
          [
            20.562244,
            44.713647
          ],
          [
            20.561738,
            44.713969
          ],
          [
            20.561121,
            44.714321
          ],
          [
            20.56017,
            44.714867
          ],
          [
            20.559305,
            44.715363
          ],
          [
            20.558452,
            44.715826
          ],
          [
            20.557729,
            44.716211
          ],
          [
            20.557107,
            44.716549
          ],
          [
            20.556419,
            44.716898
          ],
          [
            20.555824,
            44.71719
          ],
          [
            20.555115,
            44.717569
          ],
          [
            20.55407,
            44.718127
          ],
          [
            20.552969,
            44.718696
          ],
          [
            20.552794,
            44.718786
          ],
          [
            20.552078,
            44.719144
          ],
          [
            20.551596,
            44.719394
          ],
          [
            20.550935,
            44.719747
          ],
          [
            20.549907,
            44.720302
          ],
          [
            20.549682,
            44.720424
          ],
          [
            20.549345,
            44.720603
          ],
          [
            20.548648,
            44.720965
          ],
          [
            20.547851,
            44.721384
          ],
          [
            20.547402,
            44.721612
          ],
          [
            20.546935,
            44.721851
          ],
          [
            20.54646,
            44.722091
          ],
          [
            20.546058,
            44.722298
          ],
          [
            20.545546,
            44.72257
          ],
          [
            20.54542,
            44.722637
          ],
          [
            20.54535,
            44.722673
          ],
          [
            20.54498,
            44.722869
          ],
          [
            20.54479,
            44.722977
          ],
          [
            20.544593,
            44.723093
          ],
          [
            20.544398,
            44.723216
          ],
          [
            20.543936,
            44.723494
          ],
          [
            20.543692,
            44.723654
          ],
          [
            20.543445,
            44.723817
          ],
          [
            20.54314,
            44.72404
          ],
          [
            20.543109,
            44.724062
          ],
          [
            20.542662,
            44.724394
          ],
          [
            20.542396,
            44.7246
          ],
          [
            20.542116,
            44.724845
          ],
          [
            20.541742,
            44.725203
          ],
          [
            20.541467,
            44.725487
          ],
          [
            20.541251,
            44.725717
          ],
          [
            20.540956,
            44.726072
          ],
          [
            20.540901,
            44.726145
          ],
          [
            20.540787,
            44.726305
          ],
          [
            20.540613,
            44.726537
          ],
          [
            20.540473,
            44.726731
          ],
          [
            20.540374,
            44.726872
          ],
          [
            20.540256,
            44.727047
          ],
          [
            20.540095,
            44.727306
          ],
          [
            20.539949,
            44.727577
          ],
          [
            20.539831,
            44.727815
          ],
          [
            20.539714,
            44.728091
          ],
          [
            20.539639,
            44.728286
          ],
          [
            20.539614,
            44.728368
          ],
          [
            20.539566,
            44.728526
          ],
          [
            20.539495,
            44.728797
          ],
          [
            20.539438,
            44.729032
          ],
          [
            20.539404,
            44.729243
          ],
          [
            20.539383,
            44.729355
          ],
          [
            20.539344,
            44.729685
          ],
          [
            20.53934,
            44.729942
          ],
          [
            20.539323,
            44.730255
          ],
          [
            20.539335,
            44.730462
          ],
          [
            20.539349,
            44.730691
          ],
          [
            20.53938,
            44.730926
          ],
          [
            20.53943,
            44.731249
          ],
          [
            20.539505,
            44.731566
          ],
          [
            20.539595,
            44.731884
          ],
          [
            20.539635,
            44.732006
          ],
          [
            20.539733,
            44.732281
          ],
          [
            20.539871,
            44.732565
          ],
          [
            20.540066,
            44.732946
          ],
          [
            20.54023,
            44.733231
          ],
          [
            20.540392,
            44.733485
          ],
          [
            20.540584,
            44.733756
          ],
          [
            20.54077,
            44.733995
          ],
          [
            20.540865,
            44.734108
          ],
          [
            20.541071,
            44.734354
          ],
          [
            20.541281,
            44.734594
          ],
          [
            20.541684,
            44.735
          ],
          [
            20.541849,
            44.735148
          ],
          [
            20.542013,
            44.735303
          ],
          [
            20.542361,
            44.735622
          ],
          [
            20.542773,
            44.736017
          ],
          [
            20.543459,
            44.736631
          ],
          [
            20.543551,
            44.736714
          ],
          [
            20.543632,
            44.73679
          ],
          [
            20.543964,
            44.737098
          ],
          [
            20.544222,
            44.737345
          ],
          [
            20.544426,
            44.737574
          ],
          [
            20.544627,
            44.737829
          ],
          [
            20.544756,
            44.73801
          ],
          [
            20.544835,
            44.738133
          ],
          [
            20.544933,
            44.738302
          ],
          [
            20.545014,
            44.738463
          ],
          [
            20.545081,
            44.738613
          ],
          [
            20.545133,
            44.73874
          ],
          [
            20.545183,
            44.738884
          ],
          [
            20.545227,
            44.739041
          ],
          [
            20.54526,
            44.739193
          ],
          [
            20.545285,
            44.739363
          ],
          [
            20.545299,
            44.739542
          ],
          [
            20.5453,
            44.739711
          ],
          [
            20.545291,
            44.739859
          ],
          [
            20.545272,
            44.740013
          ],
          [
            20.545241,
            44.740183
          ],
          [
            20.545213,
            44.740298
          ],
          [
            20.545136,
            44.740545
          ],
          [
            20.545066,
            44.740719
          ],
          [
            20.544952,
            44.740949
          ],
          [
            20.544834,
            44.741149
          ],
          [
            20.544708,
            44.741345
          ],
          [
            20.544642,
            44.74144
          ],
          [
            20.544551,
            44.741553
          ],
          [
            20.544464,
            44.741651
          ],
          [
            20.544337,
            44.741778
          ],
          [
            20.544233,
            44.741887
          ],
          [
            20.544179,
            44.741941
          ],
          [
            20.544126,
            44.74199
          ],
          [
            20.544021,
            44.742077
          ],
          [
            20.543879,
            44.742187
          ],
          [
            20.54373,
            44.742301
          ],
          [
            20.54346,
            44.742526
          ],
          [
            20.54326,
            44.742706
          ],
          [
            20.543136,
            44.742822
          ],
          [
            20.543066,
            44.74289
          ],
          [
            20.542996,
            44.742954
          ],
          [
            20.542858,
            44.743091
          ],
          [
            20.542798,
            44.743152
          ],
          [
            20.542738,
            44.743217
          ],
          [
            20.542674,
            44.743294
          ],
          [
            20.54261,
            44.743376
          ],
          [
            20.542541,
            44.74348
          ],
          [
            20.542459,
            44.743604
          ],
          [
            20.542412,
            44.743693
          ],
          [
            20.542351,
            44.743812
          ],
          [
            20.542313,
            44.743888
          ],
          [
            20.542282,
            44.743951
          ],
          [
            20.542248,
            44.744029
          ],
          [
            20.542214,
            44.744118
          ],
          [
            20.542198,
            44.744164
          ],
          [
            20.542179,
            44.744221
          ],
          [
            20.542159,
            44.744292
          ],
          [
            20.542138,
            44.744373
          ],
          [
            20.542106,
            44.744489
          ],
          [
            20.54208,
            44.744607
          ],
          [
            20.542021,
            44.744869
          ],
          [
            20.542002,
            44.744981
          ],
          [
            20.541972,
            44.7451
          ],
          [
            20.541944,
            44.745208
          ],
          [
            20.541913,
            44.7453
          ],
          [
            20.541878,
            44.745402
          ],
          [
            20.541841,
            44.745495
          ],
          [
            20.541812,
            44.745571
          ],
          [
            20.541787,
            44.745635
          ],
          [
            20.541746,
            44.745731
          ],
          [
            20.541705,
            44.745814
          ],
          [
            20.541668,
            44.745888
          ],
          [
            20.541633,
            44.745955
          ],
          [
            20.541547,
            44.746091
          ],
          [
            20.541465,
            44.746219
          ],
          [
            20.54141,
            44.746302
          ],
          [
            20.541357,
            44.746376
          ],
          [
            20.541257,
            44.746513
          ],
          [
            20.54093,
            44.746966
          ],
          [
            20.540823,
            44.747115
          ],
          [
            20.540769,
            44.747202
          ],
          [
            20.540713,
            44.74729
          ],
          [
            20.540645,
            44.747406
          ],
          [
            20.540611,
            44.747466
          ],
          [
            20.540582,
            44.74753
          ],
          [
            20.540543,
            44.747612
          ],
          [
            20.540504,
            44.747703
          ],
          [
            20.540471,
            44.747779
          ],
          [
            20.54044,
            44.747863
          ],
          [
            20.540416,
            44.747942
          ],
          [
            20.540392,
            44.748028
          ],
          [
            20.540364,
            44.748111
          ],
          [
            20.540339,
            44.748213
          ],
          [
            20.540316,
            44.748325
          ],
          [
            20.540299,
            44.74844
          ],
          [
            20.540291,
            44.748512
          ],
          [
            20.540286,
            44.748585
          ],
          [
            20.540281,
            44.748689
          ],
          [
            20.540283,
            44.748762
          ],
          [
            20.540286,
            44.748832
          ],
          [
            20.540292,
            44.748915
          ],
          [
            20.540301,
            44.749048
          ],
          [
            20.540305,
            44.749158
          ],
          [
            20.540319,
            44.749248
          ],
          [
            20.540351,
            44.749425
          ],
          [
            20.540388,
            44.749583
          ],
          [
            20.540437,
            44.749798
          ],
          [
            20.540484,
            44.74998
          ],
          [
            20.540536,
            44.750194
          ],
          [
            20.540574,
            44.750401
          ],
          [
            20.540589,
            44.750501
          ],
          [
            20.540602,
            44.750611
          ],
          [
            20.540613,
            44.7507
          ],
          [
            20.54062,
            44.750797
          ],
          [
            20.540631,
            44.750945
          ],
          [
            20.540628,
            44.751072
          ],
          [
            20.540623,
            44.751192
          ],
          [
            20.54061,
            44.751327
          ],
          [
            20.540599,
            44.751444
          ],
          [
            20.540585,
            44.751529
          ],
          [
            20.540572,
            44.751605
          ],
          [
            20.540543,
            44.751735
          ],
          [
            20.540513,
            44.751852
          ],
          [
            20.540492,
            44.751921
          ],
          [
            20.540472,
            44.751996
          ],
          [
            20.540444,
            44.752072
          ],
          [
            20.540403,
            44.752171
          ],
          [
            20.540357,
            44.752277
          ],
          [
            20.540312,
            44.752377
          ],
          [
            20.540256,
            44.752481
          ],
          [
            20.540207,
            44.752569
          ],
          [
            20.540133,
            44.752697
          ],
          [
            20.540072,
            44.752792
          ],
          [
            20.540014,
            44.752878
          ],
          [
            20.539969,
            44.752933
          ],
          [
            20.539907,
            44.753015
          ],
          [
            20.539861,
            44.753074
          ],
          [
            20.539796,
            44.753147
          ],
          [
            20.53972,
            44.753231
          ],
          [
            20.539589,
            44.753382
          ],
          [
            20.539488,
            44.753487
          ],
          [
            20.539386,
            44.753587
          ],
          [
            20.53929,
            44.753678
          ],
          [
            20.539194,
            44.753763
          ],
          [
            20.539059,
            44.753873
          ],
          [
            20.538872,
            44.754012
          ],
          [
            20.538605,
            44.754211
          ],
          [
            20.538368,
            44.754369
          ],
          [
            20.538134,
            44.754546
          ],
          [
            20.537672,
            44.754863
          ],
          [
            20.537461,
            44.755006
          ],
          [
            20.537241,
            44.755175
          ],
          [
            20.537111,
            44.755271
          ],
          [
            20.536974,
            44.755374
          ],
          [
            20.536853,
            44.755473
          ],
          [
            20.536735,
            44.755568
          ],
          [
            20.536603,
            44.755685
          ],
          [
            20.536488,
            44.755796
          ],
          [
            20.536362,
            44.755914
          ],
          [
            20.536246,
            44.756043
          ],
          [
            20.536158,
            44.756147
          ],
          [
            20.536052,
            44.756264
          ],
          [
            20.535985,
            44.756342
          ],
          [
            20.535919,
            44.756428
          ],
          [
            20.535823,
            44.756549
          ],
          [
            20.535744,
            44.756669
          ],
          [
            20.535671,
            44.756777
          ],
          [
            20.535596,
            44.756897
          ],
          [
            20.53553,
            44.757003
          ],
          [
            20.535463,
            44.757116
          ],
          [
            20.535412,
            44.757207
          ],
          [
            20.53536,
            44.757308
          ],
          [
            20.535256,
            44.757519
          ],
          [
            20.535191,
            44.757661
          ],
          [
            20.535128,
            44.757819
          ],
          [
            20.534965,
            44.758249
          ],
          [
            20.534846,
            44.758589
          ],
          [
            20.534803,
            44.75871
          ],
          [
            20.534709,
            44.758972
          ],
          [
            20.534593,
            44.759317
          ],
          [
            20.534484,
            44.759597
          ],
          [
            20.534369,
            44.759869
          ],
          [
            20.534291,
            44.760029
          ],
          [
            20.534271,
            44.760072
          ],
          [
            20.534112,
            44.760362
          ],
          [
            20.534027,
            44.760501
          ],
          [
            20.533934,
            44.76064
          ],
          [
            20.533791,
            44.76083
          ],
          [
            20.533641,
            44.761017
          ],
          [
            20.533521,
            44.761157
          ],
          [
            20.533398,
            44.761293
          ],
          [
            20.533252,
            44.761443
          ],
          [
            20.533054,
            44.761621
          ],
          [
            20.532814,
            44.761823
          ],
          [
            20.532646,
            44.761953
          ],
          [
            20.5325,
            44.76206
          ],
          [
            20.532302,
            44.762194
          ],
          [
            20.532184,
            44.762271
          ],
          [
            20.531988,
            44.762393
          ],
          [
            20.531771,
            44.762509
          ],
          [
            20.531473,
            44.762675
          ],
          [
            20.531141,
            44.762839
          ],
          [
            20.530914,
            44.762943
          ],
          [
            20.529975,
            44.763358
          ],
          [
            20.528645,
            44.763959
          ],
          [
            20.527852,
            44.764343
          ],
          [
            20.527507,
            44.764523
          ],
          [
            20.52701,
            44.764805
          ],
          [
            20.526599,
            44.765056
          ],
          [
            20.526508,
            44.765111
          ],
          [
            20.526071,
            44.765402
          ],
          [
            20.525783,
            44.765606
          ],
          [
            20.525492,
            44.765822
          ],
          [
            20.525193,
            44.766047
          ],
          [
            20.524941,
            44.766251
          ],
          [
            20.52452,
            44.766622
          ],
          [
            20.524263,
            44.766849
          ],
          [
            20.524087,
            44.767018
          ],
          [
            20.523856,
            44.767262
          ],
          [
            20.523605,
            44.767527
          ],
          [
            20.523381,
            44.767774
          ],
          [
            20.523157,
            44.768044
          ],
          [
            20.522999,
            44.768259
          ],
          [
            20.522838,
            44.768458
          ],
          [
            20.522541,
            44.768886
          ],
          [
            20.52225,
            44.769305
          ],
          [
            20.521962,
            44.769724
          ],
          [
            20.52145,
            44.770448
          ],
          [
            20.521313,
            44.770619
          ],
          [
            20.520876,
            44.771153
          ],
          [
            20.52052,
            44.771554
          ],
          [
            20.520238,
            44.771857
          ],
          [
            20.519743,
            44.772337
          ],
          [
            20.519462,
            44.772579
          ],
          [
            20.519193,
            44.772824
          ],
          [
            20.518899,
            44.773087
          ],
          [
            20.518791,
            44.773173
          ],
          [
            20.518777,
            44.773186
          ],
          [
            20.518528,
            44.773389
          ],
          [
            20.518313,
            44.773558
          ],
          [
            20.51827,
            44.773592
          ],
          [
            20.517962,
            44.773828
          ],
          [
            20.517353,
            44.774256
          ],
          [
            20.516879,
            44.774578
          ],
          [
            20.51639,
            44.774902
          ],
          [
            20.515698,
            44.775336
          ],
          [
            20.515128,
            44.775685
          ],
          [
            20.514489,
            44.776069
          ],
          [
            20.513962,
            44.776357
          ],
          [
            20.513569,
            44.776577
          ],
          [
            20.513014,
            44.776875
          ],
          [
            20.512476,
            44.777162
          ],
          [
            20.511609,
            44.777585
          ],
          [
            20.510861,
            44.777934
          ],
          [
            20.510105,
            44.778272
          ],
          [
            20.509668,
            44.778461
          ],
          [
            20.509093,
            44.778697
          ],
          [
            20.508523,
            44.778913
          ],
          [
            20.508171,
            44.779036
          ],
          [
            20.508152,
            44.779043
          ],
          [
            20.507537,
            44.779251
          ],
          [
            20.506916,
            44.779448
          ],
          [
            20.506269,
            44.779644
          ],
          [
            20.505864,
            44.77976
          ],
          [
            20.505024,
            44.779981
          ],
          [
            20.504814,
            44.78004
          ],
          [
            20.504557,
            44.780103
          ],
          [
            20.50442,
            44.780137
          ],
          [
            20.504221,
            44.780178
          ],
          [
            20.502891,
            44.780457
          ],
          [
            20.502312,
            44.78057
          ],
          [
            20.501577,
            44.780697
          ],
          [
            20.501359,
            44.78073
          ],
          [
            20.500964,
            44.78079
          ],
          [
            20.500141,
            44.780898
          ],
          [
            20.499233,
            44.781001
          ],
          [
            20.499038,
            44.781021
          ],
          [
            20.498341,
            44.781092
          ],
          [
            20.496043,
            44.78132
          ],
          [
            20.495881,
            44.781336
          ],
          [
            20.495716,
            44.781353
          ],
          [
            20.495168,
            44.781407
          ],
          [
            20.494854,
            44.781438
          ],
          [
            20.493013,
            44.78162
          ],
          [
            20.492301,
            44.781683
          ],
          [
            20.491662,
            44.781749
          ],
          [
            20.489676,
            44.781953
          ],
          [
            20.488545,
            44.782087
          ],
          [
            20.487898,
            44.782185
          ],
          [
            20.487295,
            44.782302
          ],
          [
            20.486863,
            44.782399
          ],
          [
            20.486268,
            44.782554
          ],
          [
            20.485649,
            44.782729
          ],
          [
            20.485242,
            44.782864
          ],
          [
            20.484811,
            44.783006
          ],
          [
            20.48418,
            44.783247
          ],
          [
            20.483833,
            44.783379
          ],
          [
            20.483235,
            44.783616
          ],
          [
            20.482653,
            44.783845
          ],
          [
            20.481509,
            44.784302
          ],
          [
            20.481199,
            44.78443
          ],
          [
            20.480926,
            44.784538
          ],
          [
            20.480618,
            44.78466
          ],
          [
            20.480235,
            44.784813
          ],
          [
            20.479786,
            44.784991
          ],
          [
            20.47932,
            44.785175
          ],
          [
            20.478099,
            44.785683
          ],
          [
            20.477354,
            44.785983
          ],
          [
            20.47642,
            44.786368
          ],
          [
            20.475363,
            44.786799
          ],
          [
            20.474302,
            44.787232
          ],
          [
            20.473677,
            44.787504
          ],
          [
            20.473165,
            44.787731
          ],
          [
            20.473027,
            44.78779
          ],
          [
            20.472973,
            44.787828
          ],
          [
            20.472579,
            44.788107
          ],
          [
            20.472238,
            44.788297
          ],
          [
            20.472036,
            44.788409
          ],
          [
            20.471779,
            44.788599
          ],
          [
            20.471693,
            44.788662
          ],
          [
            20.471595,
            44.788735
          ],
          [
            20.471163,
            44.789018
          ],
          [
            20.470904,
            44.789188
          ],
          [
            20.470779,
            44.789281
          ],
          [
            20.470616,
            44.789419
          ],
          [
            20.470479,
            44.789542
          ],
          [
            20.47039,
            44.789639
          ],
          [
            20.470313,
            44.789724
          ],
          [
            20.470231,
            44.789824
          ],
          [
            20.470108,
            44.789977
          ],
          [
            20.470023,
            44.790102
          ],
          [
            20.46995,
            44.790224
          ],
          [
            20.469849,
            44.790394
          ],
          [
            20.46976,
            44.79055
          ],
          [
            20.469743,
            44.790609
          ],
          [
            20.469733,
            44.790685
          ],
          [
            20.469677,
            44.790777
          ],
          [
            20.469603,
            44.790897
          ],
          [
            20.469415,
            44.79123
          ],
          [
            20.469334,
            44.791313
          ],
          [
            20.469264,
            44.791376
          ],
          [
            20.469229,
            44.791408
          ],
          [
            20.469211,
            44.79142
          ],
          [
            20.469171,
            44.791452
          ],
          [
            20.469121,
            44.791483
          ],
          [
            20.469081,
            44.791504
          ],
          [
            20.469059,
            44.791516
          ],
          [
            20.469021,
            44.791528
          ],
          [
            20.468947,
            44.791535
          ],
          [
            20.468852,
            44.791546
          ],
          [
            20.46867,
            44.791566
          ],
          [
            20.468338,
            44.791613
          ],
          [
            20.467924,
            44.791667
          ],
          [
            20.4676,
            44.791703
          ],
          [
            20.467415,
            44.79171
          ],
          [
            20.467366,
            44.791711
          ],
          [
            20.46731,
            44.791704
          ],
          [
            20.467252,
            44.791687
          ],
          [
            20.467175,
            44.79164
          ],
          [
            20.467146,
            44.791626
          ],
          [
            20.467091,
            44.791585
          ],
          [
            20.467055,
            44.791552
          ],
          [
            20.467031,
            44.791522
          ],
          [
            20.466974,
            44.791441
          ],
          [
            20.466972,
            44.791266
          ],
          [
            20.466953,
            44.791126
          ],
          [
            20.466934,
            44.791019
          ],
          [
            20.466781,
            44.790505
          ],
          [
            20.466503,
            44.789581
          ],
          [
            20.466399,
            44.789296
          ],
          [
            20.46626,
            44.788894
          ],
          [
            20.466232,
            44.788793
          ],
          [
            20.4661,
            44.788378
          ],
          [
            20.466004,
            44.78812
          ],
          [
            20.465968,
            44.788053
          ],
          [
            20.465908,
            44.787983
          ],
          [
            20.465864,
            44.787942
          ],
          [
            20.465807,
            44.787899
          ],
          [
            20.465761,
            44.787865
          ],
          [
            20.465712,
            44.787855
          ],
          [
            20.465672,
            44.787845
          ],
          [
            20.465629,
            44.787826
          ],
          [
            20.465588,
            44.787804
          ],
          [
            20.465552,
            44.787778
          ],
          [
            20.465521,
            44.787748
          ],
          [
            20.465497,
            44.787715
          ],
          [
            20.465479,
            44.787681
          ],
          [
            20.465472,
            44.787662
          ],
          [
            20.465469,
            44.787645
          ],
          [
            20.465466,
            44.787608
          ],
          [
            20.46547,
            44.787572
          ],
          [
            20.46548,
            44.787538
          ],
          [
            20.465497,
            44.787505
          ],
          [
            20.46552,
            44.787475
          ],
          [
            20.465548,
            44.787447
          ],
          [
            20.465581,
            44.787421
          ],
          [
            20.465626,
            44.787361
          ],
          [
            20.465636,
            44.787334
          ],
          [
            20.465641,
            44.78731
          ],
          [
            20.465641,
            44.787284
          ],
          [
            20.465642,
            44.787259
          ],
          [
            20.46564,
            44.787209
          ],
          [
            20.465639,
            44.787158
          ],
          [
            20.46562,
            44.786655
          ],
          [
            20.465612,
            44.786439
          ],
          [
            20.465618,
            44.786349
          ],
          [
            20.465634,
            44.786226
          ],
          [
            20.46569,
            44.785942
          ],
          [
            20.46575,
            44.785676
          ],
          [
            20.465804,
            44.785447
          ],
          [
            20.465814,
            44.7854
          ],
          [
            20.465854,
            44.785219
          ],
          [
            20.465962,
            44.784819
          ],
          [
            20.465983,
            44.784749
          ],
          [
            20.466011,
            44.784669
          ],
          [
            20.466029,
            44.78462
          ],
          [
            20.466074,
            44.784506
          ],
          [
            20.466102,
            44.784436
          ],
          [
            20.466124,
            44.784385
          ],
          [
            20.46614,
            44.784349
          ],
          [
            20.466168,
            44.784282
          ],
          [
            20.46649,
            44.783562
          ],
          [
            20.466598,
            44.783316
          ],
          [
            20.466613,
            44.78328
          ],
          [
            20.466673,
            44.783158
          ],
          [
            20.466715,
            44.783064
          ],
          [
            20.46722,
            44.781935
          ],
          [
            20.467233,
            44.781906
          ],
          [
            20.467265,
            44.781835
          ],
          [
            20.467657,
            44.780954
          ],
          [
            20.467693,
            44.780873
          ],
          [
            20.467799,
            44.780656
          ],
          [
            20.467916,
            44.780432
          ],
          [
            20.468114,
            44.780098
          ],
          [
            20.468196,
            44.779973
          ],
          [
            20.468279,
            44.779851
          ],
          [
            20.468369,
            44.779728
          ],
          [
            20.468309,
            44.779696
          ],
          [
            20.46826,
            44.779664
          ],
          [
            20.46815,
            44.77958
          ],
          [
            20.468104,
            44.779539
          ],
          [
            20.467908,
            44.77936
          ],
          [
            20.467511,
            44.779006
          ],
          [
            20.46745,
            44.778942
          ],
          [
            20.467423,
            44.778895
          ],
          [
            20.467411,
            44.778854
          ],
          [
            20.467399,
            44.778757
          ],
          [
            20.467402,
            44.778703
          ],
          [
            20.467421,
            44.778636
          ],
          [
            20.467566,
            44.778331
          ],
          [
            20.467671,
            44.778125
          ],
          [
            20.467906,
            44.777649
          ],
          [
            20.467944,
            44.777553
          ],
          [
            20.467954,
            44.77751
          ],
          [
            20.467958,
            44.777486
          ],
          [
            20.467959,
            44.777458
          ],
          [
            20.467953,
            44.777244
          ],
          [
            20.467943,
            44.777052
          ],
          [
            20.467822,
            44.777042
          ],
          [
            20.467404,
            44.776997
          ],
          [
            20.46663,
            44.776927
          ],
          [
            20.466571,
            44.776922
          ],
          [
            20.465995,
            44.776873
          ],
          [
            20.465922,
            44.776866
          ],
          [
            20.465601,
            44.776853
          ],
          [
            20.465451,
            44.776853
          ],
          [
            20.465364,
            44.776855
          ],
          [
            20.46524,
            44.776865
          ],
          [
            20.464962,
            44.776894
          ],
          [
            20.464726,
            44.77692
          ],
          [
            20.464638,
            44.776938
          ],
          [
            20.464535,
            44.776976
          ],
          [
            20.464464,
            44.777013
          ],
          [
            20.464351,
            44.777084
          ],
          [
            20.464255,
            44.777157
          ],
          [
            20.464091,
            44.777283
          ],
          [
            20.46404,
            44.777304
          ],
          [
            20.463996,
            44.777307
          ],
          [
            20.463955,
            44.777303
          ],
          [
            20.463883,
            44.777277
          ],
          [
            20.463511,
            44.777599
          ],
          [
            20.463369,
            44.777723
          ],
          [
            20.463189,
            44.777884
          ],
          [
            20.463139,
            44.777928
          ],
          [
            20.463046,
            44.778023
          ],
          [
            20.462804,
            44.77827
          ],
          [
            20.462769,
            44.778307
          ],
          [
            20.462715,
            44.77836
          ],
          [
            20.462483,
            44.778586
          ],
          [
            20.46221,
            44.778852
          ],
          [
            20.463989,
            44.779699
          ],
          [
            20.463883,
            44.779881
          ],
          [
            20.463779,
            44.780055
          ],
          [
            20.463256,
            44.780659
          ],
          [
            20.462979,
            44.780965
          ],
          [
            20.462787,
            44.781147
          ],
          [
            20.462036,
            44.781833
          ],
          [
            20.462023,
            44.781845
          ],
          [
            20.461961,
            44.781901
          ],
          [
            20.462585,
            44.782625
          ],
          [
            20.462662,
            44.78272
          ],
          [
            20.462782,
            44.782889
          ],
          [
            20.462849,
            44.782946
          ],
          [
            20.462856,
            44.782949
          ],
          [
            20.462899,
            44.782997
          ],
          [
            20.462934,
            44.783048
          ],
          [
            20.462953,
            44.783088
          ],
          [
            20.46297,
            44.783135
          ],
          [
            20.462986,
            44.783189
          ],
          [
            20.462993,
            44.783233
          ],
          [
            20.462994,
            44.783289
          ],
          [
            20.462988,
            44.783329
          ],
          [
            20.462948,
            44.783474
          ],
          [
            20.462871,
            44.783782
          ],
          [
            20.462853,
            44.783852
          ],
          [
            20.462827,
            44.783979
          ],
          [
            20.462822,
            44.784042
          ],
          [
            20.462821,
            44.784094
          ],
          [
            20.462821,
            44.784126
          ],
          [
            20.462835,
            44.784291
          ],
          [
            20.462839,
            44.784336
          ],
          [
            20.462847,
            44.784446
          ],
          [
            20.462861,
            44.784623
          ],
          [
            20.462886,
            44.784827
          ],
          [
            20.462905,
            44.785009
          ],
          [
            20.462962,
            44.78537
          ],
          [
            20.462984,
            44.785452
          ],
          [
            20.463016,
            44.785575
          ],
          [
            20.463051,
            44.785696
          ],
          [
            20.46309,
            44.785783
          ],
          [
            20.463129,
            44.785857
          ],
          [
            20.463232,
            44.785991
          ],
          [
            20.464033,
            44.786954
          ],
          [
            20.464135,
            44.78707
          ],
          [
            20.464154,
            44.787092
          ],
          [
            20.464467,
            44.787436
          ],
          [
            20.464512,
            44.787487
          ],
          [
            20.464586,
            44.787578
          ],
          [
            20.464607,
            44.787602
          ],
          [
            20.46465,
            44.787642
          ],
          [
            20.464681,
            44.787669
          ],
          [
            20.464711,
            44.787692
          ],
          [
            20.464742,
            44.787712
          ],
          [
            20.464784,
            44.787735
          ],
          [
            20.4651,
            44.78772
          ],
          [
            20.465171,
            44.787713
          ],
          [
            20.465249,
            44.787699
          ],
          [
            20.465303,
            44.787681
          ],
          [
            20.465343,
            44.787662
          ],
          [
            20.465383,
            44.787641
          ],
          [
            20.465421,
            44.787616
          ],
          [
            20.46547,
            44.787572
          ],
          [
            20.46548,
            44.787538
          ],
          [
            20.465497,
            44.787505
          ],
          [
            20.46552,
            44.787475
          ],
          [
            20.465548,
            44.787447
          ],
          [
            20.465581,
            44.787421
          ],
          [
            20.46561,
            44.787404
          ],
          [
            20.465642,
            44.787389
          ],
          [
            20.465676,
            44.787376
          ],
          [
            20.465711,
            44.787366
          ],
          [
            20.465748,
            44.787358
          ],
          [
            20.465785,
            44.787353
          ],
          [
            20.465823,
            44.787352
          ],
          [
            20.465862,
            44.787352
          ],
          [
            20.465899,
            44.787357
          ],
          [
            20.46593,
            44.787361
          ],
          [
            20.465966,
            44.78737
          ],
          [
            20.465994,
            44.787379
          ],
          [
            20.466014,
            44.787387
          ],
          [
            20.466039,
            44.787398
          ],
          [
            20.466084,
            44.787425
          ],
          [
            20.466107,
            44.787442
          ],
          [
            20.466127,
            44.78746
          ],
          [
            20.466161,
            44.787501
          ],
          [
            20.466184,
            44.787547
          ],
          [
            20.466195,
            44.787595
          ],
          [
            20.466192,
            44.787644
          ],
          [
            20.466177,
            44.787691
          ],
          [
            20.466165,
            44.787714
          ],
          [
            20.46615,
            44.787735
          ],
          [
            20.466146,
            44.78774
          ],
          [
            20.46612,
            44.787809
          ],
          [
            20.466125,
            44.78786
          ],
          [
            20.466133,
            44.787897
          ],
          [
            20.466217,
            44.788112
          ],
          [
            20.466292,
            44.78833
          ],
          [
            20.466448,
            44.788792
          ],
          [
            20.46659,
            44.789238
          ],
          [
            20.466876,
            44.790197
          ],
          [
            20.466967,
            44.790471
          ],
          [
            20.467081,
            44.79083
          ],
          [
            20.467147,
            44.791158
          ],
          [
            20.467173,
            44.791547
          ],
          [
            20.467175,
            44.79164
          ],
          [
            20.467162,
            44.791728
          ],
          [
            20.467138,
            44.791797
          ],
          [
            20.466996,
            44.79204
          ],
          [
            20.466797,
            44.792392
          ],
          [
            20.466663,
            44.792646
          ],
          [
            20.46659,
            44.792792
          ],
          [
            20.466428,
            44.793151
          ],
          [
            20.46634,
            44.793365
          ],
          [
            20.46622,
            44.793619
          ],
          [
            20.466195,
            44.793661
          ],
          [
            20.46616,
            44.793718
          ],
          [
            20.466134,
            44.793747
          ],
          [
            20.466073,
            44.793795
          ],
          [
            20.466047,
            44.793841
          ],
          [
            20.466014,
            44.793907
          ],
          [
            20.465961,
            44.794009
          ],
          [
            20.465839,
            44.794239
          ],
          [
            20.465799,
            44.794313
          ],
          [
            20.465752,
            44.794406
          ],
          [
            20.465566,
            44.794764
          ],
          [
            20.465492,
            44.794908
          ],
          [
            20.465418,
            44.795081
          ],
          [
            20.465368,
            44.795222
          ],
          [
            20.465321,
            44.795379
          ],
          [
            20.465279,
            44.795551
          ],
          [
            20.46525,
            44.795735
          ],
          [
            20.465234,
            44.795919
          ],
          [
            20.465228,
            44.796088
          ],
          [
            20.465238,
            44.796304
          ],
          [
            20.465268,
            44.79652
          ],
          [
            20.465365,
            44.797039
          ],
          [
            20.465406,
            44.797264
          ],
          [
            20.465458,
            44.797508
          ],
          [
            20.465468,
            44.797565
          ],
          [
            20.465486,
            44.797665
          ],
          [
            20.465509,
            44.797788
          ],
          [
            20.465587,
            44.798209
          ],
          [
            20.465639,
            44.79849
          ],
          [
            20.465666,
            44.798638
          ],
          [
            20.465704,
            44.798843
          ],
          [
            20.465722,
            44.798936
          ],
          [
            20.465734,
            44.799
          ],
          [
            20.465763,
            44.799159
          ],
          [
            20.465802,
            44.799364
          ],
          [
            20.465901,
            44.799888
          ],
          [
            20.465916,
            44.799963
          ],
          [
            20.465929,
            44.800029
          ],
          [
            20.466024,
            44.800541
          ],
          [
            20.466067,
            44.800768
          ],
          [
            20.466159,
            44.801287
          ],
          [
            20.466186,
            44.801433
          ],
          [
            20.466214,
            44.801586
          ],
          [
            20.466237,
            44.801711
          ],
          [
            20.466254,
            44.801805
          ],
          [
            20.466263,
            44.801857
          ],
          [
            20.466276,
            44.801928
          ],
          [
            20.466303,
            44.801954
          ],
          [
            20.466318,
            44.801979
          ],
          [
            20.466341,
            44.802028
          ],
          [
            20.46636,
            44.802068
          ],
          [
            20.466395,
            44.802141
          ],
          [
            20.466447,
            44.802223
          ],
          [
            20.466482,
            44.802233
          ],
          [
            20.466514,
            44.802245
          ],
          [
            20.466546,
            44.80226
          ],
          [
            20.466574,
            44.802276
          ],
          [
            20.466601,
            44.802295
          ],
          [
            20.466625,
            44.802315
          ],
          [
            20.466646,
            44.802337
          ],
          [
            20.466664,
            44.80236
          ],
          [
            20.466676,
            44.802379
          ],
          [
            20.466695,
            44.802411
          ],
          [
            20.466703,
            44.802458
          ],
          [
            20.466704,
            44.802489
          ],
          [
            20.4667,
            44.80252
          ],
          [
            20.466692,
            44.80255
          ],
          [
            20.466675,
            44.802585
          ],
          [
            20.466652,
            44.802619
          ],
          [
            20.466623,
            44.80265
          ],
          [
            20.466588,
            44.802678
          ],
          [
            20.466589,
            44.802678
          ],
          [
            20.466525,
            44.802712
          ],
          [
            20.466516,
            44.802809
          ],
          [
            20.466497,
            44.802906
          ],
          [
            20.466488,
            44.802933
          ],
          [
            20.46648,
            44.802952
          ],
          [
            20.466474,
            44.802962
          ],
          [
            20.466409,
            44.803057
          ],
          [
            20.466386,
            44.803087
          ],
          [
            20.46635,
            44.803131
          ],
          [
            20.466338,
            44.803153
          ],
          [
            20.466057,
            44.803659
          ],
          [
            20.465978,
            44.803802
          ],
          [
            20.465929,
            44.803893
          ],
          [
            20.465405,
            44.80489
          ],
          [
            20.465333,
            44.805021
          ],
          [
            20.464874,
            44.805863
          ],
          [
            20.464464,
            44.806613
          ],
          [
            20.464435,
            44.806669
          ],
          [
            20.464418,
            44.806703
          ],
          [
            20.464403,
            44.806732
          ],
          [
            20.464355,
            44.80682
          ],
          [
            20.463978,
            44.807519
          ],
          [
            20.463557,
            44.808265
          ],
          [
            20.463491,
            44.808369
          ],
          [
            20.463471,
            44.808406
          ],
          [
            20.463409,
            44.808517
          ],
          [
            20.463005,
            44.809268
          ],
          [
            20.462886,
            44.809481
          ],
          [
            20.462768,
            44.809687
          ],
          [
            20.462617,
            44.809952
          ],
          [
            20.462329,
            44.810477
          ],
          [
            20.462137,
            44.810841
          ],
          [
            20.462126,
            44.810861
          ],
          [
            20.462069,
            44.810963
          ],
          [
            20.462048,
            44.811004
          ],
          [
            20.461715,
            44.811734
          ],
          [
            20.461581,
            44.812081
          ],
          [
            20.461371,
            44.812524
          ],
          [
            20.461017,
            44.813202
          ],
          [
            20.460869,
            44.813487
          ],
          [
            20.460874,
            44.813503
          ],
          [
            20.460872,
            44.81352
          ],
          [
            20.460865,
            44.813535
          ],
          [
            20.460853,
            44.813549
          ],
          [
            20.460836,
            44.813561
          ],
          [
            20.460708,
            44.813871
          ],
          [
            20.460598,
            44.814084
          ],
          [
            20.460528,
            44.814219
          ],
          [
            20.460474,
            44.814324
          ],
          [
            20.460426,
            44.814409
          ],
          [
            20.46038,
            44.814497
          ],
          [
            20.460348,
            44.814582
          ],
          [
            20.460336,
            44.814641
          ],
          [
            20.460335,
            44.814704
          ],
          [
            20.46034,
            44.814822
          ],
          [
            20.460339,
            44.815032
          ],
          [
            20.460384,
            44.815155
          ],
          [
            20.460425,
            44.815248
          ],
          [
            20.460546,
            44.815473
          ],
          [
            20.460629,
            44.815633
          ],
          [
            20.460666,
            44.815704
          ],
          [
            20.460684,
            44.815731
          ],
          [
            20.460713,
            44.815756
          ],
          [
            20.460742,
            44.815775
          ],
          [
            20.460773,
            44.815791
          ],
          [
            20.460892,
            44.815852
          ],
          [
            20.461011,
            44.815914
          ],
          [
            20.461025,
            44.815882
          ],
          [
            20.461053,
            44.815856
          ],
          [
            20.461091,
            44.815836
          ],
          [
            20.461135,
            44.815826
          ],
          [
            20.461182,
            44.815826
          ],
          [
            20.461226,
            44.815836
          ],
          [
            20.461264,
            44.815855
          ],
          [
            20.461292,
            44.815881
          ],
          [
            20.461308,
            44.815913
          ],
          [
            20.461308,
            44.815947
          ],
          [
            20.461294,
            44.815979
          ],
          [
            20.461266,
            44.816007
          ],
          [
            20.461228,
            44.816027
          ],
          [
            20.461182,
            44.816037
          ],
          [
            20.461134,
            44.816037
          ],
          [
            20.461039,
            44.816161
          ],
          [
            20.460921,
            44.816257
          ],
          [
            20.460866,
            44.816302
          ],
          [
            20.460854,
            44.816358
          ],
          [
            20.460852,
            44.816407
          ],
          [
            20.46086,
            44.816465
          ],
          [
            20.46088,
            44.816507
          ],
          [
            20.460898,
            44.816537
          ],
          [
            20.460948,
            44.816588
          ],
          [
            20.460999,
            44.816634
          ],
          [
            20.461025,
            44.816673
          ],
          [
            20.461046,
            44.816719
          ],
          [
            20.461091,
            44.816748
          ],
          [
            20.461881,
            44.817241
          ],
          [
            20.461962,
            44.817292
          ],
          [
            20.462403,
            44.817568
          ],
          [
            20.462471,
            44.817614
          ],
          [
            20.462541,
            44.817661
          ],
          [
            20.462865,
            44.817862
          ],
          [
            20.463652,
            44.818345
          ],
          [
            20.463722,
            44.818388
          ],
          [
            20.464333,
            44.818776
          ],
          [
            20.464398,
            44.818817
          ],
          [
            20.464459,
            44.818856
          ],
          [
            20.464555,
            44.818915
          ],
          [
            20.46516,
            44.819288
          ],
          [
            20.465215,
            44.819321
          ],
          [
            20.465249,
            44.819341
          ],
          [
            20.465741,
            44.819644
          ],
          [
            20.465888,
            44.819735
          ],
          [
            20.465945,
            44.819769
          ],
          [
            20.466041,
            44.819822
          ],
          [
            20.466139,
            44.819681
          ],
          [
            20.466447,
            44.819218
          ],
          [
            20.4665,
            44.819072
          ],
          [
            20.4665,
            44.819072
          ]
        ]
      }
    }
  ]
}