{
  "type": "FeatureCollection",
  "features": [
    {
      "type": "Feature",
      "properties": {
        "id": "fruska-gora-day-trip",
        "kind": "osrm-walk"
      },
      "geometry": {
        "type": "LineString",
        "coordinates": [
          [
            19.862357,
            45.252448
          ],
          [
            19.862595,
            45.252126
          ],
          [
            19.86281,
            45.251837
          ],
          [
            19.862979,
            45.251614
          ],
          [
            19.863001,
            45.251583
          ],
          [
            19.863038,
            45.251515
          ],
          [
            19.863049,
            45.251469
          ],
          [
            19.863057,
            45.251349
          ],
          [
            19.863059,
            45.251238
          ],
          [
            19.863063,
            45.251217
          ],
          [
            19.863073,
            45.251196
          ],
          [
            19.863105,
            45.251171
          ],
          [
            19.863146,
            45.25115
          ],
          [
            19.863215,
            45.251122
          ],
          [
            19.863529,
            45.251013
          ],
          [
            19.863576,
            45.250999
          ],
          [
            19.863621,
            45.250985
          ],
          [
            19.863685,
            45.250971
          ],
          [
            19.863726,
            45.250971
          ],
          [
            19.86379,
            45.250977
          ],
          [
            19.863844,
            45.250996
          ],
          [
            19.863911,
            45.251019
          ],
          [
            19.864065,
            45.251063
          ],
          [
            19.864208,
            45.251101
          ],
          [
            19.864263,
            45.251115
          ],
          [
            19.864406,
            45.251134
          ],
          [
            19.864472,
            45.251088
          ],
          [
            19.864593,
            45.250986
          ],
          [
            19.865015,
            45.250697
          ],
          [
            19.865071,
            45.250661
          ],
          [
            19.865113,
            45.250631
          ],
          [
            19.865158,
            45.250608
          ],
          [
            19.865208,
            45.250601
          ],
          [
            19.865265,
            45.250614
          ],
          [
            19.865309,
            45.250647
          ],
          [
            19.86534,
            45.250689
          ],
          [
            19.865415,
            45.250791
          ],
          [
            19.865452,
            45.250839
          ],
          [
            19.865496,
            45.250898
          ],
          [
            19.865599,
            45.251086
          ],
          [
            19.865662,
            45.251252
          ],
          [
            19.865697,
            45.251364
          ],
          [
            19.865709,
            45.251434
          ],
          [
            19.865723,
            45.251539
          ],
          [
            19.865728,
            45.25176
          ],
          [
            19.865696,
            45.251979
          ],
          [
            19.865643,
            45.252364
          ],
          [
            19.865658,
            45.252482
          ],
          [
            19.865698,
            45.252565
          ],
          [
            19.865757,
            45.252632
          ],
          [
            19.865852,
            45.252731
          ],
          [
            19.865874,
            45.25275
          ],
          [
            19.865901,
            45.252774
          ],
          [
            19.865927,
            45.252802
          ],
          [
            19.865941,
            45.252834
          ],
          [
            19.865965,
            45.252884
          ],
          [
            19.865975,
            45.252963
          ],
          [
            19.865981,
            45.25309
          ],
          [
            19.866,
            45.253204
          ],
          [
            19.86602,
            45.253266
          ],
          [
            19.866478,
            45.253027
          ],
          [
            19.866729,
            45.252921
          ],
          [
            19.866962,
            45.252827
          ],
          [
            19.8672,
            45.252743
          ],
          [
            19.867438,
            45.252682
          ],
          [
            19.867548,
            45.252658
          ],
          [
            19.867752,
            45.252619
          ],
          [
            19.867952,
            45.252595
          ],
          [
            19.868242,
            45.252582
          ],
          [
            19.868553,
            45.252558
          ],
          [
            19.869366,
            45.252495
          ],
          [
            19.870213,
            45.252448
          ],
          [
            19.870327,
            45.252444
          ],
          [
            19.870934,
            45.252427
          ],
          [
            19.871413,
            45.252394
          ],
          [
            19.871687,
            45.252353
          ],
          [
            19.871832,
            45.252315
          ],
          [
            19.872072,
            45.252197
          ],
          [
            19.872446,
            45.251924
          ],
          [
            19.872539,
            45.251852
          ],
          [
            19.873384,
            45.251204
          ],
          [
            19.873416,
            45.251181
          ],
          [
            19.873956,
            45.250789
          ],
          [
            19.874205,
            45.250609
          ],
          [
            19.874271,
            45.250561
          ],
          [
            19.874325,
            45.250522
          ],
          [
            19.874408,
            45.250462
          ],
          [
            19.874509,
            45.250386
          ],
          [
            19.87478,
            45.250181
          ],
          [
            19.875242,
            45.249851
          ],
          [
            19.875361,
            45.249713
          ],
          [
            19.875588,
            45.249545
          ],
          [
            19.875871,
            45.249344
          ],
          [
            19.876261,
            45.24908
          ],
          [
            19.876747,
            45.248762
          ],
          [
            19.876778,
            45.248744
          ],
          [
            19.877031,
            45.248568
          ],
          [
            19.877453,
            45.248306
          ],
          [
            19.877659,
            45.248163
          ],
          [
            19.877823,
            45.248048
          ],
          [
            19.878035,
            45.247945
          ],
          [
            19.878049,
            45.24793
          ],
          [
            19.878344,
            45.247639
          ],
          [
            19.878409,
            45.247578
          ],
          [
            19.878493,
            45.247498
          ],
          [
            19.878522,
            45.247471
          ],
          [
            19.878547,
            45.247448
          ],
          [
            19.87858,
            45.247419
          ],
          [
            19.878727,
            45.247275
          ],
          [
            19.879108,
            45.246903
          ],
          [
            19.879319,
            45.246696
          ],
          [
            19.879466,
            45.246535
          ],
          [
            19.879589,
            45.246392
          ],
          [
            19.879698,
            45.246251
          ],
          [
            19.880051,
            45.245745
          ],
          [
            19.880108,
            45.245664
          ],
          [
            19.880129,
            45.245633
          ],
          [
            19.880136,
            45.245624
          ],
          [
            19.880166,
            45.24558
          ],
          [
            19.880343,
            45.245315
          ],
          [
            19.880418,
            45.245203
          ],
          [
            19.880775,
            45.244672
          ],
          [
            19.881153,
            45.244109
          ],
          [
            19.881177,
            45.244073
          ],
          [
            19.881252,
            45.243962
          ],
          [
            19.881361,
            45.243802
          ],
          [
            19.881411,
            45.243729
          ],
          [
            19.881521,
            45.243489
          ],
          [
            19.881638,
            45.243299
          ],
          [
            19.881824,
            45.243021
          ],
          [
            19.881861,
            45.242966
          ],
          [
            19.881964,
            45.242834
          ],
          [
            19.882059,
            45.242726
          ],
          [
            19.882105,
            45.242673
          ],
          [
            19.88217,
            45.242598
          ],
          [
            19.882251,
            45.242521
          ],
          [
            19.882346,
            45.242431
          ],
          [
            19.88244,
            45.242345
          ],
          [
            19.882544,
            45.242256
          ],
          [
            19.88292,
            45.241961
          ],
          [
            19.883064,
            45.241858
          ],
          [
            19.883228,
            45.241732
          ],
          [
            19.88354,
            45.241502
          ],
          [
            19.883712,
            45.241413
          ],
          [
            19.88377,
            45.241368
          ],
          [
            19.883824,
            45.241325
          ],
          [
            19.883881,
            45.24128
          ],
          [
            19.883916,
            45.241253
          ],
          [
            19.883963,
            45.241216
          ],
          [
            19.883972,
            45.24121
          ],
          [
            19.883983,
            45.241202
          ],
          [
            19.884056,
            45.241135
          ],
          [
            19.884125,
            45.241073
          ],
          [
            19.884127,
            45.24107
          ],
          [
            19.884139,
            45.241059
          ],
          [
            19.884194,
            45.241006
          ],
          [
            19.884243,
            45.240957
          ],
          [
            19.884251,
            45.240948
          ],
          [
            19.884291,
            45.240905
          ],
          [
            19.88432,
            45.240872
          ],
          [
            19.884374,
            45.240803
          ],
          [
            19.884382,
            45.240793
          ],
          [
            19.884401,
            45.240769
          ],
          [
            19.884466,
            45.240689
          ],
          [
            19.885234,
            45.239735
          ],
          [
            19.885245,
            45.239723
          ],
          [
            19.885289,
            45.239668
          ],
          [
            19.88533,
            45.239615
          ],
          [
            19.885392,
            45.239537
          ],
          [
            19.88543,
            45.239488
          ],
          [
            19.885459,
            45.23945
          ],
          [
            19.885525,
            45.239367
          ],
          [
            19.885531,
            45.239359
          ],
          [
            19.885577,
            45.239301
          ],
          [
            19.885592,
            45.239283
          ],
          [
            19.885607,
            45.239264
          ],
          [
            19.885626,
            45.239241
          ],
          [
            19.885658,
            45.239201
          ],
          [
            19.885724,
            45.239119
          ],
          [
            19.885793,
            45.239033
          ],
          [
            19.88613,
            45.238613
          ],
          [
            19.886348,
            45.238335
          ],
          [
            19.886417,
            45.238247
          ],
          [
            19.886515,
            45.238122
          ],
          [
            19.886532,
            45.238101
          ],
          [
            19.886736,
            45.237844
          ],
          [
            19.886876,
            45.237667
          ],
          [
            19.887143,
            45.237339
          ],
          [
            19.887406,
            45.237014
          ],
          [
            19.887617,
            45.236755
          ],
          [
            19.887779,
            45.236552
          ],
          [
            19.887798,
            45.236528
          ],
          [
            19.887973,
            45.236307
          ],
          [
            19.887984,
            45.236293
          ],
          [
            19.888183,
            45.236041
          ],
          [
            19.888315,
            45.235875
          ],
          [
            19.888485,
            45.235662
          ],
          [
            19.888629,
            45.2355
          ],
          [
            19.888781,
            45.235336
          ],
          [
            19.888871,
            45.235244
          ],
          [
            19.888987,
            45.235131
          ],
          [
            19.889306,
            45.234874
          ],
          [
            19.889676,
            45.234576
          ],
          [
            19.889796,
            45.234479
          ],
          [
            19.890072,
            45.234259
          ],
          [
            19.890348,
            45.23404
          ],
          [
            19.890593,
            45.233846
          ],
          [
            19.891171,
            45.233394
          ],
          [
            19.89132,
            45.233277
          ],
          [
            19.891498,
            45.233134
          ],
          [
            19.891988,
            45.232754
          ],
          [
            19.892123,
            45.232651
          ],
          [
            19.892234,
            45.232566
          ],
          [
            19.892374,
            45.23245
          ],
          [
            19.89253,
            45.232321
          ],
          [
            19.89274,
            45.232153
          ],
          [
            19.892772,
            45.232127
          ],
          [
            19.892938,
            45.231997
          ],
          [
            19.893014,
            45.231933
          ],
          [
            19.893128,
            45.231832
          ],
          [
            19.893171,
            45.231793
          ],
          [
            19.893227,
            45.231743
          ],
          [
            19.89364,
            45.231342
          ],
          [
            19.893672,
            45.231311
          ],
          [
            19.893802,
            45.231169
          ],
          [
            19.893899,
            45.231063
          ],
          [
            19.894007,
            45.230947
          ],
          [
            19.894273,
            45.230659
          ],
          [
            19.894498,
            45.230414
          ],
          [
            19.894681,
            45.23022
          ],
          [
            19.8949,
            45.229996
          ],
          [
            19.895146,
            45.229712
          ],
          [
            19.895333,
            45.229497
          ],
          [
            19.895468,
            45.229343
          ],
          [
            19.895506,
            45.2293
          ],
          [
            19.895683,
            45.229099
          ],
          [
            19.895692,
            45.22909
          ],
          [
            19.896115,
            45.22863
          ],
          [
            19.896185,
            45.228543
          ],
          [
            19.896244,
            45.228463
          ],
          [
            19.896264,
            45.22843
          ],
          [
            19.896329,
            45.228325
          ],
          [
            19.896387,
            45.228218
          ],
          [
            19.896498,
            45.227997
          ],
          [
            19.896535,
            45.227912
          ],
          [
            19.896576,
            45.227816
          ],
          [
            19.896631,
            45.227669
          ],
          [
            19.896677,
            45.227546
          ],
          [
            19.896681,
            45.227535
          ],
          [
            19.896721,
            45.227428
          ],
          [
            19.896783,
            45.227262
          ],
          [
            19.89687,
            45.227039
          ],
          [
            19.896987,
            45.226812
          ],
          [
            19.897081,
            45.226673
          ],
          [
            19.89712,
            45.22662
          ],
          [
            19.897158,
            45.226573
          ],
          [
            19.89751,
            45.226173
          ],
          [
            19.897522,
            45.226159
          ],
          [
            19.897864,
            45.225771
          ],
          [
            19.898053,
            45.225557
          ],
          [
            19.898271,
            45.22531
          ],
          [
            19.898906,
            45.224637
          ],
          [
            19.899255,
            45.224268
          ],
          [
            19.899572,
            45.223926
          ],
          [
            19.899842,
            45.223647
          ],
          [
            19.899871,
            45.223618
          ],
          [
            19.900151,
            45.223337
          ],
          [
            19.900212,
            45.223276
          ],
          [
            19.900464,
            45.223024
          ],
          [
            19.900497,
            45.22299
          ],
          [
            19.900531,
            45.222957
          ],
          [
            19.900614,
            45.222873
          ],
          [
            19.900883,
            45.222604
          ],
          [
            19.900992,
            45.222494
          ],
          [
            19.90107,
            45.222412
          ],
          [
            19.901556,
            45.221903
          ],
          [
            19.901572,
            45.221886
          ],
          [
            19.901915,
            45.221541
          ],
          [
            19.902377,
            45.221076
          ],
          [
            19.902477,
            45.220976
          ],
          [
            19.902688,
            45.220791
          ],
          [
            19.90271,
            45.220774
          ],
          [
            19.90294,
            45.220593
          ],
          [
            19.903236,
            45.220395
          ],
          [
            19.903559,
            45.220217
          ],
          [
            19.904047,
            45.219962
          ],
          [
            19.904073,
            45.219948
          ],
          [
            19.904529,
            45.219708
          ],
          [
            19.905714,
            45.219078
          ],
          [
            19.906059,
            45.218895
          ],
          [
            19.906803,
            45.218484
          ],
          [
            19.90708,
            45.218327
          ],
          [
            19.907195,
            45.218262
          ],
          [
            19.907456,
            45.218115
          ],
          [
            19.908229,
            45.217678
          ],
          [
            19.908625,
            45.217448
          ],
          [
            19.908988,
            45.217237
          ],
          [
            19.909282,
            45.217044
          ],
          [
            19.909461,
            45.216916
          ],
          [
            19.909573,
            45.216826
          ],
          [
            19.909777,
            45.216648
          ],
          [
            19.909986,
            45.216451
          ],
          [
            19.910196,
            45.21625
          ],
          [
            19.910424,
            45.216026
          ],
          [
            19.910691,
            45.215739
          ],
          [
            19.91084,
            45.215579
          ],
          [
            19.910937,
            45.215475
          ],
          [
            19.911021,
            45.215384
          ],
          [
            19.911068,
            45.215333
          ],
          [
            19.911156,
            45.215237
          ],
          [
            19.911353,
            45.215023
          ],
          [
            19.911411,
            45.214959
          ],
          [
            19.911523,
            45.214837
          ],
          [
            19.91162,
            45.214732
          ],
          [
            19.911752,
            45.214603
          ],
          [
            19.911847,
            45.214511
          ],
          [
            19.911972,
            45.214396
          ],
          [
            19.911983,
            45.214386
          ],
          [
            19.912012,
            45.21436
          ],
          [
            19.912072,
            45.214311
          ],
          [
            19.912093,
            45.214293
          ],
          [
            19.912257,
            45.214161
          ],
          [
            19.912394,
            45.21406
          ],
          [
            19.912472,
            45.214008
          ],
          [
            19.912586,
            45.213926
          ],
          [
            19.912677,
            45.213866
          ],
          [
            19.912703,
            45.213848
          ],
          [
            19.912838,
            45.213775
          ],
          [
            19.912862,
            45.213763
          ],
          [
            19.913017,
            45.213684
          ],
          [
            19.913174,
            45.213605
          ],
          [
            19.913288,
            45.213561
          ],
          [
            19.913491,
            45.213463
          ],
          [
            19.914369,
            45.213076
          ],
          [
            19.914469,
            45.21303
          ],
          [
            19.914521,
            45.21301
          ],
          [
            19.914586,
            45.212983
          ],
          [
            19.914779,
            45.212897
          ],
          [
            19.915367,
            45.212644
          ],
          [
            19.915591,
            45.212547
          ],
          [
            19.915955,
            45.21239
          ],
          [
            19.916394,
            45.212199
          ],
          [
            19.916571,
            45.212121
          ],
          [
            19.916597,
            45.21211
          ],
          [
            19.916641,
            45.212091
          ],
          [
            19.916886,
            45.211984
          ],
          [
            19.917926,
            45.211554
          ],
          [
            19.918638,
            45.211261
          ],
          [
            19.918781,
            45.211206
          ],
          [
            19.918896,
            45.211077
          ],
          [
            19.918934,
            45.211051
          ],
          [
            19.919088,
            45.210949
          ],
          [
            19.919095,
            45.210944
          ],
          [
            19.919893,
            45.210414
          ],
          [
            19.920754,
            45.209917
          ],
          [
            19.921321,
            45.209595
          ],
          [
            19.922612,
            45.208871
          ],
          [
            19.923158,
            45.208535
          ],
          [
            19.924563,
            45.207633
          ],
          [
            19.92482,
            45.20747
          ],
          [
            19.925668,
            45.207028
          ],
          [
            19.9264,
            45.206614
          ],
          [
            19.927079,
            45.206104
          ],
          [
            19.927342,
            45.205957
          ],
          [
            19.927459,
            45.205892
          ],
          [
            19.92758,
            45.205804
          ],
          [
            19.927655,
            45.205707
          ],
          [
            19.92766,
            45.205602
          ],
          [
            19.927606,
            45.205502
          ],
          [
            19.927494,
            45.205429
          ],
          [
            19.927285,
            45.205336
          ],
          [
            19.927141,
            45.205271
          ],
          [
            19.927011,
            45.205169
          ],
          [
            19.926997,
            45.205145
          ],
          [
            19.926995,
            45.205117
          ],
          [
            19.927005,
            45.205089
          ],
          [
            19.927024,
            45.205058
          ],
          [
            19.927042,
            45.205033
          ],
          [
            19.927091,
            45.205003
          ],
          [
            19.927182,
            45.204994
          ],
          [
            19.927305,
            45.205001
          ],
          [
            19.927671,
            45.205023
          ],
          [
            19.928144,
            45.205039
          ],
          [
            19.928268,
            45.205007
          ],
          [
            19.928439,
            45.204983
          ],
          [
            19.928773,
            45.204888
          ],
          [
            19.929189,
            45.204627
          ],
          [
            19.929695,
            45.204336
          ],
          [
            19.930028,
            45.204173
          ],
          [
            19.930103,
            45.204137
          ],
          [
            19.930286,
            45.204058
          ],
          [
            19.930518,
            45.203989
          ],
          [
            19.930596,
            45.20395
          ],
          [
            19.930829,
            45.203823
          ],
          [
            19.930931,
            45.203776
          ],
          [
            19.931017,
            45.203746
          ],
          [
            19.931175,
            45.203688
          ],
          [
            19.932098,
            45.203441
          ],
          [
            19.932519,
            45.203302
          ],
          [
            19.933192,
            45.203072
          ],
          [
            19.933462,
            45.202972
          ],
          [
            19.933544,
            45.202938
          ],
          [
            19.93358,
            45.202921
          ],
          [
            19.93365,
            45.202885
          ],
          [
            19.933674,
            45.202861
          ],
          [
            19.933688,
            45.202834
          ],
          [
            19.933699,
            45.202801
          ],
          [
            19.933699,
            45.202801
          ],
          [
            19.933704,
            45.202767
          ],
          [
            19.933706,
            45.20274
          ],
          [
            19.933702,
            45.202716
          ],
          [
            19.933592,
            45.202481
          ],
          [
            19.933567,
            45.202427
          ],
          [
            19.933814,
            45.20236
          ],
          [
            19.933759,
            45.202423
          ],
          [
            19.933739,
            45.202471
          ],
          [
            19.93373,
            45.202527
          ],
          [
            19.93372,
            45.202597
          ],
          [
            19.933702,
            45.202716
          ],
          [
            19.933706,
            45.20274
          ],
          [
            19.933704,
            45.202767
          ],
          [
            19.933699,
            45.202801
          ],
          [
            19.933688,
            45.202834
          ],
          [
            19.933674,
            45.202861
          ],
          [
            19.93365,
            45.202885
          ],
          [
            19.93358,
            45.202921
          ],
          [
            19.933544,
            45.202938
          ],
          [
            19.933462,
            45.202972
          ],
          [
            19.933192,
            45.203072
          ],
          [
            19.932519,
            45.203302
          ],
          [
            19.932098,
            45.203441
          ],
          [
            19.931175,
            45.203688
          ],
          [
            19.931017,
            45.203746
          ],
          [
            19.930931,
            45.203776
          ],
          [
            19.930829,
            45.203823
          ],
          [
            19.930596,
            45.20395
          ],
          [
            19.930518,
            45.203989
          ],
          [
            19.930286,
            45.204058
          ],
          [
            19.930103,
            45.204137
          ],
          [
            19.930028,
            45.204173
          ],
          [
            19.929695,
            45.204336
          ],
          [
            19.929189,
            45.204627
          ],
          [
            19.928773,
            45.204888
          ],
          [
            19.928439,
            45.204983
          ],
          [
            19.928268,
            45.205007
          ],
          [
            19.928144,
            45.205039
          ],
          [
            19.927671,
            45.205023
          ],
          [
            19.927305,
            45.205001
          ],
          [
            19.927182,
            45.204994
          ],
          [
            19.927091,
            45.205003
          ],
          [
            19.927042,
            45.205033
          ],
          [
            19.927024,
            45.205058
          ],
          [
            19.927005,
            45.205089
          ],
          [
            19.926995,
            45.205117
          ],
          [
            19.926997,
            45.205145
          ],
          [
            19.927011,
            45.205169
          ],
          [
            19.927141,
            45.205271
          ],
          [
            19.927285,
            45.205336
          ],
          [
            19.927494,
            45.205429
          ],
          [
            19.927606,
            45.205502
          ],
          [
            19.92766,
            45.205602
          ],
          [
            19.927655,
            45.205707
          ],
          [
            19.92758,
            45.205804
          ],
          [
            19.927459,
            45.205892
          ],
          [
            19.927342,
            45.205957
          ],
          [
            19.927079,
            45.206104
          ],
          [
            19.9264,
            45.206614
          ],
          [
            19.925668,
            45.207028
          ],
          [
            19.92482,
            45.20747
          ],
          [
            19.924563,
            45.207633
          ],
          [
            19.923158,
            45.208535
          ],
          [
            19.922612,
            45.208871
          ],
          [
            19.921321,
            45.209595
          ],
          [
            19.920754,
            45.209917
          ],
          [
            19.919893,
            45.210414
          ],
          [
            19.919095,
            45.210944
          ],
          [
            19.919088,
            45.210949
          ],
          [
            19.918934,
            45.211051
          ],
          [
            19.918896,
            45.211077
          ],
          [
            19.918781,
            45.211206
          ],
          [
            19.918638,
            45.211261
          ],
          [
            19.917926,
            45.211554
          ],
          [
            19.916886,
            45.211984
          ],
          [
            19.916641,
            45.212091
          ],
          [
            19.916597,
            45.21211
          ],
          [
            19.916571,
            45.212121
          ],
          [
            19.916394,
            45.212199
          ],
          [
            19.915955,
            45.21239
          ],
          [
            19.915591,
            45.212547
          ],
          [
            19.915367,
            45.212644
          ],
          [
            19.914779,
            45.212897
          ],
          [
            19.914586,
            45.212983
          ],
          [
            19.914521,
            45.21301
          ],
          [
            19.914469,
            45.21303
          ],
          [
            19.914369,
            45.213076
          ],
          [
            19.913491,
            45.213463
          ],
          [
            19.913288,
            45.213561
          ],
          [
            19.913174,
            45.213605
          ],
          [
            19.913017,
            45.213684
          ],
          [
            19.912862,
            45.213763
          ],
          [
            19.912838,
            45.213775
          ],
          [
            19.912703,
            45.213848
          ],
          [
            19.912677,
            45.213866
          ],
          [
            19.912586,
            45.213926
          ],
          [
            19.912472,
            45.214008
          ],
          [
            19.912394,
            45.21406
          ],
          [
            19.912257,
            45.214161
          ],
          [
            19.912093,
            45.214293
          ],
          [
            19.912072,
            45.214311
          ],
          [
            19.912012,
            45.21436
          ],
          [
            19.911983,
            45.214386
          ],
          [
            19.911972,
            45.214396
          ],
          [
            19.911847,
            45.214511
          ],
          [
            19.911752,
            45.214603
          ],
          [
            19.91162,
            45.214732
          ],
          [
            19.911523,
            45.214837
          ],
          [
            19.911411,
            45.214959
          ],
          [
            19.911353,
            45.215023
          ],
          [
            19.911156,
            45.215237
          ],
          [
            19.911068,
            45.215333
          ],
          [
            19.911021,
            45.215384
          ],
          [
            19.910937,
            45.215475
          ],
          [
            19.91084,
            45.215579
          ],
          [
            19.910691,
            45.215739
          ],
          [
            19.910424,
            45.216026
          ],
          [
            19.910196,
            45.21625
          ],
          [
            19.909986,
            45.216451
          ],
          [
            19.909777,
            45.216648
          ],
          [
            19.909573,
            45.216826
          ],
          [
            19.909461,
            45.216916
          ],
          [
            19.909282,
            45.217044
          ],
          [
            19.908988,
            45.217237
          ],
          [
            19.908625,
            45.217448
          ],
          [
            19.908229,
            45.217678
          ],
          [
            19.907456,
            45.218115
          ],
          [
            19.907195,
            45.218262
          ],
          [
            19.90708,
            45.218327
          ],
          [
            19.906803,
            45.218484
          ],
          [
            19.906059,
            45.218895
          ],
          [
            19.905714,
            45.219078
          ],
          [
            19.904529,
            45.219708
          ],
          [
            19.904073,
            45.219948
          ],
          [
            19.904047,
            45.219962
          ],
          [
            19.903559,
            45.220217
          ],
          [
            19.903236,
            45.220395
          ],
          [
            19.90294,
            45.220593
          ],
          [
            19.90271,
            45.220774
          ],
          [
            19.902688,
            45.220791
          ],
          [
            19.902477,
            45.220976
          ],
          [
            19.902377,
            45.221076
          ],
          [
            19.901915,
            45.221541
          ],
          [
            19.901572,
            45.221886
          ],
          [
            19.901556,
            45.221903
          ],
          [
            19.90107,
            45.222412
          ],
          [
            19.900992,
            45.222494
          ],
          [
            19.900883,
            45.222604
          ],
          [
            19.900614,
            45.222873
          ],
          [
            19.900531,
            45.222957
          ],
          [
            19.900497,
            45.22299
          ],
          [
            19.900464,
            45.223024
          ],
          [
            19.900212,
            45.223276
          ],
          [
            19.900151,
            45.223337
          ],
          [
            19.899871,
            45.223618
          ],
          [
            19.899842,
            45.223647
          ],
          [
            19.899572,
            45.223926
          ],
          [
            19.899255,
            45.224268
          ],
          [
            19.898906,
            45.224637
          ],
          [
            19.898271,
            45.22531
          ],
          [
            19.898053,
            45.225557
          ],
          [
            19.897864,
            45.225771
          ],
          [
            19.897522,
            45.226159
          ],
          [
            19.89751,
            45.226173
          ],
          [
            19.897158,
            45.226573
          ],
          [
            19.89712,
            45.22662
          ],
          [
            19.897081,
            45.226673
          ],
          [
            19.896987,
            45.226812
          ],
          [
            19.89687,
            45.227039
          ],
          [
            19.896783,
            45.227262
          ],
          [
            19.896721,
            45.227428
          ],
          [
            19.896681,
            45.227535
          ],
          [
            19.896677,
            45.227546
          ],
          [
            19.896631,
            45.227669
          ],
          [
            19.896576,
            45.227816
          ],
          [
            19.896535,
            45.227912
          ],
          [
            19.896498,
            45.227997
          ],
          [
            19.896387,
            45.228218
          ],
          [
            19.896329,
            45.228325
          ],
          [
            19.896264,
            45.22843
          ],
          [
            19.896244,
            45.228463
          ],
          [
            19.896185,
            45.228543
          ],
          [
            19.896115,
            45.22863
          ],
          [
            19.895692,
            45.22909
          ],
          [
            19.895683,
            45.229099
          ],
          [
            19.895506,
            45.2293
          ],
          [
            19.895468,
            45.229343
          ],
          [
            19.895333,
            45.229497
          ],
          [
            19.895146,
            45.229712
          ],
          [
            19.8949,
            45.229996
          ],
          [
            19.894681,
            45.23022
          ],
          [
            19.894498,
            45.230414
          ],
          [
            19.894273,
            45.230659
          ],
          [
            19.894007,
            45.230947
          ],
          [
            19.893899,
            45.231063
          ],
          [
            19.893802,
            45.231169
          ],
          [
            19.893672,
            45.231311
          ],
          [
            19.89364,
            45.231342
          ],
          [
            19.893227,
            45.231743
          ],
          [
            19.893171,
            45.231793
          ],
          [
            19.893128,
            45.231832
          ],
          [
            19.893014,
            45.231933
          ],
          [
            19.892938,
            45.231997
          ],
          [
            19.892772,
            45.232127
          ],
          [
            19.89274,
            45.232153
          ],
          [
            19.89253,
            45.232321
          ],
          [
            19.892374,
            45.23245
          ],
          [
            19.892234,
            45.232566
          ],
          [
            19.892123,
            45.232651
          ],
          [
            19.891988,
            45.232754
          ],
          [
            19.891498,
            45.233134
          ],
          [
            19.89132,
            45.233277
          ],
          [
            19.891171,
            45.233394
          ],
          [
            19.890593,
            45.233846
          ],
          [
            19.890348,
            45.23404
          ],
          [
            19.890072,
            45.234259
          ],
          [
            19.889796,
            45.234479
          ],
          [
            19.889676,
            45.234576
          ],
          [
            19.889306,
            45.234874
          ],
          [
            19.888987,
            45.235131
          ],
          [
            19.888871,
            45.235244
          ],
          [
            19.888781,
            45.235336
          ],
          [
            19.888629,
            45.2355
          ],
          [
            19.888485,
            45.235662
          ],
          [
            19.888315,
            45.235875
          ],
          [
            19.888183,
            45.236041
          ],
          [
            19.887984,
            45.236293
          ],
          [
            19.887973,
            45.236307
          ],
          [
            19.887798,
            45.236528
          ],
          [
            19.887779,
            45.236552
          ],
          [
            19.887617,
            45.236755
          ],
          [
            19.887406,
            45.237014
          ],
          [
            19.887143,
            45.237339
          ],
          [
            19.886876,
            45.237667
          ],
          [
            19.886736,
            45.237844
          ],
          [
            19.886532,
            45.238101
          ],
          [
            19.8864,
            45.23806
          ],
          [
            19.886318,
            45.238035
          ],
          [
            19.885463,
            45.237774
          ],
          [
            19.885298,
            45.237725
          ],
          [
            19.884575,
            45.237485
          ],
          [
            19.884535,
            45.237471
          ],
          [
            19.884502,
            45.23746
          ],
          [
            19.884444,
            45.237441
          ],
          [
            19.884497,
            45.237311
          ],
          [
            19.88458,
            45.237111
          ],
          [
            19.8847,
            45.236822
          ],
          [
            19.884832,
            45.236491
          ],
          [
            19.884886,
            45.236343
          ],
          [
            19.884923,
            45.236216
          ],
          [
            19.884946,
            45.236106
          ],
          [
            19.884962,
            45.235991
          ],
          [
            19.88497,
            45.235855
          ],
          [
            19.884966,
            45.235714
          ],
          [
            19.884947,
            45.23556
          ],
          [
            19.884875,
            45.23525
          ],
          [
            19.88484,
            45.235125
          ],
          [
            19.884808,
            45.235006
          ],
          [
            19.884782,
            45.234882
          ],
          [
            19.884764,
            45.234743
          ],
          [
            19.88476,
            45.234695
          ],
          [
            19.884753,
            45.234515
          ],
          [
            19.884768,
            45.234142
          ],
          [
            19.884771,
            45.233976
          ],
          [
            19.884768,
            45.233757
          ],
          [
            19.884763,
            45.233634
          ],
          [
            19.884752,
            45.233519
          ],
          [
            19.88474,
            45.233429
          ],
          [
            19.884722,
            45.233328
          ],
          [
            19.884702,
            45.23323
          ],
          [
            19.884668,
            45.233096
          ],
          [
            19.884637,
            45.23296
          ],
          [
            19.884607,
            45.232847
          ],
          [
            19.884592,
            45.232797
          ],
          [
            19.884531,
            45.232617
          ],
          [
            19.884503,
            45.232524
          ],
          [
            19.884488,
            45.232477
          ],
          [
            19.884446,
            45.232339
          ],
          [
            19.884345,
            45.23201
          ],
          [
            19.88433,
            45.231958
          ],
          [
            19.88431,
            45.231888
          ],
          [
            19.884205,
            45.231562
          ],
          [
            19.884109,
            45.231319
          ],
          [
            19.884011,
            45.231112
          ],
          [
            19.88392,
            45.230954
          ],
          [
            19.883867,
            45.230867
          ],
          [
            19.883763,
            45.23072
          ],
          [
            19.883624,
            45.230541
          ],
          [
            19.883508,
            45.230396
          ],
          [
            19.883406,
            45.230282
          ],
          [
            19.883294,
            45.23016
          ],
          [
            19.883245,
            45.230113
          ],
          [
            19.883123,
            45.230001
          ],
          [
            19.882984,
            45.22988
          ],
          [
            19.882798,
            45.229725
          ],
          [
            19.882685,
            45.229635
          ],
          [
            19.882568,
            45.229545
          ],
          [
            19.882491,
            45.229494
          ],
          [
            19.882364,
            45.229403
          ],
          [
            19.882328,
            45.229376
          ],
          [
            19.882257,
            45.229328
          ],
          [
            19.882233,
            45.229311
          ],
          [
            19.882168,
            45.229267
          ],
          [
            19.882023,
            45.229168
          ],
          [
            19.882012,
            45.229161
          ],
          [
            19.881931,
            45.229105
          ],
          [
            19.881785,
            45.229008
          ],
          [
            19.881591,
            45.228875
          ],
          [
            19.881312,
            45.228675
          ],
          [
            19.881112,
            45.228521
          ],
          [
            19.88082,
            45.228295
          ],
          [
            19.880655,
            45.228159
          ],
          [
            19.880504,
            45.228023
          ],
          [
            19.880392,
            45.227925
          ],
          [
            19.880266,
            45.22779
          ],
          [
            19.880119,
            45.227629
          ],
          [
            19.879911,
            45.22739
          ],
          [
            19.879709,
            45.227139
          ],
          [
            19.879501,
            45.226881
          ],
          [
            19.879477,
            45.226853
          ],
          [
            19.879265,
            45.226598
          ],
          [
            19.879075,
            45.226384
          ],
          [
            19.878878,
            45.226175
          ],
          [
            19.878613,
            45.225907
          ],
          [
            19.878561,
            45.225857
          ],
          [
            19.878382,
            45.2257
          ],
          [
            19.878196,
            45.225549
          ],
          [
            19.878088,
            45.225462
          ],
          [
            19.877828,
            45.225272
          ],
          [
            19.87772,
            45.225205
          ],
          [
            19.877489,
            45.225055
          ],
          [
            19.877165,
            45.224844
          ],
          [
            19.876989,
            45.224738
          ],
          [
            19.876684,
            45.224566
          ],
          [
            19.876536,
            45.224549
          ],
          [
            19.876444,
            45.224527
          ],
          [
            19.876362,
            45.224515
          ],
          [
            19.876268,
            45.224509
          ],
          [
            19.876187,
            45.22451
          ],
          [
            19.876116,
            45.224515
          ],
          [
            19.876039,
            45.224526
          ],
          [
            19.875969,
            45.224541
          ],
          [
            19.875911,
            45.224558
          ],
          [
            19.875846,
            45.224581
          ],
          [
            19.875787,
            45.224606
          ],
          [
            19.875607,
            45.224696
          ],
          [
            19.875595,
            45.224707
          ],
          [
            19.875342,
            45.224949
          ],
          [
            19.875265,
            45.225023
          ],
          [
            19.875211,
            45.225074
          ],
          [
            19.875141,
            45.225136
          ],
          [
            19.875073,
            45.225193
          ],
          [
            19.875001,
            45.225247
          ],
          [
            19.874925,
            45.225299
          ],
          [
            19.87484,
            45.225353
          ],
          [
            19.874749,
            45.225401
          ],
          [
            19.874652,
            45.225445
          ],
          [
            19.874534,
            45.225493
          ],
          [
            19.874424,
            45.225529
          ],
          [
            19.874326,
            45.225554
          ],
          [
            19.874223,
            45.225575
          ],
          [
            19.87413,
            45.225591
          ],
          [
            19.874004,
            45.225606
          ],
          [
            19.873905,
            45.225612
          ],
          [
            19.873783,
            45.225613
          ],
          [
            19.873685,
            45.225609
          ],
          [
            19.873583,
            45.225602
          ],
          [
            19.873501,
            45.225591
          ],
          [
            19.873417,
            45.225577
          ],
          [
            19.873308,
            45.225554
          ],
          [
            19.873212,
            45.225528
          ],
          [
            19.873135,
            45.225504
          ],
          [
            19.873012,
            45.225459
          ],
          [
            19.87294,
            45.225432
          ],
          [
            19.872806,
            45.225378
          ],
          [
            19.872674,
            45.225326
          ],
          [
            19.872483,
            45.225254
          ],
          [
            19.872273,
            45.225163
          ],
          [
            19.872151,
            45.225114
          ],
          [
            19.871926,
            45.22503
          ],
          [
            19.871814,
            45.224993
          ],
          [
            19.871715,
            45.224964
          ],
          [
            19.871604,
            45.224942
          ],
          [
            19.871535,
            45.224934
          ],
          [
            19.871438,
            45.224929
          ],
          [
            19.871353,
            45.22493
          ],
          [
            19.871263,
            45.224937
          ],
          [
            19.87116,
            45.224954
          ],
          [
            19.871064,
            45.224977
          ],
          [
            19.870953,
            45.225017
          ],
          [
            19.870856,
            45.225056
          ],
          [
            19.870727,
            45.225121
          ],
          [
            19.870712,
            45.225131
          ],
          [
            19.870365,
            45.225355
          ],
          [
            19.870246,
            45.225433
          ],
          [
            19.869629,
            45.225812
          ],
          [
            19.868713,
            45.226303
          ],
          [
            19.868163,
            45.22656
          ],
          [
            19.867714,
            45.226757
          ],
          [
            19.867077,
            45.227007
          ],
          [
            19.866691,
            45.227159
          ],
          [
            19.866471,
            45.227232
          ],
          [
            19.866197,
            45.227327
          ],
          [
            19.865927,
            45.227416
          ],
          [
            19.865716,
            45.227486
          ],
          [
            19.865358,
            45.2276
          ],
          [
            19.865242,
            45.227629
          ],
          [
            19.864496,
            45.22782
          ],
          [
            19.864,
            45.227931
          ],
          [
            19.863893,
            45.227952
          ],
          [
            19.863497,
            45.228032
          ],
          [
            19.86287,
            45.228134
          ],
          [
            19.862637,
            45.228172
          ],
          [
            19.86238,
            45.228215
          ],
          [
            19.862154,
            45.228251
          ],
          [
            19.86189,
            45.228315
          ],
          [
            19.861782,
            45.228344
          ],
          [
            19.861651,
            45.228391
          ],
          [
            19.861567,
            45.228431
          ],
          [
            19.861502,
            45.228471
          ],
          [
            19.861446,
            45.22851
          ],
          [
            19.8614,
            45.228557
          ],
          [
            19.861368,
            45.22861
          ],
          [
            19.861345,
            45.228671
          ],
          [
            19.861336,
            45.228722
          ],
          [
            19.861338,
            45.228772
          ],
          [
            19.861348,
            45.228812
          ],
          [
            19.861365,
            45.228853
          ],
          [
            19.861391,
            45.228893
          ],
          [
            19.861468,
            45.228968
          ],
          [
            19.861751,
            45.229216
          ],
          [
            19.861892,
            45.229346
          ],
          [
            19.861934,
            45.229394
          ],
          [
            19.861956,
            45.229433
          ],
          [
            19.861963,
            45.22946
          ],
          [
            19.861964,
            45.229497
          ],
          [
            19.861953,
            45.229533
          ],
          [
            19.861924,
            45.229563
          ],
          [
            19.861661,
            45.229666
          ],
          [
            19.861447,
            45.229738
          ],
          [
            19.861253,
            45.229805
          ],
          [
            19.860968,
            45.229903
          ],
          [
            19.860816,
            45.229958
          ],
          [
            19.860687,
            45.230003
          ],
          [
            19.860492,
            45.230067
          ],
          [
            19.860335,
            45.230124
          ],
          [
            19.858824,
            45.230637
          ],
          [
            19.858174,
            45.230857
          ],
          [
            19.858001,
            45.230924
          ],
          [
            19.85791,
            45.230958
          ],
          [
            19.857817,
            45.230995
          ],
          [
            19.857717,
            45.231054
          ],
          [
            19.857622,
            45.230985
          ],
          [
            19.857573,
            45.230945
          ],
          [
            19.857275,
            45.230713
          ],
          [
            19.857102,
            45.230578
          ],
          [
            19.856719,
            45.23029
          ],
          [
            19.855845,
            45.229649
          ],
          [
            19.855554,
            45.229455
          ],
          [
            19.855066,
            45.229129
          ],
          [
            19.854438,
            45.228764
          ],
          [
            19.854228,
            45.228645
          ],
          [
            19.854001,
            45.228513
          ],
          [
            19.852999,
            45.227968
          ],
          [
            19.852875,
            45.227899
          ],
          [
            19.852775,
            45.227845
          ],
          [
            19.852622,
            45.22777
          ],
          [
            19.852512,
            45.227716
          ],
          [
            19.852467,
            45.227698
          ],
          [
            19.852417,
            45.227672
          ],
          [
            19.852071,
            45.227495
          ],
          [
            19.851895,
            45.227426
          ],
          [
            19.851654,
            45.227329
          ],
          [
            19.851624,
            45.227317
          ],
          [
            19.851593,
            45.227305
          ],
          [
            19.851507,
            45.227272
          ],
          [
            19.851437,
            45.227243
          ],
          [
            19.851061,
            45.227087
          ],
          [
            19.851001,
            45.227062
          ],
          [
            19.85076,
            45.226961
          ],
          [
            19.850465,
            45.226834
          ],
          [
            19.850004,
            45.226634
          ],
          [
            19.849782,
            45.226541
          ],
          [
            19.849658,
            45.22648
          ],
          [
            19.848657,
            45.225971
          ],
          [
            19.848506,
            45.225893
          ],
          [
            19.848107,
            45.225688
          ],
          [
            19.847659,
            45.225445
          ],
          [
            19.847249,
            45.225223
          ],
          [
            19.84578,
            45.224438
          ],
          [
            19.845173,
            45.224111
          ],
          [
            19.844224,
            45.223611
          ],
          [
            19.844172,
            45.223584
          ],
          [
            19.843888,
            45.223433
          ],
          [
            19.843778,
            45.223377
          ],
          [
            19.84364,
            45.223305
          ],
          [
            19.843612,
            45.223293
          ],
          [
            19.843529,
            45.223261
          ],
          [
            19.843465,
            45.223243
          ],
          [
            19.843401,
            45.223231
          ],
          [
            19.843329,
            45.223221
          ],
          [
            19.843291,
            45.223217
          ],
          [
            19.843253,
            45.223215
          ],
          [
            19.843194,
            45.223213
          ],
          [
            19.843131,
            45.223216
          ],
          [
            19.843059,
            45.223226
          ],
          [
            19.842949,
            45.223258
          ],
          [
            19.842838,
            45.223299
          ],
          [
            19.842825,
            45.223305
          ],
          [
            19.842701,
            45.223356
          ],
          [
            19.842619,
            45.223384
          ],
          [
            19.842438,
            45.223437
          ],
          [
            19.842347,
            45.223454
          ],
          [
            19.842286,
            45.223464
          ],
          [
            19.842254,
            45.22347
          ],
          [
            19.842226,
            45.223474
          ],
          [
            19.842088,
            45.223491
          ],
          [
            19.841949,
            45.223496
          ],
          [
            19.841923,
            45.223497
          ],
          [
            19.841503,
            45.223501
          ],
          [
            19.841316,
            45.223505
          ],
          [
            19.841145,
            45.223518
          ],
          [
            19.840788,
            45.22356
          ],
          [
            19.84052,
            45.223614
          ],
          [
            19.839782,
            45.22381
          ],
          [
            19.839469,
            45.223881
          ],
          [
            19.839292,
            45.223902
          ],
          [
            19.839126,
            45.22391
          ],
          [
            19.838958,
            45.223917
          ],
          [
            19.838869,
            45.223921
          ],
          [
            19.838735,
            45.223919
          ],
          [
            19.838635,
            45.223917
          ],
          [
            19.838616,
            45.223917
          ],
          [
            19.838579,
            45.223916
          ],
          [
            19.838466,
            45.223911
          ],
          [
            19.838362,
            45.223906
          ],
          [
            19.838286,
            45.223902
          ],
          [
            19.838182,
            45.223898
          ],
          [
            19.838142,
            45.223899
          ],
          [
            19.837973,
            45.223905
          ],
          [
            19.837934,
            45.223907
          ],
          [
            19.837674,
            45.22393
          ],
          [
            19.83765,
            45.223932
          ],
          [
            19.837626,
            45.223934
          ],
          [
            19.837562,
            45.22394
          ],
          [
            19.837473,
            45.223944
          ],
          [
            19.837397,
            45.223944
          ],
          [
            19.837382,
            45.223944
          ],
          [
            19.837266,
            45.223939
          ],
          [
            19.83722,
            45.223934
          ],
          [
            19.83718,
            45.223926
          ],
          [
            19.8371,
            45.22391
          ],
          [
            19.837045,
            45.2239
          ],
          [
            19.836761,
            45.223837
          ],
          [
            19.836742,
            45.223833
          ],
          [
            19.83661,
            45.223799
          ],
          [
            19.836378,
            45.22374
          ],
          [
            19.836335,
            45.223729
          ],
          [
            19.836275,
            45.223712
          ],
          [
            19.8362,
            45.223691
          ],
          [
            19.836097,
            45.223663
          ],
          [
            19.836012,
            45.223633
          ],
          [
            19.835936,
            45.223607
          ],
          [
            19.8358,
            45.223555
          ],
          [
            19.835739,
            45.22353
          ],
          [
            19.835684,
            45.223504
          ],
          [
            19.835648,
            45.223484
          ],
          [
            19.83562,
            45.223463
          ],
          [
            19.835579,
            45.223422
          ],
          [
            19.835531,
            45.223365
          ],
          [
            19.835476,
            45.223302
          ],
          [
            19.835224,
            45.222965
          ],
          [
            19.834919,
            45.22252
          ],
          [
            19.834718,
            45.222246
          ],
          [
            19.834633,
            45.222133
          ],
          [
            19.834531,
            45.222016
          ],
          [
            19.834394,
            45.221864
          ],
          [
            19.834341,
            45.221809
          ],
          [
            19.83432,
            45.221787
          ],
          [
            19.834192,
            45.221654
          ],
          [
            19.834091,
            45.221529
          ],
          [
            19.834042,
            45.221452
          ],
          [
            19.834006,
            45.221392
          ],
          [
            19.833982,
            45.221354
          ],
          [
            19.833942,
            45.221269
          ],
          [
            19.833804,
            45.221298
          ],
          [
            19.83366,
            45.221315
          ],
          [
            19.833535,
            45.221323
          ],
          [
            19.833382,
            45.221325
          ],
          [
            19.833204,
            45.221311
          ],
          [
            19.833006,
            45.22129
          ],
          [
            19.832792,
            45.221255
          ],
          [
            19.832659,
            45.221232
          ],
          [
            19.832506,
            45.221205
          ],
          [
            19.8322,
            45.221148
          ],
          [
            19.83184,
            45.221073
          ],
          [
            19.831312,
            45.220947
          ],
          [
            19.831158,
            45.220908
          ],
          [
            19.83099,
            45.220867
          ],
          [
            19.830682,
            45.220784
          ],
          [
            19.830542,
            45.220744
          ],
          [
            19.830265,
            45.220667
          ],
          [
            19.829965,
            45.220582
          ],
          [
            19.829825,
            45.220546
          ],
          [
            19.829604,
            45.220492
          ],
          [
            19.829397,
            45.220447
          ],
          [
            19.82916,
            45.220409
          ],
          [
            19.828987,
            45.220385
          ],
          [
            19.828516,
            45.220324
          ],
          [
            19.828062,
            45.22028
          ],
          [
            19.828004,
            45.220274
          ],
          [
            19.8278,
            45.220254
          ],
          [
            19.827777,
            45.220252
          ],
          [
            19.827759,
            45.22025
          ],
          [
            19.82754,
            45.220231
          ],
          [
            19.827297,
            45.220206
          ],
          [
            19.827099,
            45.220185
          ],
          [
            19.826853,
            45.220155
          ],
          [
            19.826461,
            45.220111
          ],
          [
            19.826308,
            45.220088
          ],
          [
            19.826145,
            45.220054
          ],
          [
            19.826004,
            45.220017
          ],
          [
            19.825837,
            45.219957
          ],
          [
            19.82567,
            45.219897
          ],
          [
            19.825596,
            45.21987
          ],
          [
            19.82537,
            45.219789
          ],
          [
            19.825366,
            45.219788
          ],
          [
            19.824526,
            45.219486
          ],
          [
            19.823546,
            45.21917
          ],
          [
            19.822943,
            45.21897
          ],
          [
            19.82251,
            45.218826
          ],
          [
            19.822338,
            45.218769
          ],
          [
            19.822301,
            45.218758
          ],
          [
            19.821892,
            45.21863
          ],
          [
            19.821843,
            45.218614
          ],
          [
            19.821634,
            45.218546
          ],
          [
            19.821417,
            45.218476
          ],
          [
            19.821244,
            45.218434
          ],
          [
            19.821088,
            45.218403
          ],
          [
            19.820935,
            45.218384
          ],
          [
            19.820903,
            45.21838
          ],
          [
            19.820887,
            45.218378
          ],
          [
            19.820721,
            45.21837
          ],
          [
            19.820574,
            45.218368
          ],
          [
            19.820283,
            45.218377
          ],
          [
            19.820009,
            45.218385
          ],
          [
            19.819527,
            45.218392
          ],
          [
            19.819384,
            45.218397
          ],
          [
            19.819311,
            45.218397
          ],
          [
            19.819223,
            45.218396
          ],
          [
            19.819177,
            45.218395
          ],
          [
            19.819025,
            45.2184
          ],
          [
            19.818931,
            45.218397
          ],
          [
            19.818845,
            45.218388
          ],
          [
            19.818769,
            45.218373
          ],
          [
            19.818697,
            45.218352
          ],
          [
            19.818636,
            45.218325
          ],
          [
            19.818595,
            45.218304
          ],
          [
            19.818554,
            45.218279
          ],
          [
            19.818465,
            45.218232
          ],
          [
            19.818364,
            45.218184
          ],
          [
            19.818327,
            45.218164
          ],
          [
            19.818255,
            45.218125
          ],
          [
            19.818191,
            45.218098
          ],
          [
            19.818113,
            45.21807
          ],
          [
            19.818037,
            45.218048
          ],
          [
            19.81796,
            45.21803
          ],
          [
            19.817889,
            45.218018
          ],
          [
            19.817801,
            45.218007
          ],
          [
            19.817673,
            45.217995
          ],
          [
            19.81712,
            45.21796
          ],
          [
            19.81701,
            45.217953
          ],
          [
            19.816957,
            45.217947
          ],
          [
            19.816727,
            45.217927
          ],
          [
            19.816408,
            45.217878
          ],
          [
            19.815954,
            45.217794
          ],
          [
            19.815798,
            45.217764
          ],
          [
            19.815163,
            45.21764
          ],
          [
            19.815151,
            45.217638
          ],
          [
            19.815028,
            45.217614
          ],
          [
            19.814988,
            45.217606
          ],
          [
            19.814972,
            45.217603
          ],
          [
            19.814601,
            45.217531
          ],
          [
            19.814418,
            45.217495
          ],
          [
            19.814409,
            45.217493
          ],
          [
            19.814343,
            45.21748
          ],
          [
            19.814321,
            45.217476
          ],
          [
            19.814179,
            45.217448
          ],
          [
            19.813953,
            45.21741
          ],
          [
            19.813489,
            45.217332
          ],
          [
            19.813446,
            45.217326
          ],
          [
            19.813384,
            45.217316
          ],
          [
            19.813335,
            45.217308
          ],
          [
            19.81308,
            45.217266
          ],
          [
            19.812452,
            45.2172
          ],
          [
            19.811551,
            45.217104
          ],
          [
            19.811359,
            45.217084
          ],
          [
            19.811072,
            45.217047
          ],
          [
            19.810858,
            45.217008
          ],
          [
            19.810678,
            45.216949
          ],
          [
            19.81048,
            45.216864
          ],
          [
            19.81031,
            45.216777
          ],
          [
            19.810219,
            45.216712
          ],
          [
            19.80988,
            45.216471
          ],
          [
            19.809682,
            45.216343
          ],
          [
            19.809548,
            45.216265
          ],
          [
            19.809433,
            45.216218
          ],
          [
            19.809224,
            45.21615
          ],
          [
            19.809054,
            45.216109
          ],
          [
            19.808896,
            45.216071
          ],
          [
            19.808578,
            45.215997
          ],
          [
            19.808242,
            45.215918
          ],
          [
            19.807659,
            45.215751
          ],
          [
            19.807642,
            45.215746
          ],
          [
            19.807561,
            45.215723
          ],
          [
            19.807261,
            45.215624
          ],
          [
            19.807053,
            45.215556
          ],
          [
            19.806972,
            45.215529
          ],
          [
            19.806853,
            45.215503
          ],
          [
            19.806843,
            45.215501
          ],
          [
            19.806721,
            45.215475
          ],
          [
            19.806611,
            45.215454
          ],
          [
            19.806335,
            45.21541
          ],
          [
            19.806291,
            45.2154
          ],
          [
            19.806228,
            45.215386
          ],
          [
            19.806086,
            45.21535
          ],
          [
            19.805879,
            45.215288
          ],
          [
            19.805821,
            45.21527
          ],
          [
            19.805759,
            45.215247
          ],
          [
            19.805738,
            45.215238
          ],
          [
            19.805392,
            45.215092
          ],
          [
            19.805378,
            45.215086
          ],
          [
            19.804925,
            45.214894
          ],
          [
            19.804793,
            45.214839
          ],
          [
            19.804518,
            45.214713
          ],
          [
            19.803827,
            45.214414
          ],
          [
            19.803584,
            45.214319
          ],
          [
            19.803129,
            45.21414
          ],
          [
            19.802719,
            45.213992
          ],
          [
            19.802394,
            45.213886
          ],
          [
            19.802052,
            45.213788
          ],
          [
            19.801607,
            45.213669
          ],
          [
            19.80132,
            45.213597
          ],
          [
            19.801009,
            45.213523
          ],
          [
            19.80071,
            45.213465
          ],
          [
            19.800239,
            45.213386
          ],
          [
            19.800022,
            45.21335
          ],
          [
            19.800009,
            45.213348
          ],
          [
            19.799397,
            45.213241
          ],
          [
            19.799363,
            45.213236
          ],
          [
            19.799348,
            45.213233
          ],
          [
            19.799321,
            45.213229
          ],
          [
            19.799187,
            45.213206
          ],
          [
            19.798741,
            45.213132
          ],
          [
            19.798616,
            45.213111
          ],
          [
            19.79851,
            45.213094
          ],
          [
            19.79714,
            45.212865
          ],
          [
            19.796416,
            45.212764
          ],
          [
            19.796074,
            45.212708
          ],
          [
            19.795841,
            45.212666
          ],
          [
            19.795746,
            45.212647
          ],
          [
            19.795639,
            45.212626
          ],
          [
            19.795524,
            45.212601
          ],
          [
            19.795401,
            45.212567
          ],
          [
            19.795324,
            45.212545
          ],
          [
            19.795122,
            45.212492
          ],
          [
            19.794795,
            45.212388
          ],
          [
            19.793751,
            45.21204
          ],
          [
            19.792788,
            45.21172
          ],
          [
            19.792002,
            45.21146
          ],
          [
            19.79177,
            45.211384
          ],
          [
            19.791756,
            45.211379
          ],
          [
            19.790947,
            45.211107
          ],
          [
            19.790927,
            45.2111
          ],
          [
            19.790913,
            45.211096
          ],
          [
            19.790844,
            45.211072
          ],
          [
            19.790463,
            45.210948
          ],
          [
            19.790356,
            45.210917
          ],
          [
            19.790244,
            45.210889
          ],
          [
            19.790229,
            45.210886
          ],
          [
            19.790136,
            45.210867
          ],
          [
            19.789987,
            45.210843
          ],
          [
            19.789847,
            45.210829
          ],
          [
            19.789713,
            45.210821
          ],
          [
            19.789635,
            45.210817
          ],
          [
            19.789452,
            45.210811
          ],
          [
            19.788778,
            45.210786
          ],
          [
            19.788098,
            45.210761
          ],
          [
            19.786667,
            45.210656
          ],
          [
            19.786364,
            45.210635
          ],
          [
            19.786345,
            45.210634
          ],
          [
            19.78606,
            45.210609
          ],
          [
            19.785712,
            45.210573
          ],
          [
            19.785391,
            45.210533
          ],
          [
            19.785235,
            45.210512
          ],
          [
            19.785211,
            45.210509
          ],
          [
            19.785076,
            45.210488
          ],
          [
            19.7842,
            45.210342
          ],
          [
            19.784095,
            45.210325
          ],
          [
            19.784021,
            45.210312
          ],
          [
            19.78392,
            45.210295
          ],
          [
            19.783066,
            45.210153
          ],
          [
            19.782525,
            45.210063
          ],
          [
            19.782467,
            45.210053
          ],
          [
            19.782158,
            45.210002
          ],
          [
            19.781947,
            45.209964
          ],
          [
            19.781872,
            45.209951
          ],
          [
            19.78174,
            45.209926
          ],
          [
            19.781192,
            45.209821
          ],
          [
            19.781165,
            45.209817
          ],
          [
            19.781159,
            45.209816
          ],
          [
            19.780385,
            45.2097
          ],
          [
            19.780162,
            45.209666
          ],
          [
            19.779981,
            45.209642
          ],
          [
            19.779834,
            45.20963
          ],
          [
            19.779674,
            45.209625
          ],
          [
            19.779531,
            45.209627
          ],
          [
            19.779367,
            45.209637
          ],
          [
            19.778586,
            45.209709
          ],
          [
            19.778227,
            45.209752
          ],
          [
            19.777719,
            45.209811
          ],
          [
            19.777088,
            45.209883
          ],
          [
            19.776833,
            45.209904
          ],
          [
            19.776542,
            45.209925
          ],
          [
            19.77634,
            45.209927
          ],
          [
            19.776124,
            45.20992
          ],
          [
            19.775797,
            45.209903
          ],
          [
            19.775635,
            45.209893
          ],
          [
            19.775259,
            45.20987
          ],
          [
            19.774715,
            45.209851
          ],
          [
            19.774345,
            45.209857
          ],
          [
            19.774031,
            45.209872
          ],
          [
            19.77365,
            45.209901
          ],
          [
            19.773213,
            45.209961
          ],
          [
            19.772883,
            45.210013
          ],
          [
            19.772879,
            45.210014
          ],
          [
            19.772379,
            45.210093
          ],
          [
            19.771697,
            45.210199
          ],
          [
            19.771574,
            45.210216
          ],
          [
            19.771564,
            45.210217
          ],
          [
            19.771446,
            45.210229
          ],
          [
            19.771224,
            45.210241
          ],
          [
            19.770863,
            45.210243
          ],
          [
            19.770636,
            45.210238
          ],
          [
            19.770381,
            45.210231
          ],
          [
            19.769784,
            45.210184
          ],
          [
            19.769238,
            45.210133
          ],
          [
            19.768887,
            45.2101
          ],
          [
            19.768697,
            45.210082
          ],
          [
            19.768613,
            45.210078
          ],
          [
            19.768499,
            45.210071
          ],
          [
            19.768471,
            45.210069
          ],
          [
            19.76843,
            45.210067
          ],
          [
            19.768433,
            45.209994
          ],
          [
            19.768433,
            45.209956
          ],
          [
            19.768442,
            45.209734
          ],
          [
            19.768471,
            45.209346
          ],
          [
            19.768473,
            45.209321
          ],
          [
            19.768488,
            45.209134
          ],
          [
            19.768503,
            45.208944
          ],
          [
            19.768497,
            45.208759
          ],
          [
            19.768463,
            45.208613
          ],
          [
            19.768367,
            45.208296
          ],
          [
            19.76828,
            45.208067
          ],
          [
            19.768219,
            45.207895
          ],
          [
            19.7681,
            45.207675
          ],
          [
            19.767957,
            45.207434
          ],
          [
            19.767791,
            45.207219
          ],
          [
            19.767697,
            45.207046
          ],
          [
            19.767667,
            45.206867
          ],
          [
            19.767658,
            45.206593
          ],
          [
            19.767703,
            45.206235
          ],
          [
            19.767768,
            45.206017
          ],
          [
            19.76785,
            45.205854
          ],
          [
            19.767897,
            45.205754
          ],
          [
            19.76793,
            45.205656
          ],
          [
            19.767941,
            45.205579
          ],
          [
            19.767936,
            45.20553
          ],
          [
            19.767928,
            45.205487
          ],
          [
            19.76791,
            45.205409
          ],
          [
            19.767884,
            45.205325
          ],
          [
            19.767801,
            45.205148
          ],
          [
            19.7677,
            45.204934
          ],
          [
            19.767678,
            45.20484
          ],
          [
            19.767666,
            45.204748
          ],
          [
            19.767675,
            45.204659
          ],
          [
            19.767688,
            45.204597
          ],
          [
            19.767712,
            45.204518
          ],
          [
            19.767732,
            45.204483
          ],
          [
            19.767808,
            45.204315
          ],
          [
            19.767848,
            45.204177
          ],
          [
            19.767894,
            45.203977
          ],
          [
            19.767919,
            45.203642
          ],
          [
            19.767908,
            45.203357
          ],
          [
            19.767822,
            45.202947
          ],
          [
            19.767806,
            45.202873
          ],
          [
            19.767796,
            45.2028
          ],
          [
            19.767801,
            45.202714
          ],
          [
            19.76782,
            45.202617
          ],
          [
            19.767883,
            45.202422
          ],
          [
            19.767997,
            45.20209
          ],
          [
            19.768117,
            45.201755
          ],
          [
            19.768151,
            45.201683
          ],
          [
            19.768195,
            45.201613
          ],
          [
            19.76824,
            45.201552
          ],
          [
            19.768299,
            45.201491
          ],
          [
            19.768731,
            45.201121
          ],
          [
            19.768786,
            45.201056
          ],
          [
            19.768825,
            45.200987
          ],
          [
            19.768852,
            45.200938
          ],
          [
            19.768869,
            45.200884
          ],
          [
            19.768883,
            45.20079
          ],
          [
            19.768907,
            45.200527
          ],
          [
            19.768918,
            45.200457
          ],
          [
            19.768938,
            45.200388
          ],
          [
            19.768997,
            45.200249
          ],
          [
            19.769268,
            45.199737
          ],
          [
            19.769317,
            45.1996
          ],
          [
            19.769354,
            45.199458
          ],
          [
            19.769408,
            45.199184
          ],
          [
            19.769488,
            45.198506
          ],
          [
            19.769635,
            45.198165
          ],
          [
            19.769987,
            45.197557
          ],
          [
            19.770033,
            45.197285
          ],
          [
            19.769955,
            45.197044
          ],
          [
            19.769864,
            45.19682
          ],
          [
            19.769833,
            45.196716
          ],
          [
            19.769828,
            45.196621
          ],
          [
            19.769872,
            45.196164
          ],
          [
            19.769827,
            45.195925
          ],
          [
            19.769793,
            45.195795
          ],
          [
            19.76979,
            45.195658
          ],
          [
            19.769795,
            45.195555
          ],
          [
            19.76983,
            45.195439
          ],
          [
            19.769897,
            45.195215
          ],
          [
            19.769924,
            45.195108
          ],
          [
            19.76993,
            45.195006
          ],
          [
            19.769929,
            45.194958
          ],
          [
            19.769919,
            45.194911
          ],
          [
            19.769865,
            45.194806
          ],
          [
            19.769686,
            45.194535
          ],
          [
            19.769464,
            45.194278
          ],
          [
            19.769422,
            45.194213
          ],
          [
            19.76938,
            45.194142
          ],
          [
            19.769361,
            45.194076
          ],
          [
            19.769337,
            45.193996
          ],
          [
            19.769334,
            45.193906
          ],
          [
            19.769344,
            45.1938
          ],
          [
            19.769381,
            45.193692
          ],
          [
            19.769654,
            45.193331
          ],
          [
            19.769748,
            45.193249
          ],
          [
            19.770303,
            45.19276
          ],
          [
            19.770679,
            45.192333
          ],
          [
            19.770829,
            45.191981
          ],
          [
            19.77083,
            45.191665
          ],
          [
            19.770842,
            45.191504
          ],
          [
            19.770819,
            45.190993
          ],
          [
            19.770748,
            45.189255
          ],
          [
            19.77075,
            45.189015
          ],
          [
            19.770757,
            45.188932
          ],
          [
            19.770783,
            45.188848
          ],
          [
            19.770797,
            45.188809
          ],
          [
            19.771492,
            45.187885
          ],
          [
            19.771633,
            45.187631
          ],
          [
            19.771816,
            45.187319
          ],
          [
            19.771926,
            45.187172
          ],
          [
            19.772063,
            45.187025
          ],
          [
            19.772279,
            45.186843
          ],
          [
            19.772522,
            45.186662
          ],
          [
            19.772625,
            45.186592
          ],
          [
            19.77296,
            45.186348
          ],
          [
            19.773095,
            45.186239
          ],
          [
            19.773145,
            45.186185
          ],
          [
            19.773181,
            45.186132
          ],
          [
            19.773242,
            45.186031
          ],
          [
            19.773384,
            45.185751
          ],
          [
            19.773601,
            45.185397
          ],
          [
            19.773734,
            45.185022
          ],
          [
            19.773761,
            45.184816
          ],
          [
            19.773726,
            45.184632
          ],
          [
            19.773629,
            45.184432
          ],
          [
            19.77358,
            45.184358
          ],
          [
            19.773528,
            45.184279
          ],
          [
            19.773271,
            45.18394
          ],
          [
            19.77288,
            45.183366
          ],
          [
            19.772765,
            45.18321
          ],
          [
            19.772672,
            45.183077
          ],
          [
            19.772484,
            45.182788
          ],
          [
            19.772453,
            45.182745
          ],
          [
            19.772405,
            45.182707
          ],
          [
            19.772304,
            45.182647
          ],
          [
            19.772225,
            45.182599
          ],
          [
            19.772028,
            45.182495
          ],
          [
            19.771878,
            45.182397
          ],
          [
            19.771718,
            45.182263
          ],
          [
            19.771451,
            45.182
          ],
          [
            19.771405,
            45.181956
          ],
          [
            19.77137,
            45.18191
          ],
          [
            19.771278,
            45.181762
          ],
          [
            19.771084,
            45.181411
          ],
          [
            19.771015,
            45.181264
          ],
          [
            19.770968,
            45.181162
          ],
          [
            19.770853,
            45.180916
          ],
          [
            19.770821,
            45.180847
          ],
          [
            19.770788,
            45.180725
          ],
          [
            19.770802,
            45.180656
          ],
          [
            19.770912,
            45.180477
          ],
          [
            19.771073,
            45.180258
          ],
          [
            19.771372,
            45.179896
          ],
          [
            19.771618,
            45.179673
          ],
          [
            19.772139,
            45.179119
          ],
          [
            19.772585,
            45.178571
          ],
          [
            19.772719,
            45.178351
          ],
          [
            19.772882,
            45.178009
          ],
          [
            19.772935,
            45.177804
          ],
          [
            19.772954,
            45.177587
          ],
          [
            19.772949,
            45.17749
          ],
          [
            19.772932,
            45.17717
          ],
          [
            19.772898,
            45.176965
          ],
          [
            19.772771,
            45.176637
          ],
          [
            19.772492,
            45.176179
          ],
          [
            19.772394,
            45.176019
          ],
          [
            19.772365,
            45.175828
          ],
          [
            19.772556,
            45.175557
          ],
          [
            19.772753,
            45.175327
          ],
          [
            19.772825,
            45.175117
          ],
          [
            19.77288,
            45.174809
          ],
          [
            19.77305,
            45.174385
          ],
          [
            19.773141,
            45.174095
          ],
          [
            19.77312,
            45.173814
          ],
          [
            19.773034,
            45.173604
          ],
          [
            19.772886,
            45.173388
          ],
          [
            19.772692,
            45.173107
          ],
          [
            19.772674,
            45.172971
          ],
          [
            19.772719,
            45.172816
          ],
          [
            19.773205,
            45.172192
          ],
          [
            19.773433,
            45.171808
          ],
          [
            19.773484,
            45.17156
          ],
          [
            19.7735,
            45.170951
          ],
          [
            19.773532,
            45.170106
          ],
          [
            19.77354,
            45.169824
          ],
          [
            19.773771,
            45.169454
          ],
          [
            19.77394,
            45.169079
          ],
          [
            19.773966,
            45.168798
          ],
          [
            19.773964,
            45.168556
          ],
          [
            19.774037,
            45.168311
          ],
          [
            19.77412,
            45.168168
          ],
          [
            19.774563,
            45.167674
          ],
          [
            19.77494,
            45.16733
          ],
          [
            19.77508,
            45.166983
          ],
          [
            19.775123,
            45.166892
          ],
          [
            19.775258,
            45.166696
          ],
          [
            19.775279,
            45.166621
          ],
          [
            19.77532,
            45.166087
          ],
          [
            19.775376,
            45.165376
          ],
          [
            19.775418,
            45.165009
          ],
          [
            19.775418,
            45.164631
          ],
          [
            19.775322,
            45.164435
          ],
          [
            19.775328,
            45.164341
          ],
          [
            19.775359,
            45.164245
          ],
          [
            19.775429,
            45.164194
          ],
          [
            19.775529,
            45.164164
          ],
          [
            19.775672,
            45.164185
          ],
          [
            19.775869,
            45.164272
          ],
          [
            19.776062,
            45.164363
          ],
          [
            19.77621,
            45.164366
          ],
          [
            19.776341,
            45.164234
          ],
          [
            19.776379,
            45.164045
          ],
          [
            19.776379,
            45.163602
          ],
          [
            19.776304,
            45.163118
          ],
          [
            19.776239,
            45.162985
          ],
          [
            19.776024,
            45.162841
          ],
          [
            19.775972,
            45.162697
          ],
          [
            19.775933,
            45.162487
          ],
          [
            19.775875,
            45.162452
          ],
          [
            19.775803,
            45.16243
          ],
          [
            19.775711,
            45.162435
          ],
          [
            19.775644,
            45.162464
          ],
          [
            19.775536,
            45.162581
          ],
          [
            19.775374,
            45.162754
          ],
          [
            19.775324,
            45.162798
          ],
          [
            19.775236,
            45.162811
          ],
          [
            19.775163,
            45.162787
          ],
          [
            19.775118,
            45.162742
          ],
          [
            19.775241,
            45.162426
          ],
          [
            19.775256,
            45.162386
          ],
          [
            19.775435,
            45.161806
          ],
          [
            19.775478,
            45.161676
          ],
          [
            19.775581,
            45.161622
          ],
          [
            19.775644,
            45.161556
          ],
          [
            19.775649,
            45.161409
          ],
          [
            19.775606,
            45.161261
          ],
          [
            19.775467,
            45.161114
          ],
          [
            19.775331,
            45.160973
          ],
          [
            19.775158,
            45.160893
          ],
          [
            19.775107,
            45.160747
          ],
          [
            19.775182,
            45.160599
          ],
          [
            19.775283,
            45.160507
          ],
          [
            19.775342,
            45.160425
          ],
          [
            19.775369,
            45.16033
          ],
          [
            19.775348,
            45.160225
          ],
          [
            19.77524,
            45.160074
          ],
          [
            19.775109,
            45.159939
          ],
          [
            19.775119,
            45.159834
          ],
          [
            19.775324,
            45.159613
          ],
          [
            19.775462,
            45.159584
          ],
          [
            19.775789,
            45.159616
          ],
          [
            19.775928,
            45.159521
          ],
          [
            19.776019,
            45.159283
          ],
          [
            19.776094,
            45.159101
          ],
          [
            19.776277,
            45.158973
          ],
          [
            19.776593,
            45.158965
          ],
          [
            19.776792,
            45.158889
          ],
          [
            19.777044,
            45.158696
          ],
          [
            19.77735,
            45.158553
          ],
          [
            19.77767,
            45.158508
          ],
          [
            19.77803,
            45.158438
          ],
          [
            19.778921,
            45.158231
          ],
          [
            19.779168,
            45.158148
          ],
          [
            19.77934,
            45.158076
          ],
          [
            19.779387,
            45.158055
          ],
          [
            19.779437,
            45.158021
          ],
          [
            19.779479,
            45.157974
          ],
          [
            19.7795,
            45.157923
          ],
          [
            19.779501,
            45.157871
          ],
          [
            19.779474,
            45.157808
          ],
          [
            19.779445,
            45.157776
          ],
          [
            19.779399,
            45.157724
          ],
          [
            19.779222,
            45.157686
          ],
          [
            19.779088,
            45.157661
          ],
          [
            19.779051,
            45.157654
          ],
          [
            19.778961,
            45.157636
          ],
          [
            19.778759,
            45.157602
          ],
          [
            19.778662,
            45.157626
          ],
          [
            19.77855,
            45.157639
          ],
          [
            19.778455,
            45.157645
          ],
          [
            19.778433,
            45.157646
          ],
          [
            19.778175,
            45.157648
          ],
          [
            19.777908,
            45.157652
          ],
          [
            19.777739,
            45.157651
          ],
          [
            19.776699,
            45.157645
          ],
          [
            19.776134,
            45.157681
          ],
          [
            19.77603,
            45.157696
          ],
          [
            19.775698,
            45.15777
          ],
          [
            19.775272,
            45.157907
          ],
          [
            19.774698,
            45.158147
          ],
          [
            19.774098,
            45.158404
          ],
          [
            19.773533,
            45.158627
          ],
          [
            19.773191,
            45.158732
          ],
          [
            19.77266,
            45.158866
          ],
          [
            19.772132,
            45.15897
          ],
          [
            19.77186,
            45.15903
          ],
          [
            19.771591,
            45.159104
          ],
          [
            19.771073,
            45.159297
          ],
          [
            19.770615,
            45.159537
          ],
          [
            19.770281,
            45.15975
          ],
          [
            19.769995,
            45.159958
          ],
          [
            19.769342,
            45.160632
          ],
          [
            19.76913,
            45.160763
          ],
          [
            19.768903,
            45.160856
          ],
          [
            19.768701,
            45.16091
          ],
          [
            19.768523,
            45.160937
          ],
          [
            19.76836,
            45.160944
          ],
          [
            19.768147,
            45.160915
          ],
          [
            19.767979,
            45.160871
          ],
          [
            19.767837,
            45.16082
          ],
          [
            19.767618,
            45.160698
          ],
          [
            19.767399,
            45.160486
          ],
          [
            19.767235,
            45.160216
          ],
          [
            19.766997,
            45.159907
          ],
          [
            19.766707,
            45.159737
          ],
          [
            19.766451,
            45.159693
          ],
          [
            19.766257,
            45.159688
          ],
          [
            19.76606,
            45.159706
          ],
          [
            19.765871,
            45.159776
          ],
          [
            19.764931,
            45.160271
          ],
          [
            19.764586,
            45.160398
          ],
          [
            19.764237,
            45.160513
          ],
          [
            19.764039,
            45.160539
          ],
          [
            19.763837,
            45.160548
          ],
          [
            19.76251,
            45.160521
          ],
          [
            19.762088,
            45.160513
          ],
          [
            19.761734,
            45.160548
          ],
          [
            19.761384,
            45.160646
          ],
          [
            19.761065,
            45.160785
          ],
          [
            19.760219,
            45.161206
          ],
          [
            19.759828,
            45.161363
          ],
          [
            19.7597,
            45.161392
          ],
          [
            19.759594,
            45.161392
          ],
          [
            19.759508,
            45.161377
          ],
          [
            19.75937,
            45.161341
          ],
          [
            19.758984,
            45.161185
          ],
          [
            19.758673,
            45.161081
          ],
          [
            19.758399,
            45.161031
          ],
          [
            19.758061,
            45.160998
          ],
          [
            19.757518,
            45.160996
          ],
          [
            19.757222,
            45.160922
          ],
          [
            19.757103,
            45.160859
          ],
          [
            19.756941,
            45.160719
          ],
          [
            19.756867,
            45.160496
          ],
          [
            19.75681,
            45.15994
          ],
          [
            19.756653,
            45.159618
          ],
          [
            19.756586,
            45.159453
          ],
          [
            19.756502,
            45.15931
          ],
          [
            19.755749,
            45.158453
          ],
          [
            19.75564,
            45.158351
          ],
          [
            19.755321,
            45.158113
          ],
          [
            19.754937,
            45.157968
          ],
          [
            19.754428,
            45.157831
          ],
          [
            19.753855,
            45.157702
          ],
          [
            19.753339,
            45.15759
          ],
          [
            19.752942,
            45.157475
          ],
          [
            19.752723,
            45.15739
          ],
          [
            19.7526,
            45.157327
          ],
          [
            19.75241,
            45.157217
          ],
          [
            19.751818,
            45.156789
          ],
          [
            19.751576,
            45.156646
          ],
          [
            19.751287,
            45.156571
          ],
          [
            19.750937,
            45.156541
          ],
          [
            19.750565,
            45.156584
          ],
          [
            19.750242,
            45.156597
          ],
          [
            19.749843,
            45.156588
          ],
          [
            19.749189,
            45.156527
          ],
          [
            19.747933,
            45.156367
          ],
          [
            19.746844,
            45.15624
          ],
          [
            19.746487,
            45.156225
          ],
          [
            19.746258,
            45.156222
          ],
          [
            19.745844,
            45.156218
          ],
          [
            19.743751,
            45.156393
          ],
          [
            19.743486,
            45.156465
          ],
          [
            19.743215,
            45.156535
          ],
          [
            19.743032,
            45.156628
          ],
          [
            19.742893,
            45.156743
          ],
          [
            19.74263,
            45.157061
          ],
          [
            19.742247,
            45.15756
          ],
          [
            19.741943,
            45.157795
          ],
          [
            19.741575,
            45.157967
          ],
          [
            19.741289,
            45.158051
          ],
          [
            19.741139,
            45.158083
          ],
          [
            19.74081,
            45.158123
          ],
          [
            19.740605,
            45.158117
          ],
          [
            19.740361,
            45.158093
          ],
          [
            19.740235,
            45.158066
          ],
          [
            19.740066,
            45.158015
          ],
          [
            19.739865,
            45.157947
          ],
          [
            19.739638,
            45.157847
          ],
          [
            19.739537,
            45.157795
          ],
          [
            19.739473,
            45.157759
          ],
          [
            19.739207,
            45.157563
          ],
          [
            19.739068,
            45.157349
          ],
          [
            19.738865,
            45.156879
          ],
          [
            19.73874,
            45.156757
          ],
          [
            19.738536,
            45.156624
          ],
          [
            19.738289,
            45.156498
          ],
          [
            19.737949,
            45.156435
          ],
          [
            19.737515,
            45.156467
          ],
          [
            19.737297,
            45.156503
          ],
          [
            19.737075,
            45.156529
          ],
          [
            19.73658,
            45.156577
          ],
          [
            19.736256,
            45.156578
          ],
          [
            19.735945,
            45.156562
          ],
          [
            19.735679,
            45.156545
          ],
          [
            19.735144,
            45.156516
          ],
          [
            19.734744,
            45.156459
          ],
          [
            19.734475,
            45.156408
          ],
          [
            19.73425,
            45.15632
          ],
          [
            19.73413,
            45.156272
          ],
          [
            19.734009,
            45.156215
          ],
          [
            19.733498,
            45.155806
          ],
          [
            19.733218,
            45.155616
          ],
          [
            19.732542,
            45.155295
          ],
          [
            19.732105,
            45.155071
          ],
          [
            19.731724,
            45.154766
          ],
          [
            19.731568,
            45.154655
          ],
          [
            19.731359,
            45.154534
          ],
          [
            19.731132,
            45.154447
          ],
          [
            19.730824,
            45.154332
          ],
          [
            19.730517,
            45.154203
          ],
          [
            19.730333,
            45.15412
          ],
          [
            19.729987,
            45.153963
          ],
          [
            19.729847,
            45.153876
          ],
          [
            19.72968,
            45.153779
          ],
          [
            19.729518,
            45.153691
          ],
          [
            19.728968,
            45.153449
          ],
          [
            19.728602,
            45.153309
          ],
          [
            19.728346,
            45.153237
          ],
          [
            19.728038,
            45.15317
          ],
          [
            19.727831,
            45.15315
          ],
          [
            19.727418,
            45.153145
          ],
          [
            19.727029,
            45.153198
          ],
          [
            19.726954,
            45.153217
          ],
          [
            19.726574,
            45.153322
          ],
          [
            19.726186,
            45.153473
          ],
          [
            19.725873,
            45.153726
          ],
          [
            19.725602,
            45.153952
          ],
          [
            19.72526,
            45.154287
          ],
          [
            19.725011,
            45.154471
          ],
          [
            19.724678,
            45.15468
          ],
          [
            19.724388,
            45.1548
          ],
          [
            19.724049,
            45.15491
          ],
          [
            19.723816,
            45.154948
          ],
          [
            19.723669,
            45.154967
          ],
          [
            19.722883,
            45.155026
          ],
          [
            19.722293,
            45.155145
          ],
          [
            19.721615,
            45.1554
          ],
          [
            19.721439,
            45.155449
          ],
          [
            19.720662,
            45.15572
          ],
          [
            19.720163,
            45.155823
          ],
          [
            19.719963,
            45.155841
          ],
          [
            19.719746,
            45.15581
          ],
          [
            19.719365,
            45.155683
          ],
          [
            19.718713,
            45.15531
          ],
          [
            19.718188,
            45.154951
          ],
          [
            19.717921,
            45.154706
          ],
          [
            19.717712,
            45.15452
          ],
          [
            19.717651,
            45.154447
          ],
          [
            19.717573,
            45.154363
          ],
          [
            19.717146,
            45.154054
          ],
          [
            19.716841,
            45.153938
          ],
          [
            19.716453,
            45.153748
          ],
          [
            19.716376,
            45.153708
          ],
          [
            19.716163,
            45.153554
          ],
          [
            19.716029,
            45.153426
          ],
          [
            19.715906,
            45.153309
          ],
          [
            19.715695,
            45.153063
          ],
          [
            19.71563,
            45.152966
          ],
          [
            19.715509,
            45.152803
          ],
          [
            19.715498,
            45.152791
          ],
          [
            19.715262,
            45.152844
          ],
          [
            19.715275,
            45.152664
          ],
          [
            19.715286,
            45.152551
          ],
          [
            19.715498,
            45.152791
          ],
          [
            19.715509,
            45.152803
          ],
          [
            19.71563,
            45.152966
          ],
          [
            19.715695,
            45.153063
          ],
          [
            19.715906,
            45.153309
          ],
          [
            19.716029,
            45.153426
          ],
          [
            19.716163,
            45.153554
          ],
          [
            19.716376,
            45.153708
          ],
          [
            19.716453,
            45.153748
          ],
          [
            19.716841,
            45.153938
          ],
          [
            19.717146,
            45.154054
          ],
          [
            19.717573,
            45.154363
          ],
          [
            19.717651,
            45.154447
          ],
          [
            19.717712,
            45.15452
          ],
          [
            19.717921,
            45.154706
          ],
          [
            19.718188,
            45.154951
          ],
          [
            19.718713,
            45.15531
          ],
          [
            19.719365,
            45.155683
          ],
          [
            19.719746,
            45.15581
          ],
          [
            19.719963,
            45.155841
          ],
          [
            19.720163,
            45.155823
          ],
          [
            19.720662,
            45.15572
          ],
          [
            19.721439,
            45.155449
          ],
          [
            19.721615,
            45.1554
          ],
          [
            19.722293,
            45.155145
          ],
          [
            19.722883,
            45.155026
          ],
          [
            19.723669,
            45.154967
          ],
          [
            19.723816,
            45.154948
          ],
          [
            19.724049,
            45.15491
          ],
          [
            19.724388,
            45.1548
          ],
          [
            19.724678,
            45.15468
          ],
          [
            19.725011,
            45.154471
          ],
          [
            19.72526,
            45.154287
          ],
          [
            19.725602,
            45.153952
          ],
          [
            19.725873,
            45.153726
          ],
          [
            19.726186,
            45.153473
          ],
          [
            19.726574,
            45.153322
          ],
          [
            19.726954,
            45.153217
          ],
          [
            19.727029,
            45.153198
          ],
          [
            19.727418,
            45.153145
          ],
          [
            19.727831,
            45.15315
          ],
          [
            19.728038,
            45.15317
          ],
          [
            19.728346,
            45.153237
          ],
          [
            19.728602,
            45.153309
          ],
          [
            19.728968,
            45.153449
          ],
          [
            19.729518,
            45.153691
          ],
          [
            19.72968,
            45.153779
          ],
          [
            19.729847,
            45.153876
          ],
          [
            19.729987,
            45.153963
          ],
          [
            19.730333,
            45.15412
          ],
          [
            19.730517,
            45.154203
          ],
          [
            19.730824,
            45.154332
          ],
          [
            19.731132,
            45.154447
          ],
          [
            19.731359,
            45.154534
          ],
          [
            19.731568,
            45.154655
          ],
          [
            19.731724,
            45.154766
          ],
          [
            19.732105,
            45.155071
          ],
          [
            19.732542,
            45.155295
          ],
          [
            19.733218,
            45.155616
          ],
          [
            19.733498,
            45.155806
          ],
          [
            19.734009,
            45.156215
          ],
          [
            19.73413,
            45.156272
          ],
          [
            19.73425,
            45.15632
          ],
          [
            19.734475,
            45.156408
          ],
          [
            19.734744,
            45.156459
          ],
          [
            19.735144,
            45.156516
          ],
          [
            19.735679,
            45.156545
          ],
          [
            19.735945,
            45.156562
          ],
          [
            19.736256,
            45.156578
          ],
          [
            19.73658,
            45.156577
          ],
          [
            19.737075,
            45.156529
          ],
          [
            19.737297,
            45.156503
          ],
          [
            19.737515,
            45.156467
          ],
          [
            19.737949,
            45.156435
          ],
          [
            19.738289,
            45.156498
          ],
          [
            19.738536,
            45.156624
          ],
          [
            19.73874,
            45.156757
          ],
          [
            19.738865,
            45.156879
          ],
          [
            19.739068,
            45.157349
          ],
          [
            19.739207,
            45.157563
          ],
          [
            19.739473,
            45.157759
          ],
          [
            19.739537,
            45.157795
          ],
          [
            19.739638,
            45.157847
          ],
          [
            19.739865,
            45.157947
          ],
          [
            19.740066,
            45.158015
          ],
          [
            19.740235,
            45.158066
          ],
          [
            19.740361,
            45.158093
          ],
          [
            19.740605,
            45.158117
          ],
          [
            19.74081,
            45.158123
          ],
          [
            19.741139,
            45.158083
          ],
          [
            19.741289,
            45.158051
          ],
          [
            19.741575,
            45.157967
          ],
          [
            19.741943,
            45.157795
          ],
          [
            19.742247,
            45.15756
          ],
          [
            19.74263,
            45.157061
          ],
          [
            19.742893,
            45.156743
          ],
          [
            19.743032,
            45.156628
          ],
          [
            19.743215,
            45.156535
          ],
          [
            19.743486,
            45.156465
          ],
          [
            19.743751,
            45.156393
          ],
          [
            19.745844,
            45.156218
          ],
          [
            19.746258,
            45.156222
          ],
          [
            19.746487,
            45.156225
          ],
          [
            19.746844,
            45.15624
          ],
          [
            19.747933,
            45.156367
          ],
          [
            19.749189,
            45.156527
          ],
          [
            19.749843,
            45.156588
          ],
          [
            19.750242,
            45.156597
          ],
          [
            19.750565,
            45.156584
          ],
          [
            19.750937,
            45.156541
          ],
          [
            19.751287,
            45.156571
          ],
          [
            19.751576,
            45.156646
          ],
          [
            19.751818,
            45.156789
          ],
          [
            19.75241,
            45.157217
          ],
          [
            19.7526,
            45.157327
          ],
          [
            19.752723,
            45.15739
          ],
          [
            19.752942,
            45.157475
          ],
          [
            19.753339,
            45.15759
          ],
          [
            19.753855,
            45.157702
          ],
          [
            19.754428,
            45.157831
          ],
          [
            19.754937,
            45.157968
          ],
          [
            19.755321,
            45.158113
          ],
          [
            19.75564,
            45.158351
          ],
          [
            19.755749,
            45.158453
          ],
          [
            19.756502,
            45.15931
          ],
          [
            19.756586,
            45.159453
          ],
          [
            19.756653,
            45.159618
          ],
          [
            19.75681,
            45.15994
          ],
          [
            19.756867,
            45.160496
          ],
          [
            19.756941,
            45.160719
          ],
          [
            19.757103,
            45.160859
          ],
          [
            19.757222,
            45.160922
          ],
          [
            19.757518,
            45.160996
          ],
          [
            19.758061,
            45.160998
          ],
          [
            19.758399,
            45.161031
          ],
          [
            19.758673,
            45.161081
          ],
          [
            19.758984,
            45.161185
          ],
          [
            19.75937,
            45.161341
          ],
          [
            19.759508,
            45.161377
          ],
          [
            19.759594,
            45.161392
          ],
          [
            19.7597,
            45.161392
          ],
          [
            19.759828,
            45.161363
          ],
          [
            19.760219,
            45.161206
          ],
          [
            19.761065,
            45.160785
          ],
          [
            19.761384,
            45.160646
          ],
          [
            19.761734,
            45.160548
          ],
          [
            19.762088,
            45.160513
          ],
          [
            19.763837,
            45.160548
          ],
          [
            19.764039,
            45.160539
          ],
          [
            19.764237,
            45.160513
          ],
          [
            19.764586,
            45.160398
          ],
          [
            19.764931,
            45.160271
          ],
          [
            19.765871,
            45.159776
          ],
          [
            19.76606,
            45.159706
          ],
          [
            19.766257,
            45.159688
          ],
          [
            19.766451,
            45.159693
          ],
          [
            19.766707,
            45.159737
          ],
          [
            19.766997,
            45.159907
          ],
          [
            19.767235,
            45.160216
          ],
          [
            19.767399,
            45.160486
          ],
          [
            19.767618,
            45.160698
          ],
          [
            19.767837,
            45.16082
          ],
          [
            19.767979,
            45.160871
          ],
          [
            19.768147,
            45.160915
          ],
          [
            19.76836,
            45.160944
          ],
          [
            19.768523,
            45.160937
          ],
          [
            19.768701,
            45.16091
          ],
          [
            19.768903,
            45.160856
          ],
          [
            19.76913,
            45.160763
          ],
          [
            19.769342,
            45.160632
          ],
          [
            19.769995,
            45.159958
          ],
          [
            19.770281,
            45.15975
          ],
          [
            19.770615,
            45.159537
          ],
          [
            19.771073,
            45.159297
          ],
          [
            19.771591,
            45.159104
          ],
          [
            19.77186,
            45.15903
          ],
          [
            19.772132,
            45.15897
          ],
          [
            19.77266,
            45.158866
          ],
          [
            19.773191,
            45.158732
          ],
          [
            19.773533,
            45.158627
          ],
          [
            19.774098,
            45.158404
          ],
          [
            19.774698,
            45.158147
          ],
          [
            19.775272,
            45.157907
          ],
          [
            19.775698,
            45.15777
          ],
          [
            19.77603,
            45.157696
          ],
          [
            19.776134,
            45.157681
          ],
          [
            19.776699,
            45.157645
          ],
          [
            19.777739,
            45.157651
          ],
          [
            19.777908,
            45.157652
          ],
          [
            19.778175,
            45.157648
          ],
          [
            19.778433,
            45.157646
          ],
          [
            19.778455,
            45.157645
          ],
          [
            19.77855,
            45.157639
          ],
          [
            19.778662,
            45.157626
          ],
          [
            19.778759,
            45.157602
          ],
          [
            19.779017,
            45.157531
          ],
          [
            19.779042,
            45.157524
          ],
          [
            19.779291,
            45.157463
          ],
          [
            19.779583,
            45.157396
          ],
          [
            19.779736,
            45.157367
          ],
          [
            19.779893,
            45.157354
          ],
          [
            19.779977,
            45.157348
          ],
          [
            19.78007,
            45.157339
          ],
          [
            19.780167,
            45.157337
          ],
          [
            19.78026,
            45.157336
          ],
          [
            19.78042,
            45.157334
          ],
          [
            19.780711,
            45.157328
          ],
          [
            19.781193,
            45.157221
          ],
          [
            19.781324,
            45.157183
          ],
          [
            19.781462,
            45.157168
          ],
          [
            19.781572,
            45.157175
          ],
          [
            19.781646,
            45.157188
          ],
          [
            19.781796,
            45.157257
          ],
          [
            19.781897,
            45.157319
          ],
          [
            19.782096,
            45.157457
          ],
          [
            19.782303,
            45.157675
          ],
          [
            19.782566,
            45.157934
          ],
          [
            19.782626,
            45.158026
          ],
          [
            19.782665,
            45.15811
          ],
          [
            19.782689,
            45.158205
          ],
          [
            19.782709,
            45.158337
          ],
          [
            19.782853,
            45.15886
          ],
          [
            19.783031,
            45.15912
          ],
          [
            19.783104,
            45.159245
          ],
          [
            19.783161,
            45.159314
          ],
          [
            19.783219,
            45.159369
          ],
          [
            19.783294,
            45.159415
          ],
          [
            19.783384,
            45.159447
          ],
          [
            19.783489,
            45.159463
          ],
          [
            19.78359,
            45.159459
          ],
          [
            19.783666,
            45.159452
          ],
          [
            19.783859,
            45.15943
          ],
          [
            19.784247,
            45.159387
          ],
          [
            19.784436,
            45.159356
          ],
          [
            19.78466,
            45.159329
          ],
          [
            19.78496,
            45.15929
          ],
          [
            19.785235,
            45.159192
          ],
          [
            19.785454,
            45.159113
          ],
          [
            19.785579,
            45.159051
          ],
          [
            19.785732,
            45.15896
          ],
          [
            19.78585,
            45.158874
          ],
          [
            19.78612,
            45.158676
          ],
          [
            19.786431,
            45.158466
          ],
          [
            19.786655,
            45.158346
          ],
          [
            19.786899,
            45.15824
          ],
          [
            19.787237,
            45.158089
          ],
          [
            19.787579,
            45.157991
          ],
          [
            19.787796,
            45.157938
          ],
          [
            19.788294,
            45.157849
          ],
          [
            19.788801,
            45.157755
          ],
          [
            19.789484,
            45.157679
          ],
          [
            19.789772,
            45.157641
          ],
          [
            19.790512,
            45.157565
          ],
          [
            19.79089,
            45.157521
          ],
          [
            19.791169,
            45.157479
          ],
          [
            19.791479,
            45.157418
          ],
          [
            19.791789,
            45.157337
          ],
          [
            19.792057,
            45.157251
          ],
          [
            19.792468,
            45.157103
          ],
          [
            19.792598,
            45.157066
          ],
          [
            19.792755,
            45.157028
          ],
          [
            19.792902,
            45.157005
          ],
          [
            19.793058,
            45.156993
          ],
          [
            19.793213,
            45.156992
          ],
          [
            19.793306,
            45.156999
          ],
          [
            19.793563,
            45.157032
          ],
          [
            19.793961,
            45.157098
          ],
          [
            19.794117,
            45.157114
          ],
          [
            19.794243,
            45.157121
          ],
          [
            19.79437,
            45.157121
          ],
          [
            19.794505,
            45.157112
          ],
          [
            19.794653,
            45.157093
          ],
          [
            19.794782,
            45.157067
          ],
          [
            19.795072,
            45.156985
          ],
          [
            19.795309,
            45.156927
          ],
          [
            19.795521,
            45.156872
          ],
          [
            19.795635,
            45.156846
          ],
          [
            19.795747,
            45.156829
          ],
          [
            19.795866,
            45.15683
          ],
          [
            19.795982,
            45.156848
          ],
          [
            19.796188,
            45.156912
          ],
          [
            19.796562,
            45.157024
          ],
          [
            19.796805,
            45.157083
          ],
          [
            19.797013,
            45.157118
          ],
          [
            19.797213,
            45.157137
          ],
          [
            19.797331,
            45.157133
          ],
          [
            19.797559,
            45.157098
          ],
          [
            19.797744,
            45.15707
          ],
          [
            19.798077,
            45.157051
          ],
          [
            19.798206,
            45.157042
          ],
          [
            19.798352,
            45.157043
          ],
          [
            19.798478,
            45.157055
          ],
          [
            19.798604,
            45.15708
          ],
          [
            19.798928,
            45.157197
          ],
          [
            19.799234,
            45.157264
          ],
          [
            19.799378,
            45.157284
          ],
          [
            19.799509,
            45.157293
          ],
          [
            19.799641,
            45.157296
          ],
          [
            19.799777,
            45.157288
          ],
          [
            19.799934,
            45.157265
          ],
          [
            19.800075,
            45.157229
          ],
          [
            19.800188,
            45.157189
          ],
          [
            19.800285,
            45.157146
          ],
          [
            19.800507,
            45.156976
          ],
          [
            19.800778,
            45.156804
          ],
          [
            19.800897,
            45.156749
          ],
          [
            19.801017,
            45.156714
          ],
          [
            19.801144,
            45.156689
          ],
          [
            19.801284,
            45.156677
          ],
          [
            19.801432,
            45.156679
          ],
          [
            19.80237,
            45.156724
          ],
          [
            19.802457,
            45.156727
          ],
          [
            19.802721,
            45.156736
          ],
          [
            19.80295,
            45.156744
          ],
          [
            19.803121,
            45.156744
          ],
          [
            19.8033,
            45.156737
          ],
          [
            19.803448,
            45.15672
          ],
          [
            19.8036,
            45.156692
          ],
          [
            19.803904,
            45.156605
          ],
          [
            19.804083,
            45.156539
          ],
          [
            19.804557,
            45.156385
          ],
          [
            19.804709,
            45.156354
          ],
          [
            19.804859,
            45.15633
          ],
          [
            19.805017,
            45.156315
          ],
          [
            19.805627,
            45.156295
          ],
          [
            19.80611,
            45.156293
          ],
          [
            19.806431,
            45.156277
          ],
          [
            19.806583,
            45.156269
          ],
          [
            19.807273,
            45.156233
          ],
          [
            19.80755,
            45.156208
          ],
          [
            19.807976,
            45.156207
          ],
          [
            19.808221,
            45.1562
          ],
          [
            19.808421,
            45.156188
          ],
          [
            19.808569,
            45.156178
          ],
          [
            19.808751,
            45.156147
          ],
          [
            19.809,
            45.156078
          ],
          [
            19.809136,
            45.156029
          ],
          [
            19.809627,
            45.155831
          ],
          [
            19.809919,
            45.155651
          ],
          [
            19.810257,
            45.155388
          ],
          [
            19.810464,
            45.155134
          ],
          [
            19.810649,
            45.154933
          ],
          [
            19.810807,
            45.154815
          ],
          [
            19.811063,
            45.154719
          ],
          [
            19.811414,
            45.15471
          ],
          [
            19.811759,
            45.154738
          ],
          [
            19.811988,
            45.154776
          ],
          [
            19.812195,
            45.154836
          ],
          [
            19.812347,
            45.15486
          ],
          [
            19.812723,
            45.154903
          ],
          [
            19.812941,
            45.154893
          ],
          [
            19.813188,
            45.154888
          ],
          [
            19.813377,
            45.154879
          ],
          [
            19.813529,
            45.154867
          ],
          [
            19.813773,
            45.15481
          ],
          [
            19.814111,
            45.154672
          ],
          [
            19.814374,
            45.154529
          ],
          [
            19.814668,
            45.154307
          ],
          [
            19.816081,
            45.153199
          ],
          [
            19.816493,
            45.153027
          ],
          [
            19.816603,
            45.153002
          ],
          [
            19.816955,
            45.152923
          ],
          [
            19.817428,
            45.152813
          ],
          [
            19.817598,
            45.152774
          ],
          [
            19.817923,
            45.152698
          ],
          [
            19.81825,
            45.15264
          ],
          [
            19.818458,
            45.15261
          ],
          [
            19.818664,
            45.152598
          ],
          [
            19.818849,
            45.152595
          ],
          [
            19.819017,
            45.15262
          ],
          [
            19.819194,
            45.152659
          ],
          [
            19.819804,
            45.152947
          ],
          [
            19.819992,
            45.153018
          ],
          [
            19.820196,
            45.153078
          ],
          [
            19.820388,
            45.153118
          ],
          [
            19.82079,
            45.153176
          ],
          [
            19.820965,
            45.153218
          ],
          [
            19.821141,
            45.153272
          ],
          [
            19.821298,
            45.153331
          ],
          [
            19.821513,
            45.153425
          ],
          [
            19.821517,
            45.153427
          ],
          [
            19.821739,
            45.153525
          ],
          [
            19.821825,
            45.153552
          ],
          [
            19.821907,
            45.153568
          ],
          [
            19.82199,
            45.153568
          ],
          [
            19.822077,
            45.15355
          ],
          [
            19.822136,
            45.153524
          ],
          [
            19.822197,
            45.153479
          ],
          [
            19.822255,
            45.153415
          ],
          [
            19.822261,
            45.153408
          ],
          [
            19.82247,
            45.15314
          ],
          [
            19.822586,
            45.152972
          ],
          [
            19.822803,
            45.152657
          ],
          [
            19.822978,
            45.152355
          ],
          [
            19.823045,
            45.152213
          ],
          [
            19.82309,
            45.152064
          ],
          [
            19.823111,
            45.151912
          ],
          [
            19.823139,
            45.151413
          ],
          [
            19.823168,
            45.151223
          ],
          [
            19.823214,
            45.15105
          ],
          [
            19.823279,
            45.150887
          ],
          [
            19.823597,
            45.150401
          ],
          [
            19.823877,
            45.149975
          ],
          [
            19.823929,
            45.14992
          ],
          [
            19.824012,
            45.149857
          ],
          [
            19.824098,
            45.149812
          ],
          [
            19.824192,
            45.149776
          ],
          [
            19.824304,
            45.149751
          ],
          [
            19.82447,
            45.149737
          ],
          [
            19.824656,
            45.149735
          ],
          [
            19.824936,
            45.149758
          ],
          [
            19.82515,
            45.149775
          ],
          [
            19.825162,
            45.149776
          ],
          [
            19.825275,
            45.149785
          ],
          [
            19.825613,
            45.149757
          ],
          [
            19.825917,
            45.149736
          ],
          [
            19.826264,
            45.149737
          ],
          [
            19.826549,
            45.149776
          ],
          [
            19.827104,
            45.149835
          ],
          [
            19.827706,
            45.149907
          ],
          [
            19.827805,
            45.149912
          ],
          [
            19.827903,
            45.149906
          ],
          [
            19.82802,
            45.149903
          ],
          [
            19.828551,
            45.149864
          ],
          [
            19.82879,
            45.14986
          ],
          [
            19.829057,
            45.149863
          ],
          [
            19.829171,
            45.149865
          ],
          [
            19.829271,
            45.149867
          ],
          [
            19.829343,
            45.149868
          ],
          [
            19.829387,
            45.149865
          ],
          [
            19.829524,
            45.149853
          ],
          [
            19.829597,
            45.149899
          ],
          [
            19.829669,
            45.149935
          ],
          [
            19.829813,
            45.150012
          ],
          [
            19.829919,
            45.150068
          ],
          [
            19.830038,
            45.150121
          ],
          [
            19.830227,
            45.150184
          ],
          [
            19.830289,
            45.150205
          ],
          [
            19.830439,
            45.150261
          ],
          [
            19.830584,
            45.150325
          ],
          [
            19.83069,
            45.150376
          ],
          [
            19.830751,
            45.150409
          ],
          [
            19.830817,
            45.150445
          ],
          [
            19.830931,
            45.150526
          ],
          [
            19.831028,
            45.150614
          ],
          [
            19.831115,
            45.150724
          ],
          [
            19.831203,
            45.150845
          ],
          [
            19.831258,
            45.150961
          ],
          [
            19.831517,
            45.151763
          ],
          [
            19.831563,
            45.15188
          ],
          [
            19.831777,
            45.152446
          ],
          [
            19.831975,
            45.152938
          ],
          [
            19.832164,
            45.153193
          ],
          [
            19.832422,
            45.153392
          ],
          [
            19.832576,
            45.153447
          ],
          [
            19.832799,
            45.153495
          ],
          [
            19.833028,
            45.153486
          ],
          [
            19.833279,
            45.153437
          ],
          [
            19.833739,
            45.1533
          ],
          [
            19.833948,
            45.153242
          ],
          [
            19.834131,
            45.1532
          ],
          [
            19.834312,
            45.153178
          ],
          [
            19.834468,
            45.153173
          ],
          [
            19.834612,
            45.153192
          ],
          [
            19.83476,
            45.153238
          ],
          [
            19.83487,
            45.153296
          ],
          [
            19.834967,
            45.153383
          ],
          [
            19.835024,
            45.153466
          ],
          [
            19.835056,
            45.153546
          ],
          [
            19.835067,
            45.15362
          ],
          [
            19.835049,
            45.153744
          ],
          [
            19.835015,
            45.153823
          ],
          [
            19.834952,
            45.153905
          ],
          [
            19.834866,
            45.153978
          ],
          [
            19.834727,
            45.154054
          ],
          [
            19.834496,
            45.154126
          ],
          [
            19.834053,
            45.154257
          ],
          [
            19.83383,
            45.154335
          ],
          [
            19.833569,
            45.154439
          ],
          [
            19.833297,
            45.15457
          ],
          [
            19.833116,
            45.154674
          ],
          [
            19.83294,
            45.154789
          ],
          [
            19.83278,
            45.154909
          ],
          [
            19.832627,
            45.15504
          ],
          [
            19.832506,
            45.155158
          ],
          [
            19.832393,
            45.155283
          ],
          [
            19.83225,
            45.155481
          ],
          [
            19.831727,
            45.156502
          ],
          [
            19.831558,
            45.156729
          ],
          [
            19.831402,
            45.156918
          ],
          [
            19.831209,
            45.15713
          ],
          [
            19.831023,
            45.157314
          ],
          [
            19.830808,
            45.157508
          ],
          [
            19.830173,
            45.158091
          ],
          [
            19.829941,
            45.158322
          ],
          [
            19.829701,
            45.158561
          ],
          [
            19.829342,
            45.158919
          ],
          [
            19.829072,
            45.159187
          ],
          [
            19.828803,
            45.159415
          ],
          [
            19.82813,
            45.159976
          ],
          [
            19.827994,
            45.160101
          ],
          [
            19.827877,
            45.160224
          ],
          [
            19.827759,
            45.160361
          ],
          [
            19.827664,
            45.160493
          ],
          [
            19.827586,
            45.160639
          ],
          [
            19.827471,
            45.160911
          ],
          [
            19.827377,
            45.161101
          ],
          [
            19.827232,
            45.161282
          ],
          [
            19.826852,
            45.161727
          ],
          [
            19.826567,
            45.162139
          ],
          [
            19.826451,
            45.162336
          ],
          [
            19.826339,
            45.162542
          ],
          [
            19.826271,
            45.162723
          ],
          [
            19.826231,
            45.162909
          ],
          [
            19.826222,
            45.163087
          ],
          [
            19.826238,
            45.163256
          ],
          [
            19.82628,
            45.163474
          ],
          [
            19.826386,
            45.163915
          ],
          [
            19.826425,
            45.164141
          ],
          [
            19.826447,
            45.164384
          ],
          [
            19.826472,
            45.164666
          ],
          [
            19.826508,
            45.164907
          ],
          [
            19.826551,
            45.1651
          ],
          [
            19.826711,
            45.165535
          ],
          [
            19.826746,
            45.165704
          ],
          [
            19.826759,
            45.16588
          ],
          [
            19.826747,
            45.166059
          ],
          [
            19.826704,
            45.166345
          ],
          [
            19.826679,
            45.166532
          ],
          [
            19.826673,
            45.166661
          ],
          [
            19.826681,
            45.166789
          ],
          [
            19.826707,
            45.166934
          ],
          [
            19.826746,
            45.167069
          ],
          [
            19.826789,
            45.167175
          ],
          [
            19.826957,
            45.167561
          ],
          [
            19.826981,
            45.167675
          ],
          [
            19.826991,
            45.167783
          ],
          [
            19.826974,
            45.168224
          ],
          [
            19.826982,
            45.168374
          ],
          [
            19.827004,
            45.1685
          ],
          [
            19.827034,
            45.168621
          ],
          [
            19.82724,
            45.169068
          ],
          [
            19.827307,
            45.169241
          ],
          [
            19.827352,
            45.169405
          ],
          [
            19.827381,
            45.169567
          ],
          [
            19.827382,
            45.169909
          ],
          [
            19.827392,
            45.170079
          ],
          [
            19.82743,
            45.170241
          ],
          [
            19.827486,
            45.170382
          ],
          [
            19.827566,
            45.170521
          ],
          [
            19.82766,
            45.170647
          ],
          [
            19.828234,
            45.171196
          ],
          [
            19.82883,
            45.171894
          ],
          [
            19.828944,
            45.172014
          ],
          [
            19.829082,
            45.172137
          ],
          [
            19.829226,
            45.172245
          ],
          [
            19.829342,
            45.17232
          ],
          [
            19.830137,
            45.17275
          ],
          [
            19.831057,
            45.173266
          ],
          [
            19.831589,
            45.173645
          ],
          [
            19.832015,
            45.173947
          ],
          [
            19.832158,
            45.174043
          ],
          [
            19.832639,
            45.174317
          ],
          [
            19.832905,
            45.174437
          ],
          [
            19.833108,
            45.174537
          ],
          [
            19.833311,
            45.174637
          ],
          [
            19.833644,
            45.174824
          ],
          [
            19.833804,
            45.174925
          ],
          [
            19.833944,
            45.175028
          ],
          [
            19.834148,
            45.175216
          ],
          [
            19.834255,
            45.175315
          ],
          [
            19.83431,
            45.175366
          ],
          [
            19.83443,
            45.175481
          ],
          [
            19.834593,
            45.17563
          ],
          [
            19.835077,
            45.176038
          ],
          [
            19.835276,
            45.176265
          ],
          [
            19.835347,
            45.176346
          ],
          [
            19.835459,
            45.176451
          ],
          [
            19.835691,
            45.176664
          ],
          [
            19.83599,
            45.17694
          ],
          [
            19.836207,
            45.177141
          ],
          [
            19.836465,
            45.177354
          ],
          [
            19.836805,
            45.17758
          ],
          [
            19.837088,
            45.177761
          ],
          [
            19.837153,
            45.177801
          ],
          [
            19.837578,
            45.178074
          ],
          [
            19.837788,
            45.178221
          ],
          [
            19.837934,
            45.178343
          ],
          [
            19.838133,
            45.178533
          ],
          [
            19.838283,
            45.178719
          ],
          [
            19.838428,
            45.178934
          ],
          [
            19.838511,
            45.179086
          ],
          [
            19.83859,
            45.179246
          ],
          [
            19.838639,
            45.179363
          ],
          [
            19.838652,
            45.179406
          ],
          [
            19.838677,
            45.179488
          ],
          [
            19.838716,
            45.17966
          ],
          [
            19.838735,
            45.17973
          ],
          [
            19.838837,
            45.180108
          ],
          [
            19.838866,
            45.180201
          ],
          [
            19.838922,
            45.180478
          ],
          [
            19.838974,
            45.180718
          ],
          [
            19.838996,
            45.180818
          ],
          [
            19.839116,
            45.181357
          ],
          [
            19.839278,
            45.182118
          ],
          [
            19.839418,
            45.18279
          ],
          [
            19.839518,
            45.18327
          ],
          [
            19.839596,
            45.183696
          ],
          [
            19.83965,
            45.183989
          ],
          [
            19.839788,
            45.184743
          ],
          [
            19.839915,
            45.185616
          ],
          [
            19.83997,
            45.18595
          ],
          [
            19.839998,
            45.18614
          ],
          [
            19.840079,
            45.18669
          ],
          [
            19.840142,
            45.187066
          ],
          [
            19.840144,
            45.187077
          ],
          [
            19.840149,
            45.18711
          ],
          [
            19.84015,
            45.187118
          ],
          [
            19.840166,
            45.187221
          ],
          [
            19.840201,
            45.187476
          ],
          [
            19.840233,
            45.187712
          ],
          [
            19.840233,
            45.187717
          ],
          [
            19.84029,
            45.188135
          ],
          [
            19.840352,
            45.188629
          ],
          [
            19.84037,
            45.188816
          ],
          [
            19.840466,
            45.189514
          ],
          [
            19.840485,
            45.18968
          ],
          [
            19.840518,
            45.189966
          ],
          [
            19.84052,
            45.189984
          ],
          [
            19.840525,
            45.190031
          ],
          [
            19.840571,
            45.190432
          ],
          [
            19.84059,
            45.190615
          ],
          [
            19.840625,
            45.190945
          ],
          [
            19.840654,
            45.191206
          ],
          [
            19.840657,
            45.19123
          ],
          [
            19.84066,
            45.191254
          ],
          [
            19.840671,
            45.191338
          ],
          [
            19.840674,
            45.191366
          ],
          [
            19.840698,
            45.191556
          ],
          [
            19.840712,
            45.191671
          ],
          [
            19.840722,
            45.191751
          ],
          [
            19.840728,
            45.191793
          ],
          [
            19.840743,
            45.19191
          ],
          [
            19.840768,
            45.192131
          ],
          [
            19.840792,
            45.192343
          ],
          [
            19.840829,
            45.192667
          ],
          [
            19.840838,
            45.192742
          ],
          [
            19.840928,
            45.193432
          ],
          [
            19.84107,
            45.1946
          ],
          [
            19.841087,
            45.194741
          ],
          [
            19.841137,
            45.195147
          ],
          [
            19.841231,
            45.195783
          ],
          [
            19.841271,
            45.196059
          ],
          [
            19.841286,
            45.196148
          ],
          [
            19.841341,
            45.196461
          ],
          [
            19.841346,
            45.196488
          ],
          [
            19.84135,
            45.19651
          ],
          [
            19.841365,
            45.196598
          ],
          [
            19.841416,
            45.19684
          ],
          [
            19.841435,
            45.196925
          ],
          [
            19.841476,
            45.197112
          ],
          [
            19.841488,
            45.197165
          ],
          [
            19.841558,
            45.197456
          ],
          [
            19.841629,
            45.197679
          ],
          [
            19.841687,
            45.197859
          ],
          [
            19.841876,
            45.198439
          ],
          [
            19.84214,
            45.199217
          ],
          [
            19.842141,
            45.199221
          ],
          [
            19.842242,
            45.199524
          ],
          [
            19.842301,
            45.199701
          ],
          [
            19.842387,
            45.199956
          ],
          [
            19.842424,
            45.200106
          ],
          [
            19.842454,
            45.200287
          ],
          [
            19.842475,
            45.200471
          ],
          [
            19.842494,
            45.20065
          ],
          [
            19.842489,
            45.200924
          ],
          [
            19.842473,
            45.20117
          ],
          [
            19.842427,
            45.201437
          ],
          [
            19.842384,
            45.201687
          ],
          [
            19.84231,
            45.201757
          ],
          [
            19.842276,
            45.201822
          ],
          [
            19.842245,
            45.201904
          ],
          [
            19.842207,
            45.202052
          ],
          [
            19.84215,
            45.202314
          ],
          [
            19.84207,
            45.202697
          ],
          [
            19.842014,
            45.202952
          ],
          [
            19.841911,
            45.203266
          ],
          [
            19.841755,
            45.20371
          ],
          [
            19.841621,
            45.20402
          ],
          [
            19.841464,
            45.204387
          ],
          [
            19.841381,
            45.204626
          ],
          [
            19.841275,
            45.204968
          ],
          [
            19.841246,
            45.205086
          ],
          [
            19.841226,
            45.205161
          ],
          [
            19.84119,
            45.205315
          ],
          [
            19.84114,
            45.205755
          ],
          [
            19.841187,
            45.20622
          ],
          [
            19.841034,
            45.206817
          ],
          [
            19.840754,
            45.207853
          ],
          [
            19.840748,
            45.208008
          ],
          [
            19.840741,
            45.208177
          ],
          [
            19.840788,
            45.208735
          ],
          [
            19.84094,
            45.209397
          ],
          [
            19.840989,
            45.2097
          ],
          [
            19.841019,
            45.209893
          ],
          [
            19.841027,
            45.210092
          ],
          [
            19.84101,
            45.210269
          ],
          [
            19.84094,
            45.210503
          ],
          [
            19.840856,
            45.210722
          ],
          [
            19.841039,
            45.210756
          ],
          [
            19.841122,
            45.210774
          ],
          [
            19.841221,
            45.210807
          ],
          [
            19.841319,
            45.210853
          ],
          [
            19.84138,
            45.210884
          ],
          [
            19.841526,
            45.210995
          ],
          [
            19.841614,
            45.211097
          ],
          [
            19.841928,
            45.211459
          ],
          [
            19.842175,
            45.211722
          ],
          [
            19.842242,
            45.211822
          ],
          [
            19.842296,
            45.21192
          ],
          [
            19.842328,
            45.211987
          ],
          [
            19.842454,
            45.212255
          ],
          [
            19.84256,
            45.212519
          ],
          [
            19.842644,
            45.212777
          ],
          [
            19.842666,
            45.212846
          ],
          [
            19.842697,
            45.21297
          ],
          [
            19.842732,
            45.213092
          ],
          [
            19.842753,
            45.213185
          ],
          [
            19.842765,
            45.213249
          ],
          [
            19.842778,
            45.213308
          ],
          [
            19.842776,
            45.213343
          ],
          [
            19.842763,
            45.213484
          ],
          [
            19.842765,
            45.213561
          ],
          [
            19.842778,
            45.213628
          ],
          [
            19.842803,
            45.213682
          ],
          [
            19.842848,
            45.213757
          ],
          [
            19.843132,
            45.214158
          ],
          [
            19.843177,
            45.214251
          ],
          [
            19.84329,
            45.214515
          ],
          [
            19.843361,
            45.214742
          ],
          [
            19.843427,
            45.214952
          ],
          [
            19.843468,
            45.215102
          ],
          [
            19.843482,
            45.21521
          ],
          [
            19.843488,
            45.215306
          ],
          [
            19.843474,
            45.215397
          ],
          [
            19.843437,
            45.215499
          ],
          [
            19.843397,
            45.215595
          ],
          [
            19.843355,
            45.2157
          ],
          [
            19.843298,
            45.215857
          ],
          [
            19.843266,
            45.215952
          ],
          [
            19.843234,
            45.216099
          ],
          [
            19.843197,
            45.216277
          ],
          [
            19.843513,
            45.216438
          ],
          [
            19.843569,
            45.216465
          ],
          [
            19.843773,
            45.216565
          ],
          [
            19.844169,
            45.216779
          ],
          [
            19.8443,
            45.216858
          ],
          [
            19.844401,
            45.216949
          ],
          [
            19.84458,
            45.21718
          ],
          [
            19.844757,
            45.217425
          ],
          [
            19.844895,
            45.217629
          ],
          [
            19.845035,
            45.217829
          ],
          [
            19.845363,
            45.218267
          ],
          [
            19.845548,
            45.218524
          ],
          [
            19.845684,
            45.218706
          ],
          [
            19.845751,
            45.218831
          ],
          [
            19.845816,
            45.218959
          ],
          [
            19.845876,
            45.219116
          ],
          [
            19.84592,
            45.219242
          ],
          [
            19.845949,
            45.219362
          ],
          [
            19.84601,
            45.21961
          ],
          [
            19.846042,
            45.21984
          ],
          [
            19.8461,
            45.220175
          ],
          [
            19.846145,
            45.22036
          ],
          [
            19.846176,
            45.220479
          ],
          [
            19.846222,
            45.220621
          ],
          [
            19.846275,
            45.220776
          ],
          [
            19.846321,
            45.22088
          ],
          [
            19.846367,
            45.220989
          ],
          [
            19.846412,
            45.221065
          ],
          [
            19.846458,
            45.221132
          ],
          [
            19.846517,
            45.221214
          ],
          [
            19.846581,
            45.221295
          ],
          [
            19.846638,
            45.221368
          ],
          [
            19.846791,
            45.221563
          ],
          [
            19.846822,
            45.221602
          ],
          [
            19.846838,
            45.221628
          ],
          [
            19.846925,
            45.221604
          ],
          [
            19.847048,
            45.221569
          ],
          [
            19.847353,
            45.221477
          ],
          [
            19.847475,
            45.22144
          ],
          [
            19.847556,
            45.221416
          ],
          [
            19.847661,
            45.221386
          ],
          [
            19.847713,
            45.221373
          ],
          [
            19.847753,
            45.221369
          ],
          [
            19.847801,
            45.22137
          ],
          [
            19.847859,
            45.22138
          ],
          [
            19.847907,
            45.221394
          ],
          [
            19.847948,
            45.221406
          ],
          [
            19.848243,
            45.221494
          ],
          [
            19.848286,
            45.221507
          ],
          [
            19.84831,
            45.221515
          ],
          [
            19.848604,
            45.221603
          ],
          [
            19.849428,
            45.221852
          ],
          [
            19.849522,
            45.221882
          ],
          [
            19.850634,
            45.222243
          ],
          [
            19.850755,
            45.222278
          ],
          [
            19.850886,
            45.222312
          ],
          [
            19.851021,
            45.222341
          ],
          [
            19.851157,
            45.222364
          ],
          [
            19.851328,
            45.222384
          ],
          [
            19.851541,
            45.222398
          ],
          [
            19.851871,
            45.222407
          ],
          [
            19.852173,
            45.222406
          ],
          [
            19.852361,
            45.222405
          ],
          [
            19.852502,
            45.222408
          ],
          [
            19.852616,
            45.222415
          ],
          [
            19.852757,
            45.22243
          ],
          [
            19.853648,
            45.22256
          ],
          [
            19.854053,
            45.222625
          ],
          [
            19.854496,
            45.222688
          ],
          [
            19.85466,
            45.222714
          ],
          [
            19.854779,
            45.222715
          ],
          [
            19.854807,
            45.222715
          ],
          [
            19.854861,
            45.22272
          ],
          [
            19.854911,
            45.222726
          ],
          [
            19.854999,
            45.222754
          ],
          [
            19.855035,
            45.222745
          ],
          [
            19.855072,
            45.222742
          ],
          [
            19.85511,
            45.222747
          ],
          [
            19.855144,
            45.222758
          ],
          [
            19.855174,
            45.222775
          ],
          [
            19.855196,
            45.222797
          ],
          [
            19.855209,
            45.222822
          ],
          [
            19.855213,
            45.222846
          ],
          [
            19.855208,
            45.222871
          ],
          [
            19.855195,
            45.222894
          ],
          [
            19.855175,
            45.222914
          ],
          [
            19.855156,
            45.222927
          ],
          [
            19.85518,
            45.222966
          ],
          [
            19.855187,
            45.222985
          ],
          [
            19.855195,
            45.223006
          ],
          [
            19.855203,
            45.22303
          ],
          [
            19.85523,
            45.223097
          ],
          [
            19.855301,
            45.223236
          ],
          [
            19.855361,
            45.223349
          ],
          [
            19.855461,
            45.223532
          ],
          [
            19.855566,
            45.223723
          ],
          [
            19.855605,
            45.223803
          ],
          [
            19.855628,
            45.223865
          ],
          [
            19.855645,
            45.223926
          ],
          [
            19.855683,
            45.224111
          ],
          [
            19.855715,
            45.224165
          ],
          [
            19.855879,
            45.224412
          ],
          [
            19.856419,
            45.225221
          ],
          [
            19.856467,
            45.225293
          ],
          [
            19.856479,
            45.225311
          ],
          [
            19.856492,
            45.22533
          ],
          [
            19.856521,
            45.225373
          ],
          [
            19.856579,
            45.225465
          ],
          [
            19.856688,
            45.225624
          ],
          [
            19.85671,
            45.225672
          ],
          [
            19.856725,
            45.225714
          ],
          [
            19.856735,
            45.22576
          ],
          [
            19.856751,
            45.225843
          ],
          [
            19.856771,
            45.226146
          ],
          [
            19.856781,
            45.226558
          ],
          [
            19.856791,
            45.226662
          ],
          [
            19.856812,
            45.226755
          ],
          [
            19.856841,
            45.226838
          ],
          [
            19.856891,
            45.22694
          ],
          [
            19.85695,
            45.227039
          ],
          [
            19.857015,
            45.227142
          ],
          [
            19.857115,
            45.227314
          ],
          [
            19.85717,
            45.22741
          ],
          [
            19.857244,
            45.227539
          ],
          [
            19.857305,
            45.227635
          ],
          [
            19.857421,
            45.227801
          ],
          [
            19.857446,
            45.227828
          ],
          [
            19.857494,
            45.227881
          ],
          [
            19.857571,
            45.227966
          ],
          [
            19.857632,
            45.228025
          ],
          [
            19.857751,
            45.228142
          ],
          [
            19.857891,
            45.22827
          ],
          [
            19.85811,
            45.228479
          ],
          [
            19.858319,
            45.228653
          ],
          [
            19.858783,
            45.228987
          ],
          [
            19.859179,
            45.229235
          ],
          [
            19.859515,
            45.22942
          ],
          [
            19.859969,
            45.229638
          ],
          [
            19.860269,
            45.229749
          ],
          [
            19.860505,
            45.229833
          ],
          [
            19.860666,
            45.229891
          ],
          [
            19.861054,
            45.229752
          ],
          [
            19.861322,
            45.229655
          ],
          [
            19.86148,
            45.229527
          ],
          [
            19.86155,
            45.229403
          ],
          [
            19.861556,
            45.229315
          ],
          [
            19.861543,
            45.22921
          ],
          [
            19.861464,
            45.229106
          ],
          [
            19.861344,
            45.228978
          ],
          [
            19.861207,
            45.228876
          ],
          [
            19.861074,
            45.22878
          ],
          [
            19.860965,
            45.228717
          ],
          [
            19.860787,
            45.228651
          ],
          [
            19.860606,
            45.228604
          ],
          [
            19.86033,
            45.228593
          ],
          [
            19.859915,
            45.228616
          ],
          [
            19.85987,
            45.228623
          ],
          [
            19.859485,
            45.228692
          ],
          [
            19.859046,
            45.22878
          ],
          [
            19.858955,
            45.228799
          ],
          [
            19.858655,
            45.228876
          ],
          [
            19.857995,
            45.229073
          ],
          [
            19.857333,
            45.229305
          ],
          [
            19.856538,
            45.229605
          ],
          [
            19.855337,
            45.230122
          ],
          [
            19.854973,
            45.230303
          ],
          [
            19.854705,
            45.230454
          ],
          [
            19.854198,
            45.23076
          ],
          [
            19.853725,
            45.231065
          ],
          [
            19.853056,
            45.231525
          ],
          [
            19.852019,
            45.232277
          ],
          [
            19.848672,
            45.234643
          ],
          [
            19.847323,
            45.235597
          ],
          [
            19.847081,
            45.235768
          ],
          [
            19.846902,
            45.235903
          ],
          [
            19.846757,
            45.236017
          ],
          [
            19.846585,
            45.236158
          ],
          [
            19.846454,
            45.236272
          ],
          [
            19.846163,
            45.236535
          ],
          [
            19.845817,
            45.236878
          ],
          [
            19.845416,
            45.2373
          ],
          [
            19.845171,
            45.2376
          ],
          [
            19.845,
            45.237828
          ],
          [
            19.844893,
            45.237977
          ],
          [
            19.844791,
            45.238125
          ],
          [
            19.844749,
            45.238188
          ],
          [
            19.8447,
            45.238268
          ],
          [
            19.844626,
            45.238398
          ],
          [
            19.844071,
            45.2394
          ],
          [
            19.844066,
            45.239409
          ],
          [
            19.844056,
            45.239425
          ],
          [
            19.84394,
            45.239633
          ],
          [
            19.843512,
            45.240369
          ],
          [
            19.843221,
            45.24087
          ],
          [
            19.842943,
            45.241376
          ],
          [
            19.842924,
            45.241414
          ],
          [
            19.842907,
            45.241446
          ],
          [
            19.842839,
            45.241581
          ],
          [
            19.8428,
            45.241657
          ],
          [
            19.842735,
            45.241784
          ],
          [
            19.84272,
            45.241815
          ],
          [
            19.842619,
            45.242005
          ],
          [
            19.842596,
            45.242046
          ],
          [
            19.842342,
            45.242501
          ],
          [
            19.842243,
            45.242684
          ],
          [
            19.842232,
            45.242701
          ],
          [
            19.841822,
            45.243438
          ],
          [
            19.84181,
            45.243461
          ],
          [
            19.841749,
            45.243551
          ],
          [
            19.841697,
            45.243641
          ],
          [
            19.841679,
            45.243677
          ],
          [
            19.841663,
            45.243707
          ],
          [
            19.841613,
            45.243805
          ],
          [
            19.841564,
            45.2439
          ],
          [
            19.841509,
            45.244005
          ],
          [
            19.841491,
            45.244041
          ],
          [
            19.84115,
            45.244635
          ],
          [
            19.840787,
            45.245279
          ],
          [
            19.840184,
            45.246385
          ],
          [
            19.840077,
            45.246577
          ],
          [
            19.840025,
            45.24667
          ],
          [
            19.840018,
            45.246683
          ],
          [
            19.840001,
            45.246713
          ],
          [
            19.839702,
            45.247249
          ],
          [
            19.839419,
            45.24774
          ],
          [
            19.839403,
            45.247771
          ],
          [
            19.839383,
            45.247808
          ],
          [
            19.839324,
            45.247919
          ],
          [
            19.839268,
            45.248025
          ],
          [
            19.839203,
            45.248147
          ],
          [
            19.839187,
            45.248177
          ],
          [
            19.838813,
            45.24885
          ],
          [
            19.838066,
            45.250194
          ],
          [
            19.838056,
            45.250212
          ],
          [
            19.838042,
            45.250236
          ],
          [
            19.837952,
            45.250398
          ],
          [
            19.837211,
            45.251718
          ],
          [
            19.837205,
            45.251732
          ],
          [
            19.837189,
            45.251758
          ],
          [
            19.837189,
            45.251768
          ],
          [
            19.837115,
            45.251899
          ],
          [
            19.837281,
            45.251965
          ],
          [
            19.837321,
            45.251981
          ],
          [
            19.837351,
            45.251994
          ],
          [
            19.837444,
            45.252033
          ],
          [
            19.838275,
            45.252404
          ],
          [
            19.838551,
            45.252532
          ],
          [
            19.838604,
            45.252556
          ],
          [
            19.838649,
            45.252576
          ],
          [
            19.838684,
            45.252592
          ],
          [
            19.838735,
            45.252615
          ],
          [
            19.839228,
            45.252838
          ],
          [
            19.839628,
            45.253019
          ],
          [
            19.839809,
            45.253101
          ],
          [
            19.839918,
            45.253144
          ],
          [
            19.840096,
            45.253214
          ],
          [
            19.840267,
            45.253316
          ],
          [
            19.840368,
            45.253353
          ],
          [
            19.840872,
            45.253555
          ],
          [
            19.840968,
            45.253595
          ],
          [
            19.841517,
            45.253819
          ],
          [
            19.841639,
            45.253875
          ],
          [
            19.841759,
            45.253929
          ],
          [
            19.841913,
            45.254003
          ],
          [
            19.842038,
            45.254068
          ],
          [
            19.842147,
            45.254123
          ],
          [
            19.842191,
            45.254144
          ],
          [
            19.842228,
            45.254163
          ],
          [
            19.842415,
            45.254242
          ],
          [
            19.842558,
            45.254301
          ],
          [
            19.842454,
            45.254458
          ],
          [
            19.842434,
            45.254488
          ],
          [
            19.841939,
            45.255188
          ],
          [
            19.841885,
            45.255257
          ],
          [
            19.841828,
            45.255351
          ],
          [
            19.841771,
            45.255462
          ],
          [
            19.841721,
            45.255582
          ],
          [
            19.841705,
            45.25562
          ],
          [
            19.841684,
            45.255724
          ],
          [
            19.841664,
            45.255822
          ],
          [
            19.841643,
            45.255948
          ],
          [
            19.841635,
            45.256039
          ],
          [
            19.841634,
            45.256143
          ],
          [
            19.841671,
            45.256503
          ],
          [
            19.841717,
            45.256956
          ],
          [
            19.841719,
            45.256972
          ],
          [
            19.841721,
            45.256985
          ],
          [
            19.841719,
            45.257036
          ],
          [
            19.841704,
            45.257073
          ],
          [
            19.841668,
            45.257107
          ],
          [
            19.841697,
            45.257213
          ],
          [
            19.841722,
            45.257272
          ],
          [
            19.841795,
            45.257448
          ],
          [
            19.841841,
            45.257561
          ],
          [
            19.841943,
            45.25776
          ],
          [
            19.841982,
            45.257869
          ],
          [
            19.841988,
            45.257887
          ],
          [
            19.842038,
            45.258027
          ],
          [
            19.842076,
            45.258125
          ],
          [
            19.842085,
            45.258148
          ],
          [
            19.842105,
            45.258199
          ],
          [
            19.842316,
            45.258739
          ],
          [
            19.842416,
            45.258993
          ],
          [
            19.842614,
            45.259465
          ],
          [
            19.842827,
            45.2599
          ],
          [
            19.842922,
            45.260078
          ],
          [
            19.842977,
            45.26014
          ],
          [
            19.843014,
            45.260184
          ],
          [
            19.843038,
            45.26022
          ],
          [
            19.843058,
            45.26026
          ],
          [
            19.843071,
            45.260305
          ],
          [
            19.843095,
            45.260387
          ],
          [
            19.843136,
            45.26056
          ],
          [
            19.843151,
            45.26067
          ],
          [
            19.843161,
            45.260741
          ],
          [
            19.843186,
            45.260878
          ],
          [
            19.84321,
            45.260974
          ],
          [
            19.843199,
            45.261055
          ],
          [
            19.843362,
            45.261527
          ],
          [
            19.843426,
            45.261721
          ],
          [
            19.843458,
            45.261856
          ],
          [
            19.843467,
            45.261895
          ],
          [
            19.843468,
            45.261904
          ],
          [
            19.843476,
            45.26195
          ],
          [
            19.843546,
            45.262339
          ],
          [
            19.843549,
            45.262366
          ],
          [
            19.843554,
            45.262401
          ],
          [
            19.843562,
            45.262469
          ],
          [
            19.843566,
            45.262484
          ],
          [
            19.843584,
            45.262587
          ],
          [
            19.843585,
            45.262602
          ],
          [
            19.843598,
            45.262721
          ],
          [
            19.843691,
            45.263411
          ],
          [
            19.843693,
            45.263425
          ],
          [
            19.843697,
            45.263456
          ],
          [
            19.843712,
            45.263548
          ],
          [
            19.843723,
            45.263607
          ],
          [
            19.843728,
            45.263636
          ],
          [
            19.843741,
            45.263691
          ],
          [
            19.843814,
            45.264346
          ],
          [
            19.843821,
            45.264371
          ],
          [
            19.843832,
            45.264449
          ],
          [
            19.84384,
            45.264505
          ],
          [
            19.843862,
            45.264645
          ],
          [
            19.843867,
            45.264667
          ],
          [
            19.843871,
            45.264689
          ],
          [
            19.843901,
            45.264957
          ],
          [
            19.84391,
            45.265129
          ],
          [
            19.843906,
            45.265257
          ],
          [
            19.84388,
            45.265404
          ],
          [
            19.843857,
            45.265493
          ],
          [
            19.843852,
            45.265519
          ],
          [
            19.843843,
            45.265549
          ],
          [
            19.843658,
            45.26611
          ],
          [
            19.843642,
            45.266153
          ],
          [
            19.843636,
            45.266167
          ],
          [
            19.843626,
            45.266194
          ],
          [
            19.843589,
            45.266296
          ],
          [
            19.843569,
            45.26635
          ],
          [
            19.843563,
            45.266366
          ],
          [
            19.843558,
            45.26638
          ],
          [
            19.843473,
            45.266608
          ],
          [
            19.843458,
            45.266647
          ],
          [
            19.843431,
            45.26672
          ],
          [
            19.843345,
            45.266954
          ],
          [
            19.843331,
            45.266991
          ],
          [
            19.843267,
            45.26716
          ],
          [
            19.84323,
            45.267253
          ],
          [
            19.84321,
            45.267329
          ],
          [
            19.843195,
            45.267363
          ],
          [
            19.84311,
            45.267634
          ],
          [
            19.843096,
            45.26767
          ],
          [
            19.843068,
            45.267743
          ],
          [
            19.843046,
            45.267798
          ],
          [
            19.843036,
            45.267823
          ],
          [
            19.843003,
            45.267909
          ],
          [
            19.842921,
            45.268118
          ],
          [
            19.842863,
            45.268265
          ],
          [
            19.842844,
            45.268298
          ],
          [
            19.842827,
            45.268333
          ],
          [
            19.842803,
            45.268399
          ],
          [
            19.842746,
            45.268552
          ],
          [
            19.842746,
            45.268643
          ],
          [
            19.842742,
            45.268671
          ],
          [
            19.842736,
            45.268703
          ],
          [
            19.842726,
            45.268737
          ],
          [
            19.842523,
            45.269272
          ],
          [
            19.842514,
            45.269296
          ],
          [
            19.842383,
            45.269631
          ],
          [
            19.842311,
            45.269858
          ],
          [
            19.842336,
            45.269959
          ],
          [
            19.842363,
            45.270025
          ],
          [
            19.842378,
            45.270073
          ],
          [
            19.842419,
            45.270125
          ],
          [
            19.842494,
            45.270174
          ],
          [
            19.842538,
            45.270193
          ],
          [
            19.842605,
            45.270223
          ],
          [
            19.842725,
            45.270256
          ],
          [
            19.843136,
            45.270294
          ],
          [
            19.843222,
            45.270303
          ],
          [
            19.843261,
            45.270307
          ],
          [
            19.84329,
            45.270311
          ],
          [
            19.843487,
            45.270328
          ],
          [
            19.843743,
            45.27035
          ],
          [
            19.84397,
            45.270369
          ],
          [
            19.844133,
            45.27039
          ],
          [
            19.84435,
            45.270428
          ],
          [
            19.844536,
            45.270468
          ],
          [
            19.844702,
            45.270504
          ],
          [
            19.844868,
            45.270543
          ],
          [
            19.845067,
            45.270601
          ],
          [
            19.845219,
            45.270647
          ],
          [
            19.845335,
            45.270692
          ],
          [
            19.845563,
            45.270775
          ],
          [
            19.845778,
            45.270858
          ],
          [
            19.845916,
            45.270919
          ],
          [
            19.846066,
            45.270992
          ],
          [
            19.846299,
            45.271107
          ],
          [
            19.846445,
            45.271188
          ],
          [
            19.846537,
            45.27125
          ],
          [
            19.846707,
            45.271356
          ],
          [
            19.84686,
            45.271465
          ],
          [
            19.847,
            45.271574
          ],
          [
            19.847093,
            45.271651
          ],
          [
            19.847187,
            45.271726
          ],
          [
            19.847252,
            45.271786
          ],
          [
            19.847482,
            45.272018
          ],
          [
            19.847727,
            45.272293
          ],
          [
            19.848072,
            45.272773
          ],
          [
            19.848339,
            45.273165
          ],
          [
            19.848384,
            45.273229
          ],
          [
            19.849215,
            45.274418
          ],
          [
            19.849589,
            45.274984
          ],
          [
            19.849652,
            45.275092
          ],
          [
            19.849696,
            45.275191
          ],
          [
            19.849772,
            45.275355
          ],
          [
            19.849824,
            45.275495
          ],
          [
            19.849877,
            45.275679
          ],
          [
            19.849916,
            45.275801
          ],
          [
            19.850073,
            45.276469
          ],
          [
            19.850151,
            45.276816
          ],
          [
            19.850179,
            45.276923
          ],
          [
            19.850313,
            45.27747
          ],
          [
            19.850445,
            45.27804
          ],
          [
            19.850475,
            45.278237
          ],
          [
            19.8505,
            45.278413
          ],
          [
            19.850515,
            45.278567
          ],
          [
            19.850681,
            45.279385
          ],
          [
            19.850693,
            45.279512
          ],
          [
            19.850715,
            45.279601
          ],
          [
            19.850743,
            45.279768
          ],
          [
            19.850761,
            45.279854
          ],
          [
            19.850777,
            45.279896
          ],
          [
            19.850792,
            45.279953
          ],
          [
            19.85082,
            45.280043
          ],
          [
            19.850899,
            45.280071
          ],
          [
            19.850954,
            45.280103
          ],
          [
            19.850997,
            45.280143
          ],
          [
            19.851032,
            45.280196
          ],
          [
            19.851046,
            45.280254
          ],
          [
            19.851039,
            45.280312
          ],
          [
            19.851012,
            45.280367
          ],
          [
            19.850993,
            45.280388
          ],
          [
            19.850965,
            45.280417
          ],
          [
            19.850926,
            45.280445
          ],
          [
            19.850902,
            45.280552
          ],
          [
            19.850898,
            45.280601
          ],
          [
            19.850912,
            45.280736
          ],
          [
            19.85097,
            45.281039
          ],
          [
            19.851026,
            45.281318
          ],
          [
            19.851035,
            45.281362
          ],
          [
            19.851127,
            45.281813
          ],
          [
            19.851199,
            45.282172
          ],
          [
            19.85121,
            45.282228
          ],
          [
            19.851243,
            45.282391
          ],
          [
            19.851453,
            45.283405
          ],
          [
            19.851541,
            45.283849
          ],
          [
            19.85161,
            45.284194
          ],
          [
            19.851768,
            45.284976
          ],
          [
            19.852086,
            45.286537
          ],
          [
            19.852222,
            45.287209
          ],
          [
            19.852245,
            45.287322
          ],
          [
            19.852329,
            45.287755
          ],
          [
            19.852387,
            45.288058
          ],
          [
            19.852697,
            45.289549
          ],
          [
            19.852917,
            45.290654
          ],
          [
            19.853003,
            45.291073
          ],
          [
            19.853166,
            45.291844
          ],
          [
            19.853346,
            45.292567
          ],
          [
            19.85347,
            45.293043
          ],
          [
            19.853504,
            45.293174
          ],
          [
            19.853597,
            45.293503
          ],
          [
            19.853622,
            45.29359
          ],
          [
            19.853657,
            45.293716
          ],
          [
            19.853817,
            45.294218
          ],
          [
            19.854032,
            45.294792
          ],
          [
            19.854194,
            45.295199
          ],
          [
            19.854385,
            45.295639
          ],
          [
            19.85461,
            45.296087
          ],
          [
            19.854813,
            45.296461
          ],
          [
            19.855016,
            45.296815
          ],
          [
            19.855194,
            45.297109
          ],
          [
            19.855832,
            45.298059
          ],
          [
            19.855923,
            45.298199
          ],
          [
            19.85609,
            45.298431
          ],
          [
            19.856193,
            45.298552
          ],
          [
            19.856243,
            45.298614
          ],
          [
            19.856582,
            45.299033
          ],
          [
            19.856763,
            45.299236
          ],
          [
            19.85738,
            45.299911
          ],
          [
            19.857809,
            45.300372
          ],
          [
            19.85805,
            45.300618
          ],
          [
            19.858329,
            45.300888
          ],
          [
            19.858735,
            45.301269
          ],
          [
            19.858909,
            45.30134
          ],
          [
            19.858997,
            45.301399
          ],
          [
            19.859112,
            45.301475
          ],
          [
            19.859255,
            45.301571
          ],
          [
            19.859383,
            45.301652
          ],
          [
            19.859475,
            45.301704
          ],
          [
            19.859575,
            45.301755
          ],
          [
            19.859679,
            45.301806
          ],
          [
            19.85979,
            45.301854
          ],
          [
            19.859906,
            45.301897
          ],
          [
            19.860056,
            45.301949
          ],
          [
            19.860175,
            45.301983
          ],
          [
            19.860316,
            45.302017
          ],
          [
            19.860481,
            45.302048
          ],
          [
            19.860716,
            45.302086
          ],
          [
            19.860938,
            45.302112
          ],
          [
            19.861199,
            45.302139
          ],
          [
            19.861588,
            45.30218
          ],
          [
            19.862014,
            45.302219
          ],
          [
            19.862521,
            45.302264
          ],
          [
            19.8628,
            45.302284
          ],
          [
            19.863051,
            45.302293
          ],
          [
            19.863331,
            45.30229
          ],
          [
            19.863525,
            45.302276
          ],
          [
            19.863713,
            45.302249
          ],
          [
            19.863894,
            45.302218
          ],
          [
            19.864081,
            45.302176
          ],
          [
            19.864294,
            45.302114
          ],
          [
            19.864539,
            45.30203
          ],
          [
            19.864741,
            45.301963
          ],
          [
            19.864903,
            45.301938
          ],
          [
            19.866246,
            45.301342
          ],
          [
            19.866702,
            45.301124
          ],
          [
            19.867425,
            45.300777
          ],
          [
            19.867983,
            45.300498
          ],
          [
            19.868766,
            45.300105
          ],
          [
            19.869634,
            45.299646
          ],
          [
            19.871179,
            45.298822
          ],
          [
            19.871976,
            45.29837
          ],
          [
            19.872737,
            45.297946
          ],
          [
            19.873365,
            45.297583
          ],
          [
            19.87453,
            45.296919
          ],
          [
            19.875594,
            45.296309
          ],
          [
            19.876078,
            45.296026
          ],
          [
            19.876639,
            45.295698
          ],
          [
            19.877886,
            45.294994
          ],
          [
            19.879619,
            45.294003
          ],
          [
            19.879843,
            45.293876
          ],
          [
            19.880557,
            45.293481
          ],
          [
            19.880995,
            45.293228
          ],
          [
            19.881489,
            45.292942
          ],
          [
            19.882722,
            45.292252
          ],
          [
            19.883208,
            45.291973
          ],
          [
            19.88354,
            45.291782
          ],
          [
            19.884426,
            45.291273
          ],
          [
            19.884815,
            45.29105
          ],
          [
            19.885106,
            45.290893
          ],
          [
            19.885332,
            45.290771
          ],
          [
            19.885516,
            45.290667
          ],
          [
            19.886435,
            45.290146
          ],
          [
            19.886864,
            45.2899
          ],
          [
            19.887932,
            45.289289
          ],
          [
            19.888439,
            45.288998
          ],
          [
            19.888614,
            45.288898
          ],
          [
            19.888767,
            45.28881
          ],
          [
            19.88892,
            45.288722
          ],
          [
            19.889079,
            45.288631
          ],
          [
            19.88941,
            45.288442
          ],
          [
            19.889789,
            45.288226
          ],
          [
            19.889848,
            45.288192
          ],
          [
            19.89037,
            45.287895
          ],
          [
            19.890438,
            45.287856
          ],
          [
            19.890497,
            45.287823
          ],
          [
            19.890923,
            45.287584
          ],
          [
            19.891207,
            45.287409
          ],
          [
            19.89131,
            45.28735
          ],
          [
            19.891554,
            45.28722
          ],
          [
            19.891902,
            45.287076
          ],
          [
            19.892369,
            45.286896
          ],
          [
            19.892578,
            45.286807
          ],
          [
            19.89298,
            45.286614
          ],
          [
            19.893135,
            45.286605
          ],
          [
            19.894618,
            45.285837
          ],
          [
            19.895948,
            45.285206
          ],
          [
            19.89643,
            45.284969
          ],
          [
            19.896696,
            45.284838
          ],
          [
            19.897768,
            45.284332
          ],
          [
            19.898351,
            45.284059
          ],
          [
            19.898807,
            45.283857
          ],
          [
            19.89987,
            45.283397
          ],
          [
            19.900647,
            45.283061
          ],
          [
            19.901503,
            45.282695
          ],
          [
            19.902683,
            45.282192
          ],
          [
            19.903196,
            45.281986
          ],
          [
            19.903826,
            45.281732
          ],
          [
            19.904461,
            45.281481
          ],
          [
            19.905145,
            45.281217
          ],
          [
            19.905856,
            45.280949
          ],
          [
            19.90691,
            45.280558
          ],
          [
            19.907803,
            45.280241
          ],
          [
            19.908541,
            45.279986
          ],
          [
            19.909109,
            45.279797
          ],
          [
            19.909115,
            45.279796
          ],
          [
            19.909579,
            45.279643
          ],
          [
            19.909957,
            45.279516
          ],
          [
            19.910869,
            45.279211
          ],
          [
            19.9123,
            45.27875
          ],
          [
            19.912481,
            45.278692
          ],
          [
            19.913296,
            45.278452
          ],
          [
            19.914165,
            45.278191
          ],
          [
            19.915363,
            45.277845
          ],
          [
            19.916205,
            45.277605
          ],
          [
            19.916448,
            45.277537
          ],
          [
            19.91685,
            45.277422
          ],
          [
            19.917365,
            45.277276
          ],
          [
            19.919482,
            45.276706
          ],
          [
            19.920538,
            45.276448
          ],
          [
            19.921503,
            45.27622
          ],
          [
            19.923268,
            45.275806
          ],
          [
            19.923585,
            45.275732
          ],
          [
            19.925128,
            45.275384
          ],
          [
            19.925868,
            45.275217
          ],
          [
            19.927759,
            45.274781
          ],
          [
            19.929089,
            45.274479
          ],
          [
            19.931096,
            45.274022
          ],
          [
            19.933544,
            45.273465
          ],
          [
            19.935205,
            45.273082
          ],
          [
            19.937756,
            45.272499
          ],
          [
            19.938533,
            45.272321
          ],
          [
            19.939053,
            45.272203
          ],
          [
            19.939783,
            45.272036
          ],
          [
            19.940703,
            45.271829
          ],
          [
            19.943356,
            45.271223
          ],
          [
            19.944971,
            45.270849
          ],
          [
            19.945665,
            45.270694
          ],
          [
            19.947237,
            45.270337
          ],
          [
            19.948551,
            45.270034
          ],
          [
            19.95078,
            45.269522
          ],
          [
            19.953106,
            45.268988
          ],
          [
            19.953741,
            45.268844
          ],
          [
            19.955686,
            45.268401
          ],
          [
            19.957655,
            45.267951
          ],
          [
            19.959637,
            45.267498
          ],
          [
            19.96148,
            45.267077
          ],
          [
            19.96284,
            45.266764
          ],
          [
            19.963231,
            45.266677
          ],
          [
            19.966442,
            45.265943
          ],
          [
            19.968647,
            45.265439
          ],
          [
            19.96988,
            45.265158
          ],
          [
            19.971455,
            45.264795
          ],
          [
            19.973102,
            45.264421
          ],
          [
            19.974698,
            45.264055
          ],
          [
            19.976237,
            45.263704
          ],
          [
            19.978002,
            45.263296
          ],
          [
            19.979424,
            45.262975
          ],
          [
            19.980582,
            45.262707
          ],
          [
            19.982009,
            45.262382
          ],
          [
            19.983983,
            45.261929
          ],
          [
            19.986325,
            45.261393
          ],
          [
            19.98765,
            45.261089
          ],
          [
            19.989401,
            45.260683
          ],
          [
            19.991129,
            45.260277
          ],
          [
            19.992851,
            45.25986
          ],
          [
            19.993481,
            45.259698
          ],
          [
            19.99407,
            45.259546
          ],
          [
            19.995672,
            45.259129
          ],
          [
            19.997528,
            45.258619
          ],
          [
            19.997891,
            45.25852
          ],
          [
            19.998064,
            45.25847
          ],
          [
            19.998746,
            45.258274
          ],
          [
            19.999647,
            45.258012
          ],
          [
            20.00138,
            45.257487
          ],
          [
            20.00299,
            45.256983
          ],
          [
            20.004033,
            45.256641
          ],
          [
            20.005605,
            45.256118
          ],
          [
            20.006278,
            45.25589
          ],
          [
            20.006948,
            45.255652
          ],
          [
            20.008909,
            45.254951
          ],
          [
            20.010038,
            45.254532
          ],
          [
            20.011251,
            45.254071
          ],
          [
            20.012383,
            45.253629
          ],
          [
            20.013179,
            45.253312
          ],
          [
            20.013965,
            45.252995
          ],
          [
            20.014778,
            45.252665
          ],
          [
            20.016347,
            45.252006
          ],
          [
            20.017127,
            45.251675
          ],
          [
            20.018286,
            45.251161
          ],
          [
            20.019869,
            45.250453
          ],
          [
            20.021009,
            45.249923
          ],
          [
            20.022331,
            45.249294
          ],
          [
            20.023146,
            45.248901
          ],
          [
            20.02442,
            45.24827
          ],
          [
            20.026703,
            45.247102
          ],
          [
            20.027341,
            45.246765
          ],
          [
            20.028374,
            45.24621
          ],
          [
            20.029889,
            45.245368
          ],
          [
            20.031118,
            45.244669
          ],
          [
            20.032522,
            45.243853
          ],
          [
            20.033307,
            45.243376
          ],
          [
            20.033776,
            45.24309
          ],
          [
            20.034315,
            45.242762
          ],
          [
            20.035184,
            45.242224
          ],
          [
            20.03588,
            45.241791
          ],
          [
            20.037203,
            45.240939
          ],
          [
            20.038161,
            45.240312
          ],
          [
            20.038818,
            45.239868
          ],
          [
            20.038995,
            45.239749
          ],
          [
            20.039461,
            45.239433
          ],
          [
            20.040406,
            45.238773
          ],
          [
            20.040974,
            45.238372
          ],
          [
            20.041786,
            45.23777
          ],
          [
            20.042246,
            45.237449
          ],
          [
            20.042871,
            45.23699
          ],
          [
            20.043244,
            45.236711
          ],
          [
            20.043798,
            45.236292
          ],
          [
            20.044439,
            45.235802
          ],
          [
            20.044743,
            45.235567
          ],
          [
            20.045207,
            45.235202
          ],
          [
            20.045838,
            45.234703
          ],
          [
            20.046196,
            45.234424
          ],
          [
            20.046573,
            45.234119
          ],
          [
            20.04707,
            45.233709
          ],
          [
            20.047668,
            45.233216
          ],
          [
            20.04812,
            45.232841
          ],
          [
            20.048582,
            45.232448
          ],
          [
            20.049103,
            45.232005
          ],
          [
            20.049708,
            45.231483
          ],
          [
            20.050162,
            45.231084
          ],
          [
            20.050662,
            45.230639
          ],
          [
            20.051155,
            45.230194
          ],
          [
            20.05158,
            45.22981
          ],
          [
            20.052093,
            45.229334
          ],
          [
            20.052421,
            45.229026
          ],
          [
            20.052482,
            45.228969
          ],
          [
            20.052718,
            45.228745
          ],
          [
            20.05284,
            45.22863
          ],
          [
            20.053211,
            45.228272
          ],
          [
            20.05362,
            45.227866
          ],
          [
            20.054043,
            45.227446
          ],
          [
            20.054313,
            45.22718
          ],
          [
            20.054477,
            45.227019
          ],
          [
            20.054917,
            45.226568
          ],
          [
            20.055478,
            45.226001
          ],
          [
            20.055958,
            45.225498
          ],
          [
            20.056306,
            45.225136
          ],
          [
            20.056795,
            45.224616
          ],
          [
            20.057213,
            45.224172
          ],
          [
            20.057633,
            45.223716
          ],
          [
            20.057925,
            45.223401
          ],
          [
            20.05835,
            45.222931
          ],
          [
            20.058844,
            45.222379
          ],
          [
            20.059211,
            45.221964
          ],
          [
            20.059622,
            45.221493
          ],
          [
            20.059945,
            45.221111
          ],
          [
            20.060383,
            45.220587
          ],
          [
            20.060641,
            45.220275
          ],
          [
            20.060911,
            45.219952
          ],
          [
            20.06122,
            45.219572
          ],
          [
            20.061297,
            45.219478
          ],
          [
            20.062065,
            45.21851
          ],
          [
            20.062506,
            45.217948
          ],
          [
            20.062907,
            45.217417
          ],
          [
            20.063326,
            45.216869
          ],
          [
            20.063672,
            45.216402
          ],
          [
            20.064094,
            45.21581
          ],
          [
            20.064372,
            45.215427
          ],
          [
            20.064601,
            45.215096
          ],
          [
            20.065486,
            45.213817
          ],
          [
            20.065749,
            45.213421
          ],
          [
            20.066044,
            45.212983
          ],
          [
            20.066334,
            45.212534
          ],
          [
            20.06673,
            45.211921
          ],
          [
            20.066956,
            45.211566
          ],
          [
            20.067342,
            45.210945
          ],
          [
            20.067702,
            45.210356
          ],
          [
            20.068056,
            45.209767
          ],
          [
            20.068372,
            45.209222
          ],
          [
            20.068672,
            45.208704
          ],
          [
            20.068818,
            45.208453
          ],
          [
            20.069004,
            45.208117
          ],
          [
            20.069467,
            45.207279
          ],
          [
            20.069728,
            45.206798
          ],
          [
            20.069995,
            45.206304
          ],
          [
            20.070465,
            45.205383
          ],
          [
            20.071052,
            45.204203
          ],
          [
            20.071394,
            45.203499
          ],
          [
            20.071667,
            45.202901
          ],
          [
            20.072067,
            45.202024
          ],
          [
            20.072359,
            45.201351
          ],
          [
            20.072665,
            45.200662
          ],
          [
            20.072923,
            45.200038
          ],
          [
            20.07321,
            45.199314
          ],
          [
            20.073609,
            45.198261
          ],
          [
            20.074068,
            45.197014
          ],
          [
            20.074409,
            45.196054
          ],
          [
            20.074725,
            45.195101
          ],
          [
            20.075042,
            45.19409
          ],
          [
            20.07546,
            45.192648
          ],
          [
            20.075698,
            45.191805
          ],
          [
            20.076007,
            45.190621
          ],
          [
            20.076249,
            45.189623
          ],
          [
            20.07645,
            45.188714
          ],
          [
            20.076579,
            45.188137
          ],
          [
            20.076711,
            45.187466
          ],
          [
            20.076836,
            45.186812
          ],
          [
            20.07694,
            45.186169
          ],
          [
            20.077119,
            45.185057
          ],
          [
            20.077348,
            45.183648
          ],
          [
            20.077619,
            45.181995
          ],
          [
            20.077839,
            45.180632
          ],
          [
            20.078059,
            45.179254
          ],
          [
            20.078327,
            45.177588
          ],
          [
            20.078362,
            45.177371
          ],
          [
            20.078711,
            45.175221
          ],
          [
            20.078976,
            45.173572
          ],
          [
            20.079269,
            45.171774
          ],
          [
            20.079748,
            45.168855
          ],
          [
            20.079946,
            45.167653
          ],
          [
            20.080143,
            45.166451
          ],
          [
            20.080365,
            45.165239
          ],
          [
            20.080542,
            45.164188
          ],
          [
            20.080701,
            45.163228
          ],
          [
            20.080823,
            45.162492
          ],
          [
            20.08096,
            45.161644
          ],
          [
            20.081109,
            45.160737
          ],
          [
            20.081297,
            45.159589
          ],
          [
            20.081452,
            45.158632
          ],
          [
            20.081612,
            45.157673
          ],
          [
            20.081798,
            45.156532
          ],
          [
            20.08196,
            45.155549
          ],
          [
            20.082084,
            45.154785
          ],
          [
            20.082132,
            45.154544
          ],
          [
            20.082248,
            45.153965
          ],
          [
            20.082319,
            45.153608
          ],
          [
            20.082428,
            45.152963
          ],
          [
            20.082521,
            45.152452
          ],
          [
            20.082766,
            45.151189
          ],
          [
            20.082925,
            45.150468
          ],
          [
            20.083406,
            45.148357
          ],
          [
            20.083553,
            45.147778
          ],
          [
            20.083998,
            45.145891
          ],
          [
            20.084365,
            45.14461
          ],
          [
            20.084703,
            45.143505
          ],
          [
            20.085125,
            45.142229
          ],
          [
            20.085341,
            45.141575
          ],
          [
            20.085736,
            45.140404
          ],
          [
            20.086307,
            45.138832
          ],
          [
            20.086715,
            45.137767
          ],
          [
            20.086956,
            45.137151
          ],
          [
            20.087181,
            45.136592
          ],
          [
            20.087525,
            45.135765
          ],
          [
            20.087601,
            45.135591
          ],
          [
            20.087889,
            45.134929
          ],
          [
            20.088522,
            45.133517
          ],
          [
            20.088617,
            45.133305
          ],
          [
            20.088807,
            45.132885
          ],
          [
            20.088917,
            45.132639
          ],
          [
            20.089287,
            45.13186
          ],
          [
            20.089652,
            45.131099
          ],
          [
            20.09011,
            45.130181
          ],
          [
            20.090528,
            45.129354
          ],
          [
            20.090673,
            45.129073
          ],
          [
            20.09073,
            45.128967
          ],
          [
            20.091006,
            45.128456
          ],
          [
            20.091404,
            45.12773
          ],
          [
            20.091725,
            45.12714
          ],
          [
            20.092058,
            45.126539
          ],
          [
            20.092417,
            45.125916
          ],
          [
            20.092948,
            45.12504
          ],
          [
            20.093353,
            45.124355
          ],
          [
            20.093992,
            45.12331
          ],
          [
            20.09467,
            45.122227
          ],
          [
            20.095252,
            45.121319
          ],
          [
            20.095703,
            45.120628
          ],
          [
            20.096094,
            45.120036
          ],
          [
            20.096503,
            45.11944
          ],
          [
            20.096876,
            45.118902
          ],
          [
            20.097204,
            45.118443
          ],
          [
            20.097655,
            45.117811
          ],
          [
            20.098245,
            45.116975
          ],
          [
            20.098796,
            45.116214
          ],
          [
            20.099514,
            45.11527
          ],
          [
            20.100201,
            45.114382
          ],
          [
            20.100863,
            45.11354
          ],
          [
            20.101392,
            45.112887
          ],
          [
            20.102119,
            45.111994
          ],
          [
            20.102676,
            45.111331
          ],
          [
            20.103366,
            45.110517
          ],
          [
            20.104095,
            45.109673
          ],
          [
            20.104718,
            45.108969
          ],
          [
            20.105166,
            45.108477
          ],
          [
            20.105683,
            45.107908
          ],
          [
            20.106745,
            45.10675
          ],
          [
            20.107808,
            45.105648
          ],
          [
            20.108781,
            45.10465
          ],
          [
            20.109825,
            45.103602
          ],
          [
            20.110624,
            45.102824
          ],
          [
            20.111614,
            45.101882
          ],
          [
            20.111705,
            45.101796
          ],
          [
            20.11207,
            45.101443
          ],
          [
            20.112378,
            45.101146
          ],
          [
            20.113872,
            45.099781
          ],
          [
            20.114843,
            45.098916
          ],
          [
            20.11623,
            45.097723
          ],
          [
            20.1173,
            45.096824
          ],
          [
            20.117992,
            45.096237
          ],
          [
            20.118499,
            45.095826
          ],
          [
            20.119401,
            45.095089
          ],
          [
            20.120057,
            45.094569
          ],
          [
            20.120496,
            45.094222
          ],
          [
            20.121347,
            45.093552
          ],
          [
            20.121881,
            45.093131
          ],
          [
            20.122184,
            45.092893
          ],
          [
            20.122506,
            45.092643
          ],
          [
            20.123598,
            45.091789
          ],
          [
            20.124483,
            45.091098
          ],
          [
            20.125498,
            45.090314
          ],
          [
            20.126065,
            45.089863
          ],
          [
            20.126804,
            45.089279
          ],
          [
            20.127675,
            45.0886
          ],
          [
            20.127786,
            45.088513
          ],
          [
            20.128234,
            45.088163
          ],
          [
            20.128272,
            45.088133
          ],
          [
            20.129177,
            45.087428
          ],
          [
            20.130118,
            45.086682
          ],
          [
            20.131129,
            45.085894
          ],
          [
            20.131795,
            45.085375
          ],
          [
            20.132916,
            45.084493
          ],
          [
            20.133584,
            45.083976
          ],
          [
            20.134337,
            45.083381
          ],
          [
            20.135432,
            45.082532
          ],
          [
            20.136472,
            45.081716
          ],
          [
            20.137465,
            45.080941
          ],
          [
            20.137674,
            45.080779
          ],
          [
            20.138792,
            45.079902
          ],
          [
            20.139997,
            45.07896
          ],
          [
            20.141485,
            45.07779
          ],
          [
            20.143451,
            45.07629
          ],
          [
            20.144436,
            45.075528
          ],
          [
            20.145595,
            45.074619
          ],
          [
            20.146174,
            45.074163
          ],
          [
            20.146724,
            45.073729
          ],
          [
            20.147567,
            45.073065
          ],
          [
            20.147751,
            45.07292
          ],
          [
            20.148644,
            45.072233
          ],
          [
            20.149209,
            45.07178
          ],
          [
            20.150153,
            45.07104
          ],
          [
            20.150444,
            45.070812
          ],
          [
            20.151139,
            45.070285
          ],
          [
            20.15175,
            45.069804
          ],
          [
            20.152367,
            45.069317
          ],
          [
            20.153044,
            45.068782
          ],
          [
            20.153692,
            45.068269
          ],
          [
            20.154431,
            45.067693
          ],
          [
            20.155141,
            45.067141
          ],
          [
            20.155981,
            45.066489
          ],
          [
            20.156079,
            45.066413
          ],
          [
            20.156838,
            45.065824
          ],
          [
            20.157632,
            45.065199
          ],
          [
            20.157853,
            45.065021
          ],
          [
            20.158582,
            45.064441
          ],
          [
            20.159794,
            45.06345
          ],
          [
            20.160642,
            45.062778
          ],
          [
            20.161053,
            45.062433
          ],
          [
            20.162235,
            45.06145
          ],
          [
            20.163028,
            45.060764
          ],
          [
            20.164222,
            45.059718
          ],
          [
            20.165145,
            45.058907
          ],
          [
            20.166237,
            45.057892
          ],
          [
            20.167197,
            45.056986
          ],
          [
            20.168273,
            45.05595
          ],
          [
            20.16975,
            45.054498
          ],
          [
            20.169915,
            45.054337
          ],
          [
            20.170544,
            45.053685
          ],
          [
            20.171156,
            45.053052
          ],
          [
            20.171682,
            45.052503
          ],
          [
            20.172159,
            45.051993
          ],
          [
            20.172602,
            45.051519
          ],
          [
            20.17317,
            45.050907
          ],
          [
            20.173538,
            45.050496
          ],
          [
            20.174082,
            45.049894
          ],
          [
            20.174855,
            45.049005
          ],
          [
            20.175574,
            45.048162
          ],
          [
            20.175947,
            45.047721
          ],
          [
            20.176051,
            45.047599
          ],
          [
            20.176413,
            45.047168
          ],
          [
            20.17681,
            45.046695
          ],
          [
            20.177271,
            45.046117
          ],
          [
            20.178572,
            45.044478
          ],
          [
            20.179267,
            45.04357
          ],
          [
            20.179879,
            45.042751
          ],
          [
            20.180407,
            45.04204
          ],
          [
            20.181037,
            45.041176
          ],
          [
            20.181541,
            45.040456
          ],
          [
            20.181944,
            45.039884
          ],
          [
            20.182392,
            45.03923
          ],
          [
            20.183178,
            45.038051
          ],
          [
            20.183542,
            45.037482
          ],
          [
            20.184116,
            45.036595
          ],
          [
            20.184645,
            45.035771
          ],
          [
            20.185132,
            45.034973
          ],
          [
            20.18523,
            45.034808
          ],
          [
            20.185715,
            45.033998
          ],
          [
            20.186184,
            45.033174
          ],
          [
            20.186927,
            45.031879
          ],
          [
            20.187603,
            45.030691
          ],
          [
            20.188082,
            45.029855
          ],
          [
            20.188413,
            45.029277
          ],
          [
            20.189087,
            45.028083
          ],
          [
            20.189156,
            45.027959
          ],
          [
            20.189361,
            45.027595
          ],
          [
            20.189677,
            45.027034
          ],
          [
            20.190353,
            45.02584
          ],
          [
            20.190843,
            45.024979
          ],
          [
            20.19164,
            45.023565
          ],
          [
            20.192233,
            45.022505
          ],
          [
            20.19286,
            45.021415
          ],
          [
            20.192957,
            45.021242
          ],
          [
            20.193652,
            45.020021
          ],
          [
            20.194357,
            45.01876
          ],
          [
            20.194934,
            45.017752
          ],
          [
            20.195548,
            45.016669
          ],
          [
            20.196055,
            45.015761
          ],
          [
            20.196497,
            45.014978
          ],
          [
            20.197063,
            45.013979
          ],
          [
            20.197593,
            45.013054
          ],
          [
            20.19795,
            45.01243
          ],
          [
            20.198839,
            45.010861
          ],
          [
            20.199977,
            45.008838
          ],
          [
            20.200903,
            45.007219
          ],
          [
            20.201128,
            45.006825
          ],
          [
            20.201321,
            45.006478
          ],
          [
            20.201633,
            45.005937
          ],
          [
            20.201913,
            45.005422
          ],
          [
            20.20202,
            45.005228
          ],
          [
            20.202142,
            45.005003
          ],
          [
            20.202288,
            45.004758
          ],
          [
            20.202389,
            45.004588
          ],
          [
            20.202459,
            45.004461
          ],
          [
            20.202791,
            45.00386
          ],
          [
            20.20311,
            45.003298
          ],
          [
            20.203364,
            45.002835
          ],
          [
            20.20354,
            45.002528
          ],
          [
            20.203801,
            45.002076
          ],
          [
            20.203953,
            45.001819
          ],
          [
            20.204061,
            45.001628
          ],
          [
            20.204214,
            45.001366
          ],
          [
            20.204414,
            45.001033
          ],
          [
            20.204586,
            45.00074
          ],
          [
            20.204776,
            45.000421
          ],
          [
            20.205019,
            45.000006
          ],
          [
            20.205323,
            44.999506
          ],
          [
            20.205499,
            44.999234
          ],
          [
            20.205697,
            44.998913
          ],
          [
            20.20603,
            44.998376
          ],
          [
            20.206124,
            44.998232
          ],
          [
            20.206432,
            44.997747
          ],
          [
            20.206646,
            44.997414
          ],
          [
            20.207013,
            44.996859
          ],
          [
            20.207229,
            44.996535
          ],
          [
            20.207316,
            44.996404
          ],
          [
            20.207516,
            44.99612
          ],
          [
            20.207727,
            44.995809
          ],
          [
            20.207906,
            44.995557
          ],
          [
            20.208121,
            44.995261
          ],
          [
            20.208326,
            44.994973
          ],
          [
            20.208525,
            44.994683
          ],
          [
            20.208751,
            44.994365
          ],
          [
            20.208898,
            44.994171
          ],
          [
            20.209041,
            44.993981
          ],
          [
            20.209321,
            44.993598
          ],
          [
            20.209457,
            44.993403
          ],
          [
            20.209639,
            44.993159
          ],
          [
            20.209917,
            44.992797
          ],
          [
            20.210128,
            44.992522
          ],
          [
            20.210297,
            44.992296
          ],
          [
            20.210426,
            44.992117
          ],
          [
            20.210507,
            44.992005
          ],
          [
            20.211,
            44.991384
          ],
          [
            20.211118,
            44.991235
          ],
          [
            20.211229,
            44.991098
          ],
          [
            20.211342,
            44.990957
          ],
          [
            20.211561,
            44.990682
          ],
          [
            20.211789,
            44.990392
          ],
          [
            20.212038,
            44.990092
          ],
          [
            20.212247,
            44.989835
          ],
          [
            20.212459,
            44.989574
          ],
          [
            20.212711,
            44.989274
          ],
          [
            20.212981,
            44.988957
          ],
          [
            20.213305,
            44.988579
          ],
          [
            20.213656,
            44.988172
          ],
          [
            20.214022,
            44.987751
          ],
          [
            20.214303,
            44.987439
          ],
          [
            20.21464,
            44.987069
          ],
          [
            20.214891,
            44.98679
          ],
          [
            20.21538,
            44.986244
          ],
          [
            20.215637,
            44.985959
          ],
          [
            20.215732,
            44.985854
          ],
          [
            20.21599,
            44.985581
          ],
          [
            20.216256,
            44.985296
          ],
          [
            20.216497,
            44.985039
          ],
          [
            20.216745,
            44.984776
          ],
          [
            20.217026,
            44.984492
          ],
          [
            20.217277,
            44.984236
          ],
          [
            20.217533,
            44.983964
          ],
          [
            20.217786,
            44.98371
          ],
          [
            20.218073,
            44.983426
          ],
          [
            20.218328,
            44.983172
          ],
          [
            20.218596,
            44.982899
          ],
          [
            20.218867,
            44.982631
          ],
          [
            20.219406,
            44.982102
          ],
          [
            20.219685,
            44.981834
          ],
          [
            20.219935,
            44.981592
          ],
          [
            20.220077,
            44.981451
          ],
          [
            20.220354,
            44.981187
          ],
          [
            20.220556,
            44.981005
          ],
          [
            20.220895,
            44.980692
          ],
          [
            20.221214,
            44.980391
          ],
          [
            20.221539,
            44.980096
          ],
          [
            20.221752,
            44.979908
          ],
          [
            20.222042,
            44.979641
          ],
          [
            20.222481,
            44.979253
          ],
          [
            20.222782,
            44.978986
          ],
          [
            20.223057,
            44.978747
          ],
          [
            20.223357,
            44.978481
          ],
          [
            20.223792,
            44.978109
          ],
          [
            20.224105,
            44.977842
          ],
          [
            20.224716,
            44.977321
          ],
          [
            20.22531,
            44.976819
          ],
          [
            20.226062,
            44.976198
          ],
          [
            20.226668,
            44.975712
          ],
          [
            20.227296,
            44.975215
          ],
          [
            20.227928,
            44.974718
          ],
          [
            20.228565,
            44.974231
          ],
          [
            20.229029,
            44.973875
          ],
          [
            20.229604,
            44.973436
          ],
          [
            20.2301,
            44.973066
          ],
          [
            20.230537,
            44.972742
          ],
          [
            20.231098,
            44.972334
          ],
          [
            20.231612,
            44.97197
          ],
          [
            20.231884,
            44.971772
          ],
          [
            20.232088,
            44.971632
          ],
          [
            20.232477,
            44.971359
          ],
          [
            20.232915,
            44.97105
          ],
          [
            20.233246,
            44.970822
          ],
          [
            20.233563,
            44.970607
          ],
          [
            20.233922,
            44.970356
          ],
          [
            20.234417,
            44.970017
          ],
          [
            20.234628,
            44.969877
          ],
          [
            20.235042,
            44.969598
          ],
          [
            20.235402,
            44.969364
          ],
          [
            20.235702,
            44.969172
          ],
          [
            20.236084,
            44.968924
          ],
          [
            20.2363,
            44.968775
          ],
          [
            20.23674,
            44.968495
          ],
          [
            20.237266,
            44.968154
          ],
          [
            20.237679,
            44.967899
          ],
          [
            20.238103,
            44.967638
          ],
          [
            20.238341,
            44.967486
          ],
          [
            20.238738,
            44.967241
          ],
          [
            20.239224,
            44.966946
          ],
          [
            20.239607,
            44.966713
          ],
          [
            20.240027,
            44.966457
          ],
          [
            20.240315,
            44.966283
          ],
          [
            20.240596,
            44.966123
          ],
          [
            20.241195,
            44.965766
          ],
          [
            20.241716,
            44.965464
          ],
          [
            20.242421,
            44.96506
          ],
          [
            20.242927,
            44.964774
          ],
          [
            20.24347,
            44.964467
          ],
          [
            20.244056,
            44.964143
          ],
          [
            20.244429,
            44.963931
          ],
          [
            20.244926,
            44.963656
          ],
          [
            20.245286,
            44.963458
          ],
          [
            20.245845,
            44.963145
          ],
          [
            20.246338,
            44.962877
          ],
          [
            20.246729,
            44.962654
          ],
          [
            20.247693,
            44.962127
          ],
          [
            20.248189,
            44.96185
          ],
          [
            20.248801,
            44.961516
          ],
          [
            20.24927,
            44.961256
          ],
          [
            20.25016,
            44.960766
          ],
          [
            20.251243,
            44.960164
          ],
          [
            20.251787,
            44.959868
          ],
          [
            20.252322,
            44.959575
          ],
          [
            20.252833,
            44.959293
          ],
          [
            20.253366,
            44.959002
          ],
          [
            20.253763,
            44.958784
          ],
          [
            20.254323,
            44.958474
          ],
          [
            20.25475,
            44.958243
          ],
          [
            20.255191,
            44.957989
          ],
          [
            20.255554,
            44.957795
          ],
          [
            20.255927,
            44.957583
          ],
          [
            20.256288,
            44.957389
          ],
          [
            20.256814,
            44.957095
          ],
          [
            20.25735,
            44.956801
          ],
          [
            20.257718,
            44.956596
          ],
          [
            20.258422,
            44.956206
          ],
          [
            20.258777,
            44.95601
          ],
          [
            20.25913,
            44.955816
          ],
          [
            20.259529,
            44.955592
          ],
          [
            20.260036,
            44.955312
          ],
          [
            20.260577,
            44.955016
          ],
          [
            20.261116,
            44.954722
          ],
          [
            20.26166,
            44.954416
          ],
          [
            20.262194,
            44.954126
          ],
          [
            20.262724,
            44.953831
          ],
          [
            20.263457,
            44.953426
          ],
          [
            20.264154,
            44.95305
          ],
          [
            20.264513,
            44.952843
          ],
          [
            20.265056,
            44.952544
          ],
          [
            20.26563,
            44.952229
          ],
          [
            20.266118,
            44.951962
          ],
          [
            20.266547,
            44.951724
          ],
          [
            20.267007,
            44.951472
          ],
          [
            20.267284,
            44.951319
          ],
          [
            20.267623,
            44.95113
          ],
          [
            20.268114,
            44.950856
          ],
          [
            20.268829,
            44.950455
          ],
          [
            20.269372,
            44.95016
          ],
          [
            20.270117,
            44.949743
          ],
          [
            20.27064,
            44.949454
          ],
          [
            20.271189,
            44.949153
          ],
          [
            20.271882,
            44.948771
          ],
          [
            20.27284,
            44.948242
          ],
          [
            20.273476,
            44.947895
          ],
          [
            20.274029,
            44.947594
          ],
          [
            20.274561,
            44.947295
          ],
          [
            20.274936,
            44.947088
          ],
          [
            20.275459,
            44.9468
          ],
          [
            20.275818,
            44.946607
          ],
          [
            20.276366,
            44.946297
          ],
          [
            20.277473,
            44.945684
          ],
          [
            20.277787,
            44.945512
          ],
          [
            20.278215,
            44.945277
          ],
          [
            20.279095,
            44.944786
          ],
          [
            20.279734,
            44.944436
          ],
          [
            20.280042,
            44.944264
          ],
          [
            20.280213,
            44.944169
          ],
          [
            20.280866,
            44.943806
          ],
          [
            20.281434,
            44.943492
          ],
          [
            20.281684,
            44.943351
          ],
          [
            20.282317,
            44.943007
          ],
          [
            20.282531,
            44.942886
          ],
          [
            20.283577,
            44.942315
          ],
          [
            20.283796,
            44.942195
          ],
          [
            20.284132,
            44.942011
          ],
          [
            20.28456,
            44.941772
          ],
          [
            20.284839,
            44.941613
          ],
          [
            20.285342,
            44.941326
          ],
          [
            20.285571,
            44.941203
          ],
          [
            20.28579,
            44.94108
          ],
          [
            20.286449,
            44.940703
          ],
          [
            20.286591,
            44.940618
          ],
          [
            20.28751,
            44.940075
          ],
          [
            20.287657,
            44.939984
          ],
          [
            20.287882,
            44.939845
          ],
          [
            20.288186,
            44.939657
          ],
          [
            20.288499,
            44.939463
          ],
          [
            20.289011,
            44.939133
          ],
          [
            20.289449,
            44.938845
          ],
          [
            20.289864,
            44.938564
          ],
          [
            20.290297,
            44.938259
          ],
          [
            20.29082,
            44.937894
          ],
          [
            20.291411,
            44.937459
          ],
          [
            20.291988,
            44.937024
          ],
          [
            20.292298,
            44.936785
          ],
          [
            20.292609,
            44.936539
          ],
          [
            20.293155,
            44.936092
          ],
          [
            20.293481,
            44.935821
          ],
          [
            20.293803,
            44.935551
          ],
          [
            20.294358,
            44.935056
          ],
          [
            20.29492,
            44.934548
          ],
          [
            20.295421,
            44.934076
          ],
          [
            20.295688,
            44.933819
          ],
          [
            20.29592,
            44.933592
          ],
          [
            20.296367,
            44.933137
          ],
          [
            20.296804,
            44.932687
          ],
          [
            20.297029,
            44.93245
          ],
          [
            20.297288,
            44.932163
          ],
          [
            20.297627,
            44.931782
          ],
          [
            20.298023,
            44.93132
          ],
          [
            20.298459,
            44.930807
          ],
          [
            20.298609,
            44.930629
          ],
          [
            20.298833,
            44.930342
          ],
          [
            20.299111,
            44.929988
          ],
          [
            20.299256,
            44.929798
          ],
          [
            20.299602,
            44.929337
          ],
          [
            20.299813,
            44.929049
          ],
          [
            20.300015,
            44.928765
          ],
          [
            20.300406,
            44.928203
          ],
          [
            20.300811,
            44.92759
          ],
          [
            20.301089,
            44.927151
          ],
          [
            20.301266,
            44.926865
          ],
          [
            20.301426,
            44.926595
          ],
          [
            20.301688,
            44.926142
          ],
          [
            20.301935,
            44.925702
          ],
          [
            20.301964,
            44.925647
          ],
          [
            20.302002,
            44.925576
          ],
          [
            20.302103,
            44.925385
          ],
          [
            20.302269,
            44.925069
          ],
          [
            20.302422,
            44.924784
          ],
          [
            20.30266,
            44.924283
          ],
          [
            20.302787,
            44.924019
          ],
          [
            20.302861,
            44.923859
          ],
          [
            20.303053,
            44.923418
          ],
          [
            20.303224,
            44.923029
          ],
          [
            20.303426,
            44.922565
          ],
          [
            20.303607,
            44.922111
          ],
          [
            20.303761,
            44.921675
          ],
          [
            20.303891,
            44.921304
          ],
          [
            20.304048,
            44.920841
          ],
          [
            20.3042,
            44.920373
          ],
          [
            20.304389,
            44.919761
          ],
          [
            20.304529,
            44.919238
          ],
          [
            20.304624,
            44.918878
          ],
          [
            20.304708,
            44.918523
          ],
          [
            20.304848,
            44.917858
          ],
          [
            20.304936,
            44.917434
          ],
          [
            20.304984,
            44.917185
          ],
          [
            20.30503,
            44.916924
          ],
          [
            20.305067,
            44.916695
          ],
          [
            20.305084,
            44.916589
          ],
          [
            20.305108,
            44.916438
          ],
          [
            20.305157,
            44.916103
          ],
          [
            20.305201,
            44.915755
          ],
          [
            20.305273,
            44.914953
          ],
          [
            20.305324,
            44.914322
          ],
          [
            20.305347,
            44.913979
          ],
          [
            20.305359,
            44.913633
          ],
          [
            20.305371,
            44.913324
          ],
          [
            20.305375,
            44.912823
          ],
          [
            20.305371,
            44.912316
          ],
          [
            20.305369,
            44.912034
          ],
          [
            20.305363,
            44.911741
          ],
          [
            20.305351,
            44.911403
          ],
          [
            20.305336,
            44.911097
          ],
          [
            20.30531,
            44.910749
          ],
          [
            20.305297,
            44.910581
          ],
          [
            20.305277,
            44.910389
          ],
          [
            20.30524,
            44.910077
          ],
          [
            20.305206,
            44.909777
          ],
          [
            20.30516,
            44.909415
          ],
          [
            20.305107,
            44.909091
          ],
          [
            20.305067,
            44.908783
          ],
          [
            20.305007,
            44.908327
          ],
          [
            20.304947,
            44.907972
          ],
          [
            20.304916,
            44.907808
          ],
          [
            20.304843,
            44.907471
          ],
          [
            20.304778,
            44.907183
          ],
          [
            20.30465,
            44.906587
          ],
          [
            20.304591,
            44.906374
          ],
          [
            20.30446,
            44.905871
          ],
          [
            20.304298,
            44.905275
          ],
          [
            20.304235,
            44.905048
          ],
          [
            20.304141,
            44.904765
          ],
          [
            20.304025,
            44.904411
          ],
          [
            20.303882,
            44.904007
          ],
          [
            20.303734,
            44.903595
          ],
          [
            20.303481,
            44.902952
          ],
          [
            20.303272,
            44.902484
          ],
          [
            20.30305,
            44.902
          ],
          [
            20.302808,
            44.901507
          ],
          [
            20.302641,
            44.901174
          ],
          [
            20.302578,
            44.901053
          ],
          [
            20.302429,
            44.900767
          ],
          [
            20.302262,
            44.900464
          ],
          [
            20.302092,
            44.900166
          ],
          [
            20.301912,
            44.899861
          ],
          [
            20.30173,
            44.899561
          ],
          [
            20.30159,
            44.899336
          ],
          [
            20.301185,
            44.8987
          ],
          [
            20.300793,
            44.898067
          ],
          [
            20.300471,
            44.897547
          ],
          [
            20.300298,
            44.897289
          ],
          [
            20.299839,
            44.896553
          ],
          [
            20.299494,
            44.896016
          ],
          [
            20.299225,
            44.895589
          ],
          [
            20.299086,
            44.895362
          ],
          [
            20.299026,
            44.895265
          ],
          [
            20.29892,
            44.895097
          ],
          [
            20.298725,
            44.89479
          ],
          [
            20.298568,
            44.894535
          ],
          [
            20.298464,
            44.894372
          ],
          [
            20.298249,
            44.894037
          ],
          [
            20.298105,
            44.893806
          ],
          [
            20.297935,
            44.893535
          ],
          [
            20.297823,
            44.893358
          ],
          [
            20.297715,
            44.89319
          ],
          [
            20.297548,
            44.89293
          ],
          [
            20.297361,
            44.892642
          ],
          [
            20.297222,
            44.892432
          ],
          [
            20.297058,
            44.892199
          ],
          [
            20.296933,
            44.89203
          ],
          [
            20.296784,
            44.89184
          ],
          [
            20.296539,
            44.891538
          ],
          [
            20.296478,
            44.891464
          ],
          [
            20.296306,
            44.891272
          ],
          [
            20.296095,
            44.891051
          ],
          [
            20.295961,
            44.890916
          ],
          [
            20.295722,
            44.890688
          ],
          [
            20.295547,
            44.890533
          ],
          [
            20.295344,
            44.890356
          ],
          [
            20.295195,
            44.890231
          ],
          [
            20.295028,
            44.890107
          ],
          [
            20.29473,
            44.889884
          ],
          [
            20.294609,
            44.889795
          ],
          [
            20.294391,
            44.889652
          ],
          [
            20.294118,
            44.889479
          ],
          [
            20.293893,
            44.889342
          ],
          [
            20.293502,
            44.889115
          ],
          [
            20.293076,
            44.888883
          ],
          [
            20.292718,
            44.888709
          ],
          [
            20.292358,
            44.888548
          ],
          [
            20.292026,
            44.888413
          ],
          [
            20.291615,
            44.888255
          ],
          [
            20.290892,
            44.887995
          ],
          [
            20.290211,
            44.88777
          ],
          [
            20.289199,
            44.887435
          ],
          [
            20.288071,
            44.88707
          ],
          [
            20.287265,
            44.886805
          ],
          [
            20.285656,
            44.886272
          ],
          [
            20.285162,
            44.886111
          ],
          [
            20.283971,
            44.885721
          ],
          [
            20.283448,
            44.885555
          ],
          [
            20.282486,
            44.885238
          ],
          [
            20.281579,
            44.884945
          ],
          [
            20.281397,
            44.884889
          ],
          [
            20.280473,
            44.88459
          ],
          [
            20.279001,
            44.884101
          ],
          [
            20.278156,
            44.883832
          ],
          [
            20.277506,
            44.883614
          ],
          [
            20.276596,
            44.883289
          ],
          [
            20.275578,
            44.882905
          ],
          [
            20.27424,
            44.882368
          ],
          [
            20.274037,
            44.882282
          ],
          [
            20.273073,
            44.881873
          ],
          [
            20.272326,
            44.881544
          ],
          [
            20.271626,
            44.881222
          ],
          [
            20.271043,
            44.880943
          ],
          [
            20.270227,
            44.880529
          ],
          [
            20.269521,
            44.88016
          ],
          [
            20.268791,
            44.879773
          ],
          [
            20.268121,
            44.879401
          ],
          [
            20.267395,
            44.878976
          ],
          [
            20.266739,
            44.878586
          ],
          [
            20.266231,
            44.878276
          ],
          [
            20.265692,
            44.877935
          ],
          [
            20.265098,
            44.877542
          ],
          [
            20.264597,
            44.877204
          ],
          [
            20.264029,
            44.876812
          ],
          [
            20.263462,
            44.876409
          ],
          [
            20.262905,
            44.875999
          ],
          [
            20.262389,
            44.8756
          ],
          [
            20.261957,
            44.875265
          ],
          [
            20.261567,
            44.874954
          ],
          [
            20.261258,
            44.874698
          ],
          [
            20.260724,
            44.874251
          ],
          [
            20.260146,
            44.873739
          ],
          [
            20.259729,
            44.873365
          ],
          [
            20.259253,
            44.872919
          ],
          [
            20.258847,
            44.872528
          ],
          [
            20.258457,
            44.872144
          ],
          [
            20.258148,
            44.87183
          ],
          [
            20.257817,
            44.871492
          ],
          [
            20.257432,
            44.871084
          ],
          [
            20.257055,
            44.870675
          ],
          [
            20.256765,
            44.870349
          ],
          [
            20.256469,
            44.87001
          ],
          [
            20.256112,
            44.869589
          ],
          [
            20.255811,
            44.869223
          ],
          [
            20.255426,
            44.868735
          ],
          [
            20.25493,
            44.868091
          ],
          [
            20.254893,
            44.868042
          ],
          [
            20.254593,
            44.867635
          ],
          [
            20.254371,
            44.867319
          ],
          [
            20.254178,
            44.867035
          ],
          [
            20.253827,
            44.8665
          ],
          [
            20.253442,
            44.86593
          ],
          [
            20.253305,
            44.865709
          ],
          [
            20.253012,
            44.86523
          ],
          [
            20.252945,
            44.865123
          ],
          [
            20.252843,
            44.864947
          ],
          [
            20.252639,
            44.864595
          ],
          [
            20.252139,
            44.863674
          ],
          [
            20.251559,
            44.862478
          ],
          [
            20.251292,
            44.861882
          ],
          [
            20.251228,
            44.861715
          ],
          [
            20.251186,
            44.861619
          ],
          [
            20.250925,
            44.860978
          ],
          [
            20.250651,
            44.860261
          ],
          [
            20.25035,
            44.859392
          ],
          [
            20.250069,
            44.858447
          ],
          [
            20.249969,
            44.858114
          ],
          [
            20.249727,
            44.857161
          ],
          [
            20.249514,
            44.85619
          ],
          [
            20.249403,
            44.85559
          ],
          [
            20.249261,
            44.854796
          ],
          [
            20.249161,
            44.853955
          ],
          [
            20.24909,
            44.853161
          ],
          [
            20.249069,
            44.852818
          ],
          [
            20.249031,
            44.851981
          ],
          [
            20.249019,
            44.851226
          ],
          [
            20.249023,
            44.850728
          ],
          [
            20.249047,
            44.850071
          ],
          [
            20.249069,
            44.849725
          ],
          [
            20.249089,
            44.849371
          ],
          [
            20.249207,
            44.848165
          ],
          [
            20.249316,
            44.847174
          ],
          [
            20.249413,
            44.846371
          ],
          [
            20.249498,
            44.845706
          ],
          [
            20.249615,
            44.844716
          ],
          [
            20.249684,
            44.844028
          ],
          [
            20.249696,
            44.843909
          ],
          [
            20.249753,
            44.84347
          ],
          [
            20.24982,
            44.842899
          ],
          [
            20.249843,
            44.84268
          ],
          [
            20.24989,
            44.842232
          ],
          [
            20.249965,
            44.841557
          ],
          [
            20.249955,
            44.841222
          ],
          [
            20.249948,
            44.840877
          ],
          [
            20.249939,
            44.840544
          ],
          [
            20.249929,
            44.840361
          ],
          [
            20.249933,
            44.840158
          ],
          [
            20.249954,
            44.83979
          ],
          [
            20.249994,
            44.839437
          ],
          [
            20.250042,
            44.838982
          ],
          [
            20.25008,
            44.838503
          ],
          [
            20.250136,
            44.83797
          ],
          [
            20.250191,
            44.83749
          ],
          [
            20.250249,
            44.837047
          ],
          [
            20.250252,
            44.836996
          ],
          [
            20.250321,
            44.836378
          ],
          [
            20.250402,
            44.835699
          ],
          [
            20.250419,
            44.835519
          ],
          [
            20.250414,
            44.835393
          ],
          [
            20.250401,
            44.835293
          ],
          [
            20.250374,
            44.835195
          ],
          [
            20.250323,
            44.835095
          ],
          [
            20.250265,
            44.835021
          ],
          [
            20.250217,
            44.83497
          ],
          [
            20.250161,
            44.834924
          ],
          [
            20.250084,
            44.834877
          ],
          [
            20.25,
            44.83484
          ],
          [
            20.249906,
            44.834806
          ],
          [
            20.249816,
            44.834785
          ],
          [
            20.249741,
            44.834774
          ],
          [
            20.249656,
            44.834767
          ],
          [
            20.249563,
            44.834768
          ],
          [
            20.249456,
            44.834776
          ],
          [
            20.249356,
            44.834793
          ],
          [
            20.249285,
            44.834812
          ],
          [
            20.249219,
            44.834836
          ],
          [
            20.249161,
            44.834861
          ],
          [
            20.249094,
            44.834899
          ],
          [
            20.249051,
            44.834929
          ],
          [
            20.248994,
            44.834976
          ],
          [
            20.248948,
            44.83502
          ],
          [
            20.2489,
            44.835082
          ],
          [
            20.248866,
            44.83514
          ],
          [
            20.248846,
            44.835194
          ],
          [
            20.248827,
            44.835262
          ],
          [
            20.248825,
            44.835332
          ],
          [
            20.248835,
            44.835402
          ],
          [
            20.24885,
            44.83546
          ],
          [
            20.248882,
            44.835526
          ],
          [
            20.24891,
            44.835577
          ],
          [
            20.248948,
            44.835622
          ],
          [
            20.248992,
            44.835666
          ],
          [
            20.249056,
            44.835722
          ],
          [
            20.249124,
            44.835767
          ],
          [
            20.249199,
            44.835803
          ],
          [
            20.249291,
            44.835839
          ],
          [
            20.24938,
            44.835864
          ],
          [
            20.249485,
            44.835883
          ],
          [
            20.24959,
            44.835893
          ],
          [
            20.249706,
            44.835894
          ],
          [
            20.249804,
            44.835891
          ],
          [
            20.250107,
            44.835869
          ],
          [
            20.250886,
            44.835764
          ],
          [
            20.251679,
            44.835658
          ],
          [
            20.252084,
            44.835604
          ],
          [
            20.253118,
            44.835478
          ],
          [
            20.254404,
            44.835313
          ],
          [
            20.254687,
            44.835274
          ],
          [
            20.254996,
            44.83524
          ],
          [
            20.255217,
            44.835214
          ],
          [
            20.255453,
            44.835194
          ],
          [
            20.255772,
            44.835173
          ],
          [
            20.25602,
            44.835162
          ],
          [
            20.256283,
            44.835156
          ],
          [
            20.256519,
            44.835146
          ],
          [
            20.256818,
            44.835126
          ],
          [
            20.256952,
            44.83512
          ],
          [
            20.257419,
            44.835107
          ],
          [
            20.25836,
            44.835005
          ],
          [
            20.258915,
            44.834945
          ],
          [
            20.26001,
            44.834831
          ],
          [
            20.260554,
            44.834775
          ],
          [
            20.260959,
            44.834728
          ],
          [
            20.261363,
            44.834687
          ],
          [
            20.262938,
            44.834531
          ],
          [
            20.263419,
            44.83449
          ],
          [
            20.264601,
            44.834387
          ],
          [
            20.265495,
            44.834317
          ],
          [
            20.266962,
            44.834201
          ],
          [
            20.267856,
            44.834141
          ],
          [
            20.269134,
            44.834047
          ],
          [
            20.270154,
            44.833978
          ],
          [
            20.271414,
            44.8339
          ],
          [
            20.271923,
            44.833869
          ],
          [
            20.272916,
            44.833819
          ],
          [
            20.274676,
            44.833732
          ],
          [
            20.275139,
            44.833712
          ],
          [
            20.27567,
            44.833689
          ],
          [
            20.275903,
            44.833678
          ],
          [
            20.276671,
            44.833651
          ],
          [
            20.277115,
            44.833633
          ],
          [
            20.277599,
            44.833614
          ],
          [
            20.278299,
            44.833592
          ],
          [
            20.279134,
            44.833565
          ],
          [
            20.279775,
            44.833547
          ],
          [
            20.280878,
            44.83352
          ],
          [
            20.281699,
            44.833502
          ],
          [
            20.281945,
            44.833498
          ],
          [
            20.282692,
            44.833486
          ],
          [
            20.28339,
            44.833473
          ],
          [
            20.284154,
            44.833468
          ],
          [
            20.284889,
            44.833463
          ],
          [
            20.285037,
            44.833462
          ],
          [
            20.285837,
            44.833457
          ],
          [
            20.286537,
            44.833455
          ],
          [
            20.287615,
            44.833453
          ],
          [
            20.288391,
            44.833455
          ],
          [
            20.288462,
            44.833455
          ],
          [
            20.28951,
            44.833463
          ],
          [
            20.290815,
            44.83348
          ],
          [
            20.292456,
            44.833511
          ],
          [
            20.293599,
            44.833539
          ],
          [
            20.294351,
            44.83356
          ],
          [
            20.295222,
            44.833585
          ],
          [
            20.295643,
            44.833596
          ],
          [
            20.296966,
            44.833639
          ],
          [
            20.298028,
            44.833685
          ],
          [
            20.298898,
            44.833725
          ],
          [
            20.299819,
            44.833769
          ],
          [
            20.300921,
            44.833821
          ],
          [
            20.301939,
            44.833871
          ],
          [
            20.302889,
            44.833917
          ],
          [
            20.303479,
            44.833948
          ],
          [
            20.304235,
            44.833988
          ],
          [
            20.305063,
            44.834027
          ],
          [
            20.305426,
            44.834046
          ],
          [
            20.30594,
            44.834071
          ],
          [
            20.306115,
            44.834078
          ],
          [
            20.306485,
            44.834091
          ],
          [
            20.307372,
            44.834132
          ],
          [
            20.307845,
            44.834158
          ],
          [
            20.310241,
            44.834244
          ],
          [
            20.310834,
            44.834265
          ],
          [
            20.310844,
            44.834266
          ],
          [
            20.311292,
            44.834282
          ],
          [
            20.312423,
            44.834322
          ],
          [
            20.313772,
            44.834358
          ],
          [
            20.314126,
            44.834368
          ],
          [
            20.314782,
            44.834381
          ],
          [
            20.315295,
            44.834395
          ],
          [
            20.315688,
            44.834402
          ],
          [
            20.316309,
            44.834416
          ],
          [
            20.316866,
            44.834431
          ],
          [
            20.317633,
            44.834437
          ],
          [
            20.318732,
            44.834453
          ],
          [
            20.319565,
            44.834461
          ],
          [
            20.320888,
            44.834468
          ],
          [
            20.321517,
            44.834465
          ],
          [
            20.322241,
            44.834468
          ],
          [
            20.323062,
            44.834467
          ],
          [
            20.323764,
            44.834469
          ],
          [
            20.324419,
            44.834471
          ],
          [
            20.325285,
            44.834466
          ],
          [
            20.325683,
            44.83446
          ],
          [
            20.326535,
            44.834451
          ],
          [
            20.327267,
            44.834444
          ],
          [
            20.328147,
            44.834432
          ],
          [
            20.328649,
            44.834427
          ],
          [
            20.329255,
            44.834412
          ],
          [
            20.329912,
            44.834393
          ],
          [
            20.330585,
            44.834376
          ],
          [
            20.331138,
            44.834364
          ],
          [
            20.331586,
            44.834357
          ],
          [
            20.332233,
            44.834343
          ],
          [
            20.332998,
            44.834326
          ],
          [
            20.334014,
            44.834295
          ],
          [
            20.334489,
            44.834279
          ],
          [
            20.334916,
            44.834263
          ],
          [
            20.335984,
            44.834215
          ],
          [
            20.337452,
            44.83416
          ],
          [
            20.33779,
            44.834145
          ],
          [
            20.338215,
            44.834129
          ],
          [
            20.33949,
            44.83407
          ],
          [
            20.341408,
            44.833976
          ],
          [
            20.343436,
            44.833861
          ],
          [
            20.344326,
            44.833807
          ],
          [
            20.345564,
            44.83373
          ],
          [
            20.346131,
            44.833693
          ],
          [
            20.347003,
            44.833637
          ],
          [
            20.347443,
            44.833608
          ],
          [
            20.347576,
            44.833599
          ],
          [
            20.348598,
            44.833522
          ],
          [
            20.349031,
            44.833489
          ],
          [
            20.349713,
            44.833436
          ],
          [
            20.350545,
            44.833372
          ],
          [
            20.351595,
            44.833281
          ],
          [
            20.352306,
            44.833229
          ],
          [
            20.353282,
            44.833142
          ],
          [
            20.353895,
            44.833088
          ],
          [
            20.354437,
            44.833037
          ],
          [
            20.355318,
            44.832958
          ],
          [
            20.356167,
            44.832877
          ],
          [
            20.357122,
            44.832783
          ],
          [
            20.357852,
            44.83271
          ],
          [
            20.358075,
            44.832687
          ],
          [
            20.358478,
            44.832646
          ],
          [
            20.358622,
            44.832631
          ],
          [
            20.359744,
            44.83251
          ],
          [
            20.360688,
            44.83241
          ],
          [
            20.362396,
            44.832223
          ],
          [
            20.363235,
            44.832137
          ],
          [
            20.363758,
            44.832076
          ],
          [
            20.364445,
            44.831987
          ],
          [
            20.365212,
            44.831895
          ],
          [
            20.366185,
            44.83178
          ],
          [
            20.367209,
            44.831656
          ],
          [
            20.368349,
            44.831505
          ],
          [
            20.369124,
            44.831391
          ],
          [
            20.369673,
            44.831318
          ],
          [
            20.370263,
            44.831236
          ],
          [
            20.370518,
            44.831202
          ],
          [
            20.370749,
            44.83117
          ],
          [
            20.371078,
            44.831125
          ],
          [
            20.371152,
            44.831114
          ],
          [
            20.371293,
            44.831094
          ],
          [
            20.371976,
            44.830997
          ],
          [
            20.37301,
            44.830841
          ],
          [
            20.374022,
            44.830683
          ],
          [
            20.374496,
            44.830612
          ],
          [
            20.375354,
            44.830483
          ],
          [
            20.376318,
            44.830323
          ],
          [
            20.376729,
            44.830255
          ],
          [
            20.377054,
            44.830196
          ],
          [
            20.377221,
            44.830166
          ],
          [
            20.377729,
            44.830072
          ],
          [
            20.378546,
            44.829907
          ],
          [
            20.379234,
            44.829764
          ],
          [
            20.37989,
            44.829616
          ],
          [
            20.380308,
            44.829516
          ],
          [
            20.380775,
            44.829401
          ],
          [
            20.381377,
            44.829251
          ],
          [
            20.382253,
            44.829013
          ],
          [
            20.382861,
            44.828843
          ],
          [
            20.383755,
            44.828577
          ],
          [
            20.384357,
            44.828387
          ],
          [
            20.384596,
            44.828308
          ],
          [
            20.385477,
            44.828015
          ],
          [
            20.385962,
            44.827845
          ],
          [
            20.386759,
            44.827557
          ],
          [
            20.387305,
            44.827352
          ],
          [
            20.387818,
            44.827152
          ],
          [
            20.388575,
            44.826835
          ],
          [
            20.389195,
            44.826576
          ],
          [
            20.389949,
            44.826247
          ],
          [
            20.390172,
            44.826149
          ],
          [
            20.39099,
            44.825781
          ],
          [
            20.391534,
            44.825531
          ],
          [
            20.391727,
            44.825442
          ],
          [
            20.392458,
            44.825108
          ],
          [
            20.39332,
            44.824707
          ],
          [
            20.393515,
            44.824616
          ],
          [
            20.394017,
            44.824387
          ],
          [
            20.394611,
            44.824126
          ],
          [
            20.395325,
            44.823809
          ],
          [
            20.395779,
            44.823606
          ],
          [
            20.396526,
            44.823263
          ],
          [
            20.397465,
            44.822824
          ],
          [
            20.397533,
            44.822793
          ],
          [
            20.3982,
            44.82249
          ],
          [
            20.399028,
            44.822109
          ],
          [
            20.399946,
            44.82169
          ],
          [
            20.400911,
            44.821244
          ],
          [
            20.401636,
            44.820914
          ],
          [
            20.401931,
            44.820773
          ],
          [
            20.403214,
            44.820185
          ],
          [
            20.403265,
            44.820162
          ],
          [
            20.403579,
            44.820018
          ],
          [
            20.404439,
            44.819623
          ],
          [
            20.404884,
            44.81942
          ],
          [
            20.40546,
            44.819155
          ],
          [
            20.406914,
            44.818489
          ],
          [
            20.4074,
            44.818263
          ],
          [
            20.407911,
            44.818031
          ],
          [
            20.408014,
            44.817981
          ],
          [
            20.408987,
            44.817546
          ],
          [
            20.409548,
            44.817288
          ],
          [
            20.409839,
            44.817151
          ],
          [
            20.410249,
            44.816958
          ],
          [
            20.410751,
            44.816734
          ],
          [
            20.410998,
            44.816624
          ],
          [
            20.41151,
            44.816383
          ],
          [
            20.411642,
            44.816322
          ],
          [
            20.412128,
            44.816093
          ],
          [
            20.412568,
            44.815887
          ],
          [
            20.413073,
            44.81566
          ],
          [
            20.413472,
            44.815482
          ],
          [
            20.414032,
            44.815227
          ],
          [
            20.4146,
            44.814968
          ],
          [
            20.41581,
            44.814417
          ],
          [
            20.416005,
            44.814229
          ],
          [
            20.416307,
            44.814047
          ],
          [
            20.416552,
            44.813875
          ],
          [
            20.416726,
            44.813709
          ],
          [
            20.416971,
            44.813596
          ],
          [
            20.417529,
            44.813339
          ],
          [
            20.417646,
            44.813251
          ],
          [
            20.417718,
            44.813174
          ],
          [
            20.417783,
            44.813094
          ],
          [
            20.417787,
            44.813057
          ],
          [
            20.417797,
            44.813023
          ],
          [
            20.417853,
            44.812934
          ],
          [
            20.417906,
            44.81289
          ],
          [
            20.417973,
            44.812858
          ],
          [
            20.41805,
            44.812834
          ],
          [
            20.418143,
            44.812817
          ],
          [
            20.418234,
            44.812821
          ],
          [
            20.418304,
            44.812832
          ],
          [
            20.41837,
            44.812849
          ],
          [
            20.418456,
            44.812894
          ],
          [
            20.418537,
            44.812952
          ],
          [
            20.418682,
            44.813071
          ],
          [
            20.418762,
            44.81316
          ],
          [
            20.418843,
            44.813285
          ],
          [
            20.418883,
            44.813368
          ],
          [
            20.418908,
            44.813445
          ],
          [
            20.418919,
            44.813511
          ],
          [
            20.418901,
            44.813564
          ],
          [
            20.418875,
            44.813615
          ],
          [
            20.418892,
            44.813714
          ],
          [
            20.418909,
            44.813779
          ],
          [
            20.418943,
            44.813844
          ],
          [
            20.41906,
            44.813972
          ],
          [
            20.419411,
            44.814355
          ],
          [
            20.419687,
            44.814666
          ],
          [
            20.419736,
            44.814721
          ],
          [
            20.419832,
            44.814828
          ],
          [
            20.41995,
            44.814961
          ],
          [
            20.420344,
            44.815402
          ],
          [
            20.420557,
            44.815641
          ],
          [
            20.420645,
            44.815739
          ],
          [
            20.420776,
            44.815886
          ],
          [
            20.420891,
            44.816015
          ],
          [
            20.420914,
            44.81604
          ],
          [
            20.420994,
            44.816129
          ],
          [
            20.421235,
            44.816388
          ],
          [
            20.421318,
            44.816477
          ],
          [
            20.421494,
            44.816671
          ],
          [
            20.421502,
            44.816681
          ],
          [
            20.421759,
            44.816968
          ],
          [
            20.421783,
            44.816995
          ],
          [
            20.421883,
            44.817106
          ],
          [
            20.421993,
            44.817228
          ],
          [
            20.422326,
            44.817589
          ],
          [
            20.422656,
            44.817946
          ],
          [
            20.422899,
            44.818229
          ],
          [
            20.422958,
            44.818297
          ],
          [
            20.423063,
            44.818414
          ],
          [
            20.423168,
            44.818529
          ],
          [
            20.423214,
            44.818581
          ],
          [
            20.423458,
            44.81885
          ],
          [
            20.423659,
            44.819073
          ],
          [
            20.42374,
            44.819123
          ],
          [
            20.423863,
            44.81917
          ],
          [
            20.423937,
            44.819184
          ],
          [
            20.424015,
            44.8192
          ],
          [
            20.424131,
            44.819196
          ],
          [
            20.424201,
            44.819194
          ],
          [
            20.424345,
            44.819128
          ],
          [
            20.425594,
            44.818568
          ],
          [
            20.425984,
            44.818394
          ],
          [
            20.427054,
            44.817914
          ],
          [
            20.427847,
            44.817558
          ],
          [
            20.427978,
            44.817499
          ],
          [
            20.428098,
            44.817445
          ],
          [
            20.428302,
            44.817351
          ],
          [
            20.428324,
            44.817341
          ],
          [
            20.428706,
            44.817165
          ],
          [
            20.430031,
            44.816555
          ],
          [
            20.430225,
            44.816469
          ],
          [
            20.430822,
            44.816204
          ],
          [
            20.431445,
            44.815925
          ],
          [
            20.432341,
            44.815524
          ],
          [
            20.432795,
            44.815334
          ],
          [
            20.433248,
            44.815168
          ],
          [
            20.434048,
            44.814911
          ],
          [
            20.434178,
            44.814869
          ],
          [
            20.434303,
            44.814829
          ],
          [
            20.434586,
            44.814745
          ],
          [
            20.434708,
            44.814711
          ],
          [
            20.434987,
            44.814643
          ],
          [
            20.435162,
            44.814602
          ],
          [
            20.435324,
            44.814566
          ],
          [
            20.435753,
            44.814478
          ],
          [
            20.435983,
            44.814434
          ],
          [
            20.436245,
            44.814392
          ],
          [
            20.436539,
            44.814348
          ],
          [
            20.436668,
            44.814333
          ],
          [
            20.436755,
            44.814326
          ],
          [
            20.43699,
            44.814311
          ],
          [
            20.437364,
            44.8143
          ],
          [
            20.437858,
            44.814297
          ],
          [
            20.438076,
            44.814296
          ],
          [
            20.438368,
            44.814303
          ],
          [
            20.438435,
            44.814303
          ],
          [
            20.43849,
            44.814303
          ],
          [
            20.438633,
            44.8143
          ],
          [
            20.438786,
            44.814281
          ],
          [
            20.438911,
            44.814259
          ],
          [
            20.438949,
            44.814223
          ],
          [
            20.438994,
            44.814192
          ],
          [
            20.439047,
            44.814168
          ],
          [
            20.439099,
            44.814151
          ],
          [
            20.439154,
            44.814141
          ],
          [
            20.439211,
            44.814137
          ],
          [
            20.439267,
            44.81414
          ],
          [
            20.439323,
            44.814149
          ],
          [
            20.439375,
            44.814164
          ],
          [
            20.439418,
            44.814181
          ],
          [
            20.439456,
            44.814203
          ],
          [
            20.43949,
            44.814228
          ],
          [
            20.439519,
            44.814256
          ],
          [
            20.439542,
            44.814287
          ],
          [
            20.439559,
            44.81432
          ],
          [
            20.439704,
            44.814339
          ],
          [
            20.440247,
            44.814389
          ],
          [
            20.440605,
            44.814422
          ],
          [
            20.440812,
            44.814442
          ],
          [
            20.44119,
            44.814478
          ],
          [
            20.441408,
            44.814489
          ],
          [
            20.442984,
            44.81457
          ],
          [
            20.445379,
            44.814698
          ],
          [
            20.448014,
            44.814826
          ],
          [
            20.448807,
            44.814864
          ],
          [
            20.45028,
            44.814935
          ],
          [
            20.450856,
            44.814963
          ],
          [
            20.451273,
            44.814983
          ],
          [
            20.451465,
            44.814988
          ],
          [
            20.45158,
            44.814961
          ],
          [
            20.451798,
            44.814894
          ],
          [
            20.451843,
            44.81488
          ],
          [
            20.451936,
            44.814856
          ],
          [
            20.452031,
            44.814834
          ],
          [
            20.452141,
            44.814812
          ],
          [
            20.452257,
            44.814794
          ],
          [
            20.45239,
            44.814779
          ],
          [
            20.45253,
            44.814765
          ],
          [
            20.45273,
            44.814752
          ],
          [
            20.452879,
            44.81473
          ],
          [
            20.452921,
            44.814719
          ],
          [
            20.452968,
            44.814703
          ],
          [
            20.453014,
            44.814685
          ],
          [
            20.453052,
            44.814663
          ],
          [
            20.453098,
            44.814624
          ],
          [
            20.453152,
            44.814574
          ],
          [
            20.453186,
            44.814476
          ],
          [
            20.453183,
            44.814442
          ],
          [
            20.453178,
            44.814422
          ],
          [
            20.45317,
            44.814401
          ],
          [
            20.453147,
            44.814387
          ],
          [
            20.453131,
            44.814369
          ],
          [
            20.453128,
            44.814357
          ],
          [
            20.453106,
            44.814338
          ],
          [
            20.453089,
            44.814328
          ],
          [
            20.453071,
            44.81432
          ],
          [
            20.453025,
            44.814302
          ],
          [
            20.452971,
            44.814302
          ],
          [
            20.452776,
            44.814299
          ],
          [
            20.452721,
            44.814306
          ],
          [
            20.452671,
            44.814315
          ],
          [
            20.452575,
            44.814337
          ],
          [
            20.452498,
            44.814359
          ],
          [
            20.45234,
            44.81441
          ],
          [
            20.452078,
            44.814494
          ],
          [
            20.451428,
            44.814692
          ],
          [
            20.451413,
            44.814697
          ],
          [
            20.451286,
            44.814731
          ],
          [
            20.45114,
            44.814776
          ],
          [
            20.451084,
            44.814795
          ],
          [
            20.451051,
            44.814809
          ],
          [
            20.451006,
            44.814828
          ],
          [
            20.450958,
            44.814852
          ],
          [
            20.450929,
            44.81487
          ],
          [
            20.450904,
            44.814891
          ],
          [
            20.450688,
            44.815248
          ],
          [
            20.450681,
            44.815259
          ],
          [
            20.450642,
            44.815314
          ],
          [
            20.450505,
            44.815431
          ],
          [
            20.450432,
            44.815495
          ],
          [
            20.450399,
            44.81553
          ],
          [
            20.450366,
            44.815575
          ],
          [
            20.450344,
            44.815615
          ],
          [
            20.450189,
            44.815938
          ],
          [
            20.450169,
            44.81598
          ],
          [
            20.45017,
            44.815992
          ],
          [
            20.450165,
            44.816052
          ],
          [
            20.450158,
            44.816097
          ],
          [
            20.450122,
            44.816233
          ],
          [
            20.450085,
            44.816333
          ],
          [
            20.449954,
            44.816686
          ],
          [
            20.449913,
            44.816814
          ],
          [
            20.449889,
            44.816906
          ],
          [
            20.449865,
            44.817004
          ],
          [
            20.449861,
            44.817024
          ],
          [
            20.449854,
            44.817063
          ],
          [
            20.449838,
            44.817148
          ],
          [
            20.449792,
            44.817426
          ],
          [
            20.449749,
            44.817685
          ],
          [
            20.449734,
            44.817772
          ],
          [
            20.449671,
            44.818228
          ],
          [
            20.449659,
            44.81832
          ],
          [
            20.449657,
            44.818337
          ],
          [
            20.449652,
            44.818392
          ],
          [
            20.449642,
            44.818488
          ],
          [
            20.449623,
            44.818607
          ],
          [
            20.449623,
            44.818668
          ],
          [
            20.449641,
            44.818765
          ],
          [
            20.44968,
            44.819039
          ],
          [
            20.449774,
            44.819633
          ],
          [
            20.449783,
            44.819705
          ],
          [
            20.449783,
            44.819745
          ],
          [
            20.449781,
            44.819776
          ],
          [
            20.449853,
            44.819774
          ],
          [
            20.449911,
            44.819768
          ],
          [
            20.449961,
            44.819753
          ],
          [
            20.45004,
            44.819706
          ],
          [
            20.450139,
            44.819647
          ],
          [
            20.450262,
            44.819581
          ],
          [
            20.450312,
            44.819549
          ],
          [
            20.450363,
            44.819513
          ],
          [
            20.45042,
            44.819469
          ],
          [
            20.450473,
            44.819421
          ],
          [
            20.450688,
            44.819185
          ],
          [
            20.451003,
            44.818825
          ],
          [
            20.451137,
            44.81867
          ],
          [
            20.451156,
            44.818644
          ],
          [
            20.451214,
            44.818567
          ],
          [
            20.451321,
            44.818408
          ],
          [
            20.451436,
            44.818247
          ],
          [
            20.45149,
            44.818175
          ],
          [
            20.451534,
            44.818121
          ],
          [
            20.451591,
            44.818058
          ],
          [
            20.451639,
            44.818007
          ],
          [
            20.451707,
            44.817944
          ],
          [
            20.451846,
            44.817841
          ],
          [
            20.452141,
            44.817606
          ],
          [
            20.452229,
            44.817667
          ],
          [
            20.452672,
            44.817975
          ]
        ]
      }
    }
  ]
}